-- База данных behest (сайт "Наследие")
-- Требования в Требования.txt
-- Здесь минимум, поэтому решил пока не переносить в отдельный репозиторий.
-- Сделаю здесь, позже перенесу и буду дорабатывать.
-- В папке "Нормативная база" некоторые нормативные и справочные источники.
-- Сначала запустить filldb.sql.

drop database if exists behest;
create database behest;
use behest;

-- Роли пользователя определяют права доступа к разделам сайта.
DROP TABLE IF EXISTS roles;
CREATE TABLE roles (
    id INT UNSIGNED NOT NULL AUTO_INCREMENT PRIMARY KEY COMMENT "Идентификатор роли",
    name VARCHAR(255) NOT NULL UNIQUE COMMENT "Наименование роли",
    created_at TIMESTAMP DEFAULT CURRENT_TIMESTAMP COMMENT "Дата создания записи",
    updated_at TIMESTAMP DEFAULT CURRENT_TIMESTAMP ON UPDATE CURRENT_TIMESTAMP COMMENT "Дата последней правки записи"
) COMMENT = "Роли пользователя в системе";

DROP TABLE IF EXISTS users;
CREATE TABLE users (
    id INT UNSIGNED NOT NULL AUTO_INCREMENT PRIMARY KEY COMMENT "Идентификатор учетной записи пользователя",
    name VARCHAR(255) NOT NULL UNIQUE COMMENT "Наименование учетной записи пользователя",
    email VARCHAR(255) NOT NULL UNIQUE COMMENT "Электронная почта пользователя",
    email_confirmed BOOLEAN NOT NULL DEFAULT 0 COMMENT "Подтвержение электронной почты пользователя",
    phone VARCHAR(64) NOT NULL COMMENT "Телефон пользователя",
    phone_confirmed BOOLEAN NOT NULL DEFAULT 0 COMMENT "Подтвержение телефона пользователя",
    password_hash VARCHAR(1024) COMMENT "Хэш пароля пользователя",
    blocked BOOLEAN NOT NULL DEFAULT 0 COMMENT "Блокировка учетной записи пользователя",
    created_at TIMESTAMP DEFAULT CURRENT_TIMESTAMP COMMENT "Дата создания записи",
    updated_at TIMESTAMP DEFAULT CURRENT_TIMESTAMP ON UPDATE CURRENT_TIMESTAMP COMMENT "Дата последней правки записи"
) COMMENT = "Учетная запись пользователя";

DROP TABLE IF EXISTS user_roles;
CREATE TABLE user_roles (
    user_id INT UNSIGNED NOT NULL COMMENT "Идентификатор учетной записи пользователя",
    role_id INT UNSIGNED NOT NULL COMMENT "Идентификатор роли",
    PRIMARY KEY (user_id, role_id),
    CONSTRAINT user_roles_user_id_fk FOREIGN KEY (user_id) REFERENCES users (id) ON DELETE NO ACTION ON UPDATE CASCADE,
    CONSTRAINT user_roles_role_id_fk FOREIGN KEY (role_id) REFERENCES roles (id) ON DELETE NO ACTION ON UPDATE CASCADE
) COMMENT = "Назначение роли учетной записи пользователя";

DROP TABLE IF EXISTS media_types;
CREATE TABLE media_types (
    id INT UNSIGNED NOT NULL AUTO_INCREMENT PRIMARY KEY COMMENT "Идентификатор типа медиа файла",
    name VARCHAR(255) NOT NULL UNIQUE COMMENT "Наименование типа медиа файла",
    created_at TIMESTAMP DEFAULT CURRENT_TIMESTAMP COMMENT "Дата создания записи",
    updated_at TIMESTAMP DEFAULT CURRENT_TIMESTAMP ON UPDATE CURRENT_TIMESTAMP COMMENT "Дата последней правки записи"
) COMMENT = "Типы медиа файлов";

-- После загрузки файла высчитываем его хэш. Если такой хэш уже присутствует в базе, 
-- значит этот файл уже закачивался, поэтому файл не сохраняем на сетевой ресурс. 
-- В любом случае в таблицу media передаем хэш файла, даже файл с таким хэшем уже существует.
-- Таким образом получается, что одному хэшу соответствует несколько записей медиа, с разными названиями, 
-- но одним файлом.
-- Хэш нужен для того, чтобы не хранить идентичные файлы на диске. Если исходный файл был изменен,
-- то он сохраняется под другим хэшем и это уже абсолютно другой файл. Это связано с тем, что
-- пользователи могут загрузить одни и те же картинки, например, котиков. Хэшем мы отсекаем дубликаты файлов.
-- Это существенно для бюджетных хостингов, когда дискового пространства мало, экономия получается до 40%.
DROP TABLE IF EXISTS files;
CREATE TABLE files (
    hash VARCHAR(128) NOT NULL PRIMARY KEY COMMENT "Хэш медиа файла",
    file_name VARCHAR(255) NOT NULL UNIQUE COMMENT "Путь медиа файла",
    created_at TIMESTAMP DEFAULT CURRENT_TIMESTAMP COMMENT "Дата создания записи",
    updated_at TIMESTAMP DEFAULT CURRENT_TIMESTAMP ON UPDATE CURRENT_TIMESTAMP COMMENT "Дата последней правки записи"
) COMMENT = "Путь к файлу";

DROP TABLE IF EXISTS media;
CREATE TABLE media (
    id INT UNSIGNED NOT NULL AUTO_INCREMENT PRIMARY KEY COMMENT "Идентификатор медиа файла",
    name VARCHAR(255) NOT NULL UNIQUE COMMENT "Понятное Наименование медиа файла",
    description VARCHAR(1024) NOT NULL UNIQUE COMMENT "Понятное описание медиа файла",
    media_type_id INT UNSIGNED NOT NULL COMMENT "Идентификатор типа медиа файла",
    user_id INT UNSIGNED NOT NULL COMMENT "Идентификатор собственника медиа файла",
    size INT UNSIGNED NOT NULL COMMENT "Размер медиа файла",
    metadata JSON COMMENT "Метаданные медиа файла",
    files_hash VARCHAR(128) NOT NULL COMMENT "Идентификатор файла",
    created_at TIMESTAMP DEFAULT CURRENT_TIMESTAMP COMMENT "Дата создания записи",
    updated_at TIMESTAMP DEFAULT CURRENT_TIMESTAMP ON UPDATE CURRENT_TIMESTAMP COMMENT "Дата последней правки записи",
    CONSTRAINT media_media_type_id_fk FOREIGN KEY (media_type_id) REFERENCES media_types (id) ON DELETE NO ACTION ON UPDATE CASCADE,
    CONSTRAINT media_files_hash_fk FOREIGN KEY (files_hash) REFERENCES files (hash) ON DELETE NO ACTION ON UPDATE CASCADE
) comment = "Метаданные медиа файла";

DROP TABLE IF EXISTS profiles;
CREATE TABLE profiles (
    user_id INT UNSIGNED NOT NULL PRIMARY KEY COMMENT "Идентификатор пользователя",
    last_name VARCHAR(100) NOT NULL COMMENT "Фамилия",
    first_name VARCHAR(100) NOT NULL COMMENT "Имя",
    middle_name VARCHAR(100) NOT NULL COMMENT "Отчество",
    gender CHAR(1) NOT NULL COMMENT "Пол",
    birthday DATE COMMENT "Дата рождения",
    hometown VARCHAR(100) COMMENT "Город",
    photo_id INT UNSIGNED NOT NULL COMMENT "Идентификатор аватарки",
    metadata JSON COMMENT "Метаданные профиля пользователя",
    created_at TIMESTAMP DEFAULT CURRENT_TIMESTAMP COMMENT "Дата создания записи",
    updated_at TIMESTAMP DEFAULT CURRENT_TIMESTAMP ON UPDATE CURRENT_TIMESTAMP COMMENT "Дата последней правки записи",
    CONSTRAINT profiles_user_id_fk FOREIGN KEY (user_id) REFERENCES users (id) ON DELETE NO ACTION ON UPDATE CASCADE,
    CONSTRAINT profiles_photo_id_fk FOREIGN KEY (photo_id) REFERENCES media (id) ON DELETE NO ACTION ON UPDATE CASCADE
) comment = "Профиль пользователя";

-- Делаю пока только один классификатор. Для простоты выбрал ББК, так как данные проще обработать.
DROP TABLE IF EXISTS BBK;
CREATE TABLE BBK (
    id INT UNSIGNED NOT NULL AUTO_INCREMENT PRIMARY KEY COMMENT "Идентификатор раздела классификатора ББК",
    name VARCHAR(255) NOT NULL COMMENT "Наименование раздела классификатора ББК",
    created_at TIMESTAMP DEFAULT CURRENT_TIMESTAMP COMMENT "Дата создания записи",
    updated_at TIMESTAMP DEFAULT CURRENT_TIMESTAMP ON UPDATE CURRENT_TIMESTAMP COMMENT "Дата последней правки записи"
) COMMENT = "Классификатор ББК";

DROP TABLE IF EXISTS BBK_faset;
CREATE TABLE BBK_faset (
    parent_id INT UNSIGNED NOT NULL COMMENT "Идентификатор родительского раздела",
    child_id INT UNSIGNED NOT NULL COMMENT "Идентификатор родительского раздела",
    operator VARCHAR(12) NOT NULL COMMENT "Оператор соединения раздела классификатора ББК",
    CONSTRAINT BBK_faset_parent_id_fk FOREIGN KEY (parent_id) REFERENCES BBK (id) ON DELETE NO ACTION ON UPDATE CASCADE,
    CONSTRAINT BBK_faset_child_id_fk FOREIGN KEY (child_id) REFERENCES BBK (id) ON DELETE NO ACTION ON UPDATE CASCADE
) COMMENT = "Соединение разделов ББК";

INSERT INTO roles (name) VALUES
('admin'),
('user'),
('author'),
('moderator'),
('owner'),
('redactor'),
('expert'); 

INSERT INTO users (name, email, email_confirmed, phone, phone_confirmed, password_hash, blocked) VALUES
('gaylord.darrion','geovanny.gaylord@example.com',0,'+30(5)3202100932',0,'f9e20680e58746a1f959bcc95d501ac6347c308e',0),
('carolyn94','jacobs.bill@example.com',0,'(493)284-7081x5855',0,'15e1fc6310bf18a9ce96f4ce1cb32e42feca1111',0),
('rkihn','rosina.o\'hara@example.net',0,'1-074-109-2670',1,'1bf6f593147a7d0fcd679a34bc2478afccdb28be',1),
('beth47','ro\'conner@example.com',0,'1-299-512-8910x528',0,'833b37eb01e739f2dfb314a0bbc890d7cb60b475',0),
('gzemlak','jessie48@example.org',0,'(198)720-3901',0,'fc37680d578dddfcebe292f2a6297a198b46cca2',1),
('bhowell','fbartell@example.com',1,'933-131-5290',0,'2552d173976fbbaea308b23bd4571be4a2f9a125',1),
('darien.muller','mbartoletti@example.com',1,'+42(4)8528535202',0,'4ec677d76e1a222a1d5fbfffa76cc4944e58368e',0),
('stephon.quigley','ulang@example.net',1,'921-614-8557x24206',0,'99dc587f896427deb25ce2983ac427ef90f8e7fe',1),
('amitchell','stroman.may@example.org',1,'(551)385-6334x2651',1,'28d70c6509b27a4c5dd517743a9e4640fdedb91e',1),
('vita05','bkrajcik@example.org',1,'069-492-2493x870',0,'59eb760d20c4e776094836f93eb4fcc38b1dfcd8',0),
('hbarrows','vbeier@example.com',0,'752.024.5557',1,'60a462f6011cc362fe9233cd00d8d465738444b5',1),
('carter.gregoria','ricardo.kris@example.org',0,'892-653-3700',1,'017375b1ee80312f7088b95be759659f6c6312c4',0),
('mathilde24','smarquardt@example.net',1,'(329)445-9798x33577',0,'6f6cea0b97eaf12126d27f873d3cfdad854203b8',1),
('mweissnat','stokes.tara@example.net',0,'564.191.9322',0,'f13621910cb2cc3210498981a60816cbaab555d6',1),
('howard75','nhermann@example.com',1,'1-774-429-1992',0,'955bbc0809796830b2e1c63b8f1b6acf1f1809f0',0),
('buford89','perry.grady@example.com',0,'(837)676-5197x98989',0,'0452d52c471a148de86487bec0d2e4af7daadaba',0),
('keebler.jedidiah','jayne98@example.com',1,'1-522-876-5759',1,'44a0844a708c71164f145a6eeb89ff382b800214',0),
('raven18','auer.casey@example.com',1,'589.514.8447x258',1,'7f89fc22598432fd0600d8bcdb717d143c5bfabf',1),
('hdubuque','vada61@example.com',1,'616-418-8840',0,'d4c6bbac410ad5e7094b4804e53fdb0db63bb8dd',0),
('lemke.roosevelt','padberg.claudine@example.net',0,'1-034-846-2814',0,'8d50a1a9b43785159c6b6d1aa1b9c89fdbec50c1',1),
('brakus.noelia','devon79@example.net',1,'08252825059',1,'4d4eede24cd6de635e94c57dd81e1fc7ed68290d',1),
('misael.kuhlman','jeremy.johnson@example.com',0,'977.937.4400x7748',0,'5a4c19eddb81d3e4c324468b4c006f7137fb8c24',0),
('zwaters','xhermann@example.com',0,'1-160-330-9525x127',0,'9d94167172bb383018fb9d5f90d3b3af00279c4d',0),
('rowena33','maymie.schmidt@example.org',0,'+64(0)2068940909',0,'83d2a432b2424fb66214b8474a4602027ca751da',1),
('reichert.kaley','autumn11@example.org',0,'281.083.3422',1,'eb83d61c5b327a31a8f4cd255d32570577b167a2',0),
('hilpert.gussie','ulises.moore@example.net',1,'923-247-0829x5002',0,'7cc3d720b978a77261db5cbe8377de89ca2a3d75',1),
('helena98','neil37@example.org',1,'+20(1)1645489553',1,'d184bdc8751279af5d2aaf363659dd27662de5e5',0),
('julien47','will89@example.com',0,'(270)877-2136x5984',0,'faa4544d1f8879ae94ef2ad07f0c8d1ce0e4db8f',0),
('bell.pfeffer','hoppe.haylie@example.org',0,'1-941-144-2285x35081',1,'e52baf2770254baa0052e2b925dabd6f37a6ac16',0),
('wo\'reilly','oda.mayer@example.net',0,'+36(6)8787404448',0,'bb4f061363de520b66c91295992e9b4841180618',0),
('ullrich.merritt','bettie25@example.org',1,'132-404-7238x118',1,'8472b2290e39141a006ca3491259d8d7f2fc72da',1),
('laverna.auer','gstark@example.com',1,'01230480109',0,'07edd918acf849b1e10b574fcd547d27c0eff4e9',0),
('grimes.estevan','antonio68@example.com',0,'368.319.3572x03162',0,'92131a7fab23a948d99eae846ff1e365e14573b6',1),
('arnaldo.runolfsdottir','jsanford@example.net',1,'733-644-7769x3647',0,'6a3744d5a547a163683ba4145b156f210820dddc',1),
('evie.bradtke','wjacobs@example.com',1,'+62(4)8773130356',0,'e3f878a4662afa55cfe8b9211a358a2a71ee5212',1),
('leanne.rempel','dietrich.taryn@example.com',1,'(041)105-9395x130',0,'2b0cae802b9217db8c0376ce5a9bc7a3fbedc9c7',1),
('vicky.jakubowski','rowe.athena@example.net',0,'+18(8)5236787371',0,'3618527fc4eec86ac1a37cfe3a1d1efcf0f21ccb',1),
('barrett98','barbara31@example.net',0,'370.129.8190',1,'bbadae5fd0114a33ee25636bd77dcebabc50d61a',0),
('pkovacek','kuphal.francesco@example.net',0,'1-824-600-6210x464',1,'8f699b7d448ce20983b84080bf83e74f3b47f202',1),
('theresia57','zmurray@example.com',0,'+92(0)9355034702',0,'3767f48a0bb85fae6ce28e71cd4bf9f33078f428',1),
('christiansen.tyreek','carolanne61@example.org',1,'1-031-100-1583x835',0,'91f68dd64c787144c9bf92d6ab2cb4517cbddccb',0),
('grady.gabriella','nmarks@example.org',1,'1-467-136-2908x004',0,'04d165d190e7ad93662a6cc258e05d28db967e33',0),
('fhirthe','giovanni.west@example.com',1,'06269722776',0,'a4a113345abbd1def121e8d89441daa7e8e7966a',0),
('jess.oberbrunner','kailey59@example.net',1,'1-330-703-8674x3490',0,'10bf1ca277638b67b435451c15a34bded500f347',0),
('ethel34','ismael.ruecker@example.org',1,'888.604.4778',1,'7da2fa0af16f5d4d0c16546fdbf53b151f86cf4d',0),
('wuckert.lenna','uhickle@example.org',1,'833-867-2605',1,'443a6b144417d0b5433217d53cf417b9fc2f2083',1),
('blick.elwin','noemie.sawayn@example.net',1,'(167)337-9308x500',0,'7ef7ab288dae57d2c6f79ff33a92e9e40db28d7d',0),
('rkirlin','xkertzmann@example.org',0,'1-222-479-0636x289',1,'449e703fd301f1273cc15ce030a0cc1b6b045cc4',1),
('kevon86','alfred.crist@example.net',1,'744.300.5489',0,'e213f0cfc1d2a6316d88cc1c52ffada029b8eb28',0),
('svolkman','pschinner@example.net',1,'(602)444-7012x97120',0,'d5fe288ce48074c6b88efeb683b75622be2b5d9d',1),
('marks.dee','eernser@example.net',0,'(128)759-2879x098',1,'6d748e3c31c7232840449dce89e76cb6199a0ec1',1),
('tzemlak','everette74@example.org',0,'1-031-458-8605x2728',0,'54f0dc398163c98713be35d06d1825bcc79c93df',0),
('lindsey.abshire','sheila.pouros@example.org',0,'(300)612-3674x67611',0,'fe3470280600af674394d5a4ae778ee52ed30f12',0),
('vonrueden.ellsworth','hledner@example.net',1,'(932)707-1415',1,'b31013a2f467b4f496c7cff8e10735455dff1ed8',1),
('maximilian25','wsmitham@example.com',0,'+15(5)9216987263',0,'d2c6963f875092b4167c26aa5519e56f5d59a9b7',0),
('boyer.cyril','xkris@example.com',1,'(330)773-4848x69920',0,'b7bdb7518bf407b7113f03b74a289a9bd38c3cfe',0),
('liliane04','oswift@example.com',0,'09283051481',1,'81f63245561863b9aecac70da592cb0d7d9086a5',0),
('yrunolfsson','ybogisich@example.org',0,'1-483-457-2630x642',1,'d4676a4e145bde7012804c47570f1244cc0a69bd',0),
('emmanuelle92','rickey50@example.org',0,'107.297.9041x531',1,'d8a4c2c15a2709573b79f52286091b5ae6bc612e',1),
('ukoepp','seth64@example.com',0,'675.397.2731x35315',1,'a16eb7efe677431c00fa3bc1761fc2c9304be84d',1),
('vhomenick','lisette96@example.org',0,'1-334-084-8897',0,'e1344f4509d402c90635ad66acdf04234c7be786',0),
('kkohler','melissa15@example.net',0,'+60(8)4133455598',0,'40e272003f624ad6042a3098523dd98dc15f1850',0),
('sherman70','dusty.kreiger@example.net',0,'+85(8)3187977043',1,'a9378bb6c691e3d6bd420ab9d0c24db414f53a98',0),
('tressa.yost','mclaughlin.van@example.com',1,'1-061-239-0088',0,'77ac6f7ecaa619e0385eca2d9cceef33c982f534',0),
('rosemarie59','kaycee.hoeger@example.org',0,'303-962-7491x5882',1,'253bf57b76eb4e83ff9bc400078aba4b6883f043',1),
('botsford.hildegard','ashtyn42@example.org',0,'1-685-176-1320x396',0,'037c2d5caecfc9385c5844fd251db420562a9c1f',0),
('fpagac','jovany.herman@example.net',1,'966.004.2703',1,'a1f738d132b907f40da49890cd1456683bb82304',1),
('nswift','ykonopelski@example.org',0,'521-754-7839x63409',1,'2334b1492f54c2c7968c7aa168b60f5018a042af',0),
('chase.romaguera','romaguera.jovan@example.net',0,'(878)282-9732x17759',0,'aaae1999b5e5d6404cd1ad8935e733b3cec80cde',0),
('lesch.thaddeus','veum.cloyd@example.org',0,'040-959-8782x15070',0,'7b6119470d7974acd1a9f2eeeb3efc70c0f548f2',0),
('charity.ziemann','kihn.tanya@example.com',0,'542.416.4393x8658',0,'77d1bb1a70c2a70cbed355384898d0f9ea1786d4',0),
('emiller','golden31@example.com',0,'(734)475-8896',0,'5defad6fe1f106516a05ab9aa37e221425affeb2',1),
('cschulist','qlittle@example.org',0,'690.606.9333x24291',0,'103d6f60fc3ea28d691f1370bf4d03904ac33453',0),
('hassie.hegmann','kschneider@example.net',1,'1-683-116-6767',0,'9567bd4910467844ebf8facb59f905ef92e7f197',1),
('rosina06','farrell.waino@example.net',0,'1-246-097-3941x948',0,'92b3f32e0f9a2263df2598973f2c95a8f7a4b038',0),
('glover.jaquelin','lue05@example.com',0,'(817)712-8410x350',0,'c561767024da899a62cad3e187a65defc12a8060',0),
('johnson.emard','elizabeth.sawayn@example.net',0,'05121798574',1,'9346bc867be30b800e992ede2de258362883a143',1),
('ashley.mccullough','qmurazik@example.net',0,'09968145482',0,'81702db26305e64141ab63902a3052cebc3f63fb',1),
('davis.jack','runte.coy@example.net',1,'(047)926-7100x47218',0,'76f596bd3e9fef45705640ffd30bc00468852351',1),
('friesen.hal','brown.elisha@example.com',1,'253-777-9624x9899',0,'218929c276dd27b7ad5b526e91a4885c0ac7dae6',1),
('jgutkowski','douglas.balistreri@example.net',0,'1-114-917-4891x995',0,'d12f832ca0ed181f0404c45336e6fb5b1aa95f47',1),
('hmills','virginie.klocko@example.com',1,'312-579-9583',1,'7ae88bb094860d40a9ff91f9a87923fc61562cb1',1),
('earnest.mitchell','frami.kaitlin@example.com',0,'1-956-587-7130x74786',1,'1b6544b0c845bd73ea25062bd703e77a9005ec24',0),
('wuckert.tressie','deron.douglas@example.com',0,'691-504-5400x26633',0,'1a89902d2704135df178332336fe91274c9ea6d2',0),
('gideon96','sammie49@example.net',0,'1-293-688-7574x21453',1,'52d88129d7b422173f140e3635bb82ae5ed30b5b',1),
('brooke50','christopher31@example.org',0,'1-988-631-9593x45970',1,'32af62890271e69506be46049faad7c9b65e9ec3',0),
('ncarter','edyth.corwin@example.com',1,'(503)185-8604x5247',0,'846600dccd4940ed3c468d23235aa4cbe86b83f2',1),
('emilia38','gerardo.lubowitz@example.org',1,'299.199.7892x7162',1,'a1af22b2d6ea85281ff34bc021e3d95cf1f71d53',0),
('ghilll','oboyer@example.net',1,'509.326.0532x684',0,'f4823aeb45f91e4e2e6179e0d37281db949b1c1f',0),
('arlie.dickens','ezequiel.turner@example.net',1,'06499730347',0,'3ef8e78d156dc444ced7c3ea6825793c1d1281eb',0),
('pgerhold','casandra80@example.org',1,'(170)250-7785x53650',1,'27e65b3d981ce2e6e2ce6bb0d349e645c0475ccf',1),
('vhamill','collier.eliseo@example.com',1,'619-417-1142',1,'4764c7bc8390bfa9ed86e26521d02147c115deec',1),
('dawson.pollich','mariana.haag@example.com',1,'426-906-9870',1,'01c4f9363497c464967a89077037cbb016c6dd53',1),
('qyundt','hanna.rogahn@example.net',0,'977.567.7322',1,'7d0f52c2a58fdf743c7d6141af3d786c8f554243',0),
('johnpaul.sipes','altenwerth.eliezer@example.org',1,'234.792.1224x3836',0,'98a40ec6a1940bb6d78fd7e6136500e1155f7204',1),
('orval.torp','glenda86@example.org',0,'(763)641-0394',1,'2d07450da821c7485a36721f6120591efece4a83',0),
('yadira.koepp','creichel@example.org',0,'544.771.6317x1732',1,'962f69f92afe96798d8260f3dad460ca878aa45b',1),
('lnolan','alan60@example.org',0,'624-192-5245',0,'e8261647ca25ff49c6701ef0b0dfcd803b1ec978',0),
('graham.javonte','bgrant@example.org',1,'1-643-716-3224',1,'f01416903b629f5ccaba86acd2633651eafa920a',0),
('jordon.swift','adell.ferry@example.com',1,'910-428-1879x608',1,'88a9321cc7d7d3b1e615a10a697091ac0193efb2',1);

INSERT INTO user_roles VALUES
('1','2'),
('1','3'),
('1','5'),
('1','7'),
('2','1'),
('2','2'),
('2','3'),
('2','4'),
('2','6'),
('3','2'),
('3','3'),
('3','4'),
('3','5'),
('3','7'),
('4','1'),
('4','3'),
('4','4'),
('4','5'),
('4','6'),
('5','2'),
('5','4'),
('5','5'),
('5','6'),
('5','7'),
('6','1'),
('6','3'),
('6','5'),
('6','6'),
('6','7'),
('7','1'),
('7','2'),
('7','4'),
('7','6'),
('7','7'),
('8','1'),
('8','2'),
('8','3'),
('8','5'),
('8','7'),
('9','1'),
('9','2'),
('9','3'),
('9','4'),
('9','6'),
('10','2'),
('10','3'),
('10','4'),
('10','5'),
('10','7'),
('11','1'),
('11','3'),
('11','4'),
('11','5'),
('11','6'),
('12','2'),
('12','4'),
('12','5'),
('12','6'),
('12','7'),
('13','1'),
('13','3'),
('13','5'),
('13','6'),
('13','7'),
('14','1'),
('14','2'),
('14','4'),
('14','6'),
('14','7'),
('15','1'),
('15','2'),
('15','3'),
('15','5'),
('15','7'),
('16','1'),
('16','2'),
('16','3'),
('16','4'),
('16','6'),
('17','2'),
('17','3'),
('17','4'),
('17','5'),
('17','7'),
('18','1'),
('18','3'),
('18','4'),
('18','5'),
('18','6'),
('19','2'),
('19','4'),
('19','5'),
('19','6'),
('19','7'),
('20','1'),
('20','3'),
('20','5'),
('20','6'),
('20','7'),
('21','1'),
('21','2'),
('21','4'),
('21','6'),
('21','7'),
('22','1'),
('22','2'),
('22','3'),
('22','5'),
('22','7'),
('23','1'),
('23','2'),
('23','3'),
('23','4'),
('23','6'),
('24','2'),
('24','3'),
('24','4'),
('24','5'),
('24','7'),
('25','1'),
('25','3'),
('25','4'),
('25','5'),
('25','6'),
('26','2'),
('26','4'),
('26','5'),
('26','6'),
('26','7'),
('27','1'),
('27','3'),
('27','5'),
('27','6'),
('27','7'),
('28','1'),
('28','2'),
('28','4'),
('28','6'),
('28','7'),
('29','1'),
('29','2'),
('29','3'),
('29','5'),
('29','7'),
('30','1'),
('30','2'),
('30','3'),
('30','4'),
('30','6'),
('31','2'),
('31','3'),
('31','4'),
('31','5'),
('31','7'),
('32','1'),
('32','3'),
('32','4'),
('32','5'),
('32','6'),
('33','2'),
('33','4'),
('33','5'),
('33','6'),
('33','7'),
('34','1'),
('34','3'),
('34','5'),
('34','6'),
('34','7'),
('35','1'),
('35','2'),
('35','4'),
('35','6'),
('35','7'),
('36','1'),
('36','2'),
('36','3'),
('36','5'),
('36','7'),
('37','1'),
('37','2'),
('37','3'),
('37','4'),
('37','6'),
('38','2'),
('38','3'),
('38','4'),
('38','5'),
('38','7'),
('39','1'),
('39','3'),
('39','4'),
('39','5'),
('39','6'),
('40','2'),
('40','4'),
('40','5'),
('40','6'),
('40','7'),
('41','1'),
('41','3'),
('41','5'),
('41','6'),
('41','7'),
('42','1'),
('42','2'),
('42','4'),
('42','6'),
('42','7'),
('43','1'),
('43','2'),
('43','3'),
('43','5'),
('43','7'),
('44','1'),
('44','2'),
('44','3'),
('44','4'),
('44','6'),
('45','2'),
('45','3'),
('45','4'),
('45','5'),
('45','7'),
('46','1'),
('46','3'),
('46','4'),
('46','5'),
('46','6'),
('47','2'),
('47','4'),
('47','5'),
('47','6'),
('47','7'),
('48','1'),
('48','3'),
('48','5'),
('48','6'),
('48','7'),
('49','1'),
('49','2'),
('49','4'),
('49','6'),
('49','7'),
('50','1'),
('50','2'),
('50','3'),
('50','5'),
('50','7'),
('51','1'),
('51','2'),
('51','3'),
('51','4'),
('51','6'),
('52','2'),
('52','3'),
('52','4'),
('52','5'),
('52','7'),
('53','1'),
('53','3'),
('53','4'),
('53','5'),
('53','6'),
('54','2'),
('54','4'),
('54','5'),
('54','6'),
('54','7'),
('55','1'),
('55','3'),
('55','5'),
('55','6'),
('55','7'),
('56','1'),
('56','2'),
('56','4'),
('56','6'),
('56','7'),
('57','1'),
('57','2'),
('57','3'),
('57','5'),
('57','7'),
('58','1'),
('58','2'),
('58','3'),
('58','4'),
('58','6'),
('59','2'),
('59','3'),
('59','4'),
('59','5'),
('59','7'),
('60','1'),
('60','3'),
('60','4'),
('60','5'),
('60','6'),
('61','2'),
('61','4'),
('61','5'),
('61','6'),
('61','7'),
('62','1'),
('62','3'),
('62','5'),
('62','6'),
('62','7'),
('63','1'),
('63','2'),
('63','4'),
('63','6'),
('63','7'),
('64','1'),
('64','2'),
('64','3'),
('64','5'),
('64','7'),
('65','1'),
('65','2'),
('65','3'),
('65','4'),
('65','6'),
('66','2'),
('66','3'),
('66','4'),
('66','5'),
('66','7'),
('67','1'),
('67','3'),
('67','4'),
('67','5'),
('67','6'),
('68','2'),
('68','4'),
('68','5'),
('68','6'),
('68','7'),
('69','1'),
('69','3'),
('69','5'),
('69','6'),
('69','7'),
('70','1'),
('70','2'),
('70','4'),
('70','6'),
('70','7'),
('71','1'),
('71','2'),
('71','3'),
('71','5'),
('71','7'),
('72','1'),
('72','2'),
('72','3'),
('72','4'),
('72','6'),
('73','2'),
('73','3'),
('73','4'),
('73','5'),
('73','7'),
('74','1'),
('74','3'),
('74','4'),
('74','5'),
('74','6'),
('75','2'),
('75','4'),
('75','5'),
('75','6'),
('75','7'),
('76','1'),
('76','3'),
('76','5'),
('76','6'),
('76','7'),
('77','1'),
('77','2'),
('77','4'),
('77','6'),
('77','7'),
('78','1'),
('78','2'),
('78','3'),
('78','5'),
('78','7'),
('79','1'),
('79','2'),
('79','3'),
('79','4'),
('79','6'),
('80','2'),
('80','3'),
('80','4'),
('80','5'),
('80','7'),
('81','1'),
('81','3'),
('81','4'),
('81','5'),
('81','6'),
('82','2'),
('82','4'),
('82','5'),
('82','6'),
('82','7'),
('83','1'),
('83','3'),
('83','5'),
('83','6'),
('83','7'),
('84','1'),
('84','2'),
('84','4'),
('84','6'),
('84','7'),
('85','1'),
('85','2'),
('85','3'),
('85','5'),
('85','7'),
('86','1'),
('86','2'),
('86','3'),
('86','4'),
('86','6'),
('87','2'),
('87','3'),
('87','4'),
('87','5'),
('87','7'),
('88','1'),
('88','3'),
('88','4'),
('88','5'),
('88','6'),
('89','2'),
('89','4'),
('89','5'),
('89','6'),
('89','7'),
('90','1'),
('90','3'),
('90','5'),
('90','6'),
('90','7'),
('91','1'),
('91','2'),
('91','4'),
('91','6'),
('91','7'),
('92','1'),
('92','2'),
('92','3'),
('92','5'),
('92','7'),
('93','1'),
('93','2'),
('93','3'),
('93','4'),
('93','6'),
('94','2'),
('94','3'),
('94','4'),
('94','5'),
('94','7'),
('95','1'),
('95','3'),
('95','4'),
('95','5'),
('95','6'),
('96','2'),
('96','4'),
('96','5'),
('96','6'),
('96','7'),
('97','1'),
('97','3'),
('97','5'),
('97','6'),
('97','7'),
('98','1'),
('98','2'),
('98','4'),
('98','6'),
('98','7'),
('99','1'),
('99','2'),
('99','3'),
('99','5'),
('99','7'),
('100','1'),
('100','2'),
('100','3'),
('100','4'),
('100','6'); 

INSERT INTO media_types (name) VALUES
('audio'),
('image'),
('video'); 

INSERT INTO files (hash, file_name) VALUES
	('3389ee347e9eff9b733ed4032b86df9c88a854cf', 'images/031f1cff702346919f3342bb19986186.jpg'),
	('30735dbbfa8f3ace34353ebc827b991f1235a2e3', 'images/034f38580e7040608d179fa0b0736be3.jpg'),
	('a1b8b7f601b3fcb30bb9ed4d852f7fcf3c809900', 'images/0381130cea44eac0f69d8e046c1b6604.jpg'),
	('fc798261efa95ee87234d463b8138eaf2f1b1673', 'images/07753c5477fd695b65f8c1e327c170f4.jpg'),
	('aff8a51811f70a05ba8c4e2ea1f9da3d55fbef3f', 'images/07d028189ac8a24f4e8fc69f5a76887e.jpg'),
	('8a589f686585eb0105279c4e696440b854b79584', 'images/08cab2bd13f9284242e9aa565ca789c9.jpg'),
	('33ecbef3ea95c50af39e869f54035647a17e4eab', 'images/08da238aceda1157df13320dc2c8ca4b.jpg'),
	('aae35c32a841dbddb1a62624b0d197fe8e8f8949', 'images/09053eac1e1292bbbe590b53d6d92567.jpg'),
	('f1c67f4f1c33b4659d51f8c490b26aae6314f648', 'images/09cd18df4affdb50b5780e784008c53b.jpg'),
	('b90557003bbe0c5c1261353e59431f4b09f5dde1', 'images/0afba926d47096d91b0470da6f85e48a.jpg'),
	('e3e958d5a10884de477a2de1f81fcfd74ec37875', 'images/0b22c56b330727f17d08936d69dc5101.jpg'),
	('0c28cea2629d77be9219be59e6b4e65c948103f2', 'images/0b5b4dc801da6c6466cfc29fcc818b97.jpg'),
	('a575818961d0115d8f05f6581ddc58934acd5ab1', 'images/0bbae8f631f8012b26eb0aa8f7c3c80a.jpg'),
	('f6464a031d6759eafa0ee9a67740cc450fae1869', 'images/0e02c7a95080b8fc01397699f89113b0.jpg'),
	('5a203c0663011d68ab39486613110ccd3f8898c6', 'images/0ea76d6d1cd72c3a0d5a3d4f5ef3adbe.jpg'),
	('a7fe3bebb615cee3dba0e46db73705c7095b3697', 'images/0ee80b36d591241da1576d649139d952.jpg'),
	('9e91d3f708c86e4ef883416e49f0f88c328ed040', 'images/10ae46f65a74742b051bf73fa08de087.jpg'),
	('a87585cc29a38d117f63685ad14502d2a8e9f472', 'images/10bbdc182793b817a009d19b4cf1f6a8.jpg'),
	('232dc29cc054e2c492692da370804d631c4f6773', 'images/11e9be8cc7ad7d360844d98bc663c52e.jpg'),
	('32b610ea49b02c71e5becddbf01fc42295330c6b', 'images/128cd38f7b4d18ba581a77005bf40484.jpg'),
	('8aff94afea6f474c1eb6b41bcccba2231e4e355c', 'images/12ccf62e6506e90714c675ee9053471b.jpg'),
	('387aaa5f6acdc6d5f41394423bff733e188b3850', 'images/14d3e66fc6c7efd46f8daf8ee80460bc.jpg'),
	('25cde2142e70c7aad681df85f5e0756f53aa96e5', 'images/177dcb76d03ee3b922f876fc0b2290c5.jpg'),
	('4c766d4ec5dd2fe006a7a92780364e988367707a', 'images/1890b3a4f54e8b96544883d96338067b.jpg'),
	('c172908b8e7a86d57dfc76b7cf64cdc495530672', 'images/191700ea1760686c9781d525e4ea3a92.jpg'),
	('a4f331def0eeba35ed83b361a2d6054bd613aae0', 'images/1b954cc96deb9b59646571329976961f.jpg'),
	('691591acbe3e94c78a9a8e8a66cc64c686cf0ca3', 'images/1c41c1d3abfc981acc49a50348b946a7.jpg'),
	('69412941fee27ee17519e1b88c7530ddacdc7c2a', 'images/1c62eff1736085a0082bedbe94836fd0.jpg'),
	('fac5a00adff797749fd2a3280aee17e4e02602b3', 'images/1cd12a6a5b6288d234591ab531fb0c13.jpg'),
	('435f9094dc262c9fe33b7b7886a4f632e875dd25', 'images/1cead18af97ae37149ed74acc1793de2.jpg'),
	('a7023b57c97ea983a0776566bfcd538e272d9f60', 'images/1d250a1e51c34d60c6b1aca46cdeacb0.jpg'),
	('e5c1dcf688dacb9f1a8f857e21a10a0e94672ac1', 'images/1f98531d387c267a9cf391dab1bdc97b.jpg'),
	('5e8f0c7cb6f9e79acf8178a9d0a2246267453a71', 'images/2014662ddc92c9cd320fe0df086e39d2.jpg'),
	('8750610d333d142942f030f3cabb984413ec1ddc', 'images/205edc429981f24c94c86af1550eba79.jpg'),
	('3e01182b2f9ef6c64930834da0d24cb4f47c2a66', 'images/21e8f5c5b0b7fca0a528405df9c4bc1c.jpg'),
	('883f706f7b0a908bd9fceb489193973a1a0c9fa5', 'images/229c62fb6e96cdbaa28d6d6d1525654d.jpg'),
	('50260a9cdbd3f18ef4e39692ea04ca81241c05aa', 'images/22cafa30d97eacf32478e9bb705ccfdf.jpg'),
	('383317be13b02f0f1573537d30bdfc1567dd0ce6', 'images/231b6504ecf61722a20f3b4332ac995e.jpg'),
	('ce31f13615f48cb12d643743d2330ce0496e1bfd', 'images/24b80edfb8a8aac9bb9c56f60b678c9d.jpg'),
	('983d0e1cf4ed04bf64f86597fa6942684319e954', 'images/26de4c8e601788e3a8e75613e124b401.jpg'),
	('8bd766658da2303298a4f48f8e1be909ee49b7a5', 'images/271364b8036563866c058f557509aceb.jpg'),
	('0fac299d0a268b6e9e8b4cbc0b31f3c48a1f34cd', 'images/27dfc64265be61fba8c359a2ec6451e9.jpg'),
	('a072dc9c63e31522edda9f4caab06ff705fcd2c5', 'images/284ddd523ae6ca1a1671340cdb2a560d.jpg'),
	('fadc7a8fa6d4884ab305201c3bf6270ed5aef67d', 'images/29513c344b74219c8d26859b7d1b9f24.jpg'),
	('646153a9ac7f84a16965b02969f425b6e39a3b40', 'images/2995d62e10aaffc575497e2a7fb7a3fb.jpg'),
	('adc1a0043d28f857f55b5d87a5f6ae644351ee09', 'images/2b60c1c460f994268d52ffbb16387327.jpg'),
	('5aa6b275d52f92b50cbaac7381ce951cbf494468', 'images/2ec30cf022f77c04de3f6cb16538658d.jpg'),
	('58e0afe0b0efaff66b6f9ab646b54d2f5b9c7ac0', 'images/2ec6a4be6240171218a45fba92af098b.jpg'),
	('6ef1af88ffed6e3d1740374b06f2dbe7ec732bde', 'images/2f6cf4940079351128f825281a38fe5c.jpg'),
	('96199c884d66d5c6bb5d32ce3567444ebd1447c3', 'images/2fd3ab9c363ce2e62d2f4dbe50c53bf6.jpg'),
	('0333ef869db20564c6e38f338f9f6c828d2a4602', 'images/30ef55e7ece0d69f1295f8546680b21b.jpg'),
	('a5644b92086922ffcf09a32b939eb3612f8db7bf', 'images/31795573208da44301968b094be9ffe7.jpg'),
	('c55da7aa8eb8cca6cd6928a4e5066f355fa7843f', 'images/32c6f0e32a8b244f5889bb5f648adf32.jpg'),
	('c11c65feef526601d467611ea636c3b7736a48e1', 'images/33226250782b94b0b4b00fdca7c6467a.jpg'),
	('80a9bfe0b87345b8156bed507514ff5fdd472859', 'images/334e05a3e4a7e785f9e5e27d8665191b.jpg'),
	('b782b447ae3707430a901c4fd28416e6e5231208', 'images/33fff87559226007963f01f626b9b517.jpg'),
	('c3ef4ce58a07a25f58da634ee7020275c9f9df50', 'images/34c681e3c64f88fdc66ec689e225dfbd.jpg'),
	('a853c757e59aa779ff643c86a833501d424c2661', 'images/356722609a5ca0a4fbfa8eaaaaea4683.jpg'),
	('2ae26b47385bdf0a8640d6fe82d634dc78b7a9ae', 'images/35d88890dc895f78a67f05aa5da6bfda.jpg'),
	('edc594de1c8aa10aadac937dd2f73fa414893499', 'images/3646d0cee62398878ae9276eaf0c874a.jpg'),
	('7812256484b7dff9183a05c057f2774884c068e9', 'images/3713e90f5023c40bd93073b59a79d884.jpg'),
	('3080a1b6a6b7968bf0fc66177b2d2a24700872ea', 'images/37f0b7bfc1cdb44b10cf024612448938.jpg'),
	('b28f79e82ecbb9bd467fd65e0512b77e0a4fd765', 'images/3ac5cada7748677acdb30408699a5a7a.jpg'),
	('758c1e4854209f1d4ef418f4d03909a29962dcc5', 'images/3ae2bf5ac28189ce949e79337082c494.jpg'),
	('1107db4056dcf4e788ad3ebefba7ead2a5a33b11', 'images/3b983e267c9d4f3d87635c5ddd07373b.jpg'),
	('f6d0ef9c6e67b29a8745e7f96366afdd62799546', 'images/3bd8ed09a3d4e49c78553fbaea736a45.jpg'),
	('d14ed50cb2ae600ac0351342c2afba1dcabfda5f', 'images/3be9bc64e05a32376b5c78aaa0497ff7.jpg'),
	('777d56d506ae6a06c4673812cb2703f5c35e5013', 'images/3bfad834c74a5fc3211860fba8b2da3e.jpg'),
	('12a61b4f5438a46f4d40af4d29535d1e7697dd7d', 'images/3c3474bf6d7e4604dd165509935faeb9.jpg'),
	('0fedfee089e2230532eb26ede5e0cbe19a77880a', 'images/3c86ba751bdd9e78196ac1303851a733.jpg'),
	('1a9187436294b7a4a538394993dd139923a0cf2a', 'images/3c8b3a9157eb08820dd225cd6cc1f928.jpg'),
	('c1c5e0ab54c2c9c3db79ea93e9457faca7c89702', 'images/3dc8f8cc38b46ff4bfc0dbc56670f886.jpg'),
	('7d18b25529aba6c45cebdbb2f865e4f64aedac9b', 'images/3e9d89c5ec638e2be11ace068ede51e7.jpg'),
	('05d584bdb080a5dbf1c59c3f0b44ad986bbf43b0', 'images/3ef9c06da99c45fda360202b7e963a35.jpg'),
	('f97b9ca2774f367ef35398902f9f546d741f2d7f', 'images/3f2de4a70f92bbd21896a77ba7e7ce49.jpg'),
	('059e8bea9ebb445bafc97f79fa467223b4e8650c', 'images/3f3936e433276544a52f9d7f681ff3e6.jpg'),
	('21ed09e693a35bd33c3dfc48141a3c9891cd2edf', 'images/40158a43d8b1b9940bb7ee5358c9a8e1.jpg'),
	('984a7097ddc6408ae45fb192b627b95af5b9422e', 'images/405ecf57cc1cf04171fa87c785ce2dd4.jpg'),
	('be59514d70edbfbfbdea382f41c2584261d0b6e4', 'images/40b765da19e7bea1b4d721c57fc0d09f.jpg'),
	('f8dde81e65624974fdbd9987f7d4bcc0f067fea1', 'images/40d974667c9cbbd26d5320f3d7e1f7cf.jpg'),
	('3b6bd168218a5a856c244778797c53bb84e687da', 'images/4335ded31500999a47c3c9fe616a638d.jpg'),
	('c3296831648d23d56fd837e6e266938162948e0a', 'images/4363f1a885bd1726a655e8775b1430e5.jpg'),
	('0e5b8321121973f6b69d101dcd34239b5065f89f', 'images/44acb42ef695fc7f2b9d22bf84b282cb.jpg'),
	('3a61e4da33dcd5e9e69477e88dc674e40a83a420', 'images/44d51a568b60cf532ed0e6a96c2f14c0.jpg'),
	('15a40d229aeca84ad429a8dd25302a6aa87d795e', 'images/454ddf9d621bbfb2fe8b0b1357036ff1.jpg'),
	('470602723677bfe673fca285559fe7ddf8b4e8f8', 'images/45a8e108535ce45378be25da8128dd8e.jpg'),
	('19289586c4929dab1a6c86c72a7e05504bc04db8', 'images/4607e11ed396ba02d91057f3224e87f1.jpg'),
	('3df5c08d9e0cc839d2ef4d645dd57620cea77743', 'images/4610acdb7a3612f11ff6c9e1215f1275.jpg'),
	('69193e81fedea0fc6f4cec34197316c3a03ad82a', 'images/4628bde01ba7b313d150a76fc1df509b.jpg'),
	('357d0b04584863f0cd13ff6778800ea3c376c895', 'images/46ad94cac360895190b432c20cab5da9.jpg'),
	('c554c97fd71d194ab1223cf418cbb40b0038ab2c', 'images/46ec661ebe66d6b50156df59d52cbc09.jpg'),
	('9a3a73beaa9dd53fc833773218cb0a80efb0c760', 'images/47f87cdc648b41173790dc0cc8f60d49.jpg'),
	('e2503910b84b957daff1fb73ce873158bd99e6bb', 'images/4909bb0ced9002dab76e97234fbb230c.jpg'),
	('805ed55ade67122837011d0d9f82dc40c3b82cdf', 'images/4a955e441f6c555778dfc701f05b4225.jpg'),
	('261e764ade74882661a9986f657b1a43fb9535eb', 'images/4b6d78ab31b6a6eddc71195093ddf923.jpg'),
	('aaf0c386c50a3970b8dc4ac4972732e645c29cde', 'images/4c1d5818223a27abff484e0c5a100981.jpg'),
	('2b4e7003bc04cc8315e6e57ef5e9aa949e38d246', 'images/4c738da7ba78326a1fffdca9d40e3261.jpg'),
	('2088a0f6c1bff94796da2e76e6f3ae7e63714c2d', 'images/4cbc67b561c1044367b925733095b20b.jpg'),
	('9ab71d666b566cbc67667bb28d3ad9c2c5590426', 'images/4cc33b27ad9e9305c2de42951e07f1d2.jpg'),
	('aeeed2f230d8feb441f51d6be1563ea84b6c9253', 'images/4cd2c8c3198dc783409a9e4636de4ef2.jpg'),
	('6670aa1fbf451a0bd375ee8d346cb4e999e1786d', 'images/4e337b33bbae4b193371391875704b03.jpg'),
	('1dbbb8b50975273e2da0a907d4e50e96dd4facfa', 'images/4e38d1986e2b898956a21ff59cad3c4f.jpg'),
	('8daea8761fc2a92d823f53386035099a7fbd8cc0', 'images/4e47b7bd2538e1b4c4fac673db4e04d2.jpg'),
	('098728c2005b90aa9f394bbb953b961c4c50c4f2', 'images/4f5753340f5313d3490b0a168c7f0bb0.jpg'),
	('240bbb7108551bd8d98591c5072cb68af06ad674', 'images/4f6bb565ade04aca18e5d0f551d985d1.jpg'),
	('171445470efa4a173ab29117657e8eb9a5feb60b', 'images/50ae395caf90de322255ed0e240fb80a.jpg'),
	('f5585fa46c72a0df9a156fa21efb6a9ad46b6077', 'images/51d6f3a05f45dc67b470f316cc417978.jpg'),
	('7a892f7ed1aa978527f69e232c414c9aae254cab', 'images/529d347f03138bbb3c5d77a3aa5ed98f.jpg'),
	('6ee3d5bb45b882cc67b50f21baa7caba5dcbe814', 'images/54c2340c9ac1df5af017bb65585fffa1.jpg'),
	('b3317d1f0e7007d393332ca6ec87c15f253a65fe', 'images/5549b6ffbf498aab66f31e61235e6f03.jpg'),
	('4d5fad6dbd198e5995750db8dd2ffc23743819b5', 'images/5718768a8a8538ad252b751e5c12e16b.jpg'),
	('3ade76fece1625a386802615afb20a7a6982f0aa', 'images/584595d3c7625a818cfd99d21c10d1d0.jpg'),
	('374ba665c2bfcfb07fee7d131e5debeeb4429c63', 'images/589c99628017a47cfd58d4f084e9dab6.jpg'),
	('d871f38850349b8fa1d4ed1e235b93c844984278', 'images/59c34e69ead5cb62ff0f5e09eb57f4d1.jpg'),
	('303ad144685cdd688d9e0ba1213fc577139b89dc', 'images/5de4caf1333f049e94589bdd8af9c464.jpg'),
	('7af74bff26eef1af3ebf65eb85b509d03aa3cc11', 'images/5e72b2a44129c804d0d2b52ef2070604.jpg'),
	('788fd51d79e615b6217b5692746c8f630b4df97a', 'images/6065b7e34ae2087488eef043f1912729.jpg'),
	('52d9639c4ff60bf9e9739db417972c849e75687f', 'images/606eac892a521cce48602f752717e91e.jpg'),
	('3a5ed1868c187f153b26242c8ba519ef97da1f92', 'images/60d20928870cf3326c50a2923564535a.jpg'),
	('d310b14ff5fbb342dea3069d5825aa7fff467037', 'images/6194ae1b77d31293674af0a2495bd4e5.jpg'),
	('7ff310086b708adbf4b76a8c7f1fcf783489de28', 'images/6388e7f03f23979d164fd3dd84401c57.jpg'),
	('4be62ccf0c720030c50f7ffdbb9bf8c221923b9d', 'images/645ea0e4e11a1b016237b41c1edf195d.jpg'),
	('af491ecb113357c7aa92420c6d956947265b3482', 'images/64f95b384ac067ad3c0f28446b9017a4.jpg'),
	('156246e2f8c2356b46eb886ce6adde4714aedf45', 'images/65b8e6e512e00ec9d7518fd10595a836.jpg'),
	('2a4a6ad6478877ff7060b61a670f9e3979817e17', 'images/66f2f990a951711237dbdc085fa5abbe.jpg'),
	('ba85abaa98f7001356d71bddd11ea5317a939a38', 'images/67be8b6c6b456ff94a51d01702a270ba.jpg'),
	('4c8b894150a3a87271a09100a6454f7c9cffcd8e', 'images/6b8d14615537f08a3f4d3634f49bd564.jpg'),
	('606f59d477099592759e3066edcedd215ae424ea', 'images/6bdb8dc10d86e74b1584309514768b33.jpg'),
	('1186cbcbe538b984bc66ed58918785003bbb6f67', 'images/6c3f8019d56976c9b67adfbf3cce2047.jpg'),
	('a3c505d4327351c5d4ba9937687770f0a25c6388', 'images/6c6f15a04bf3facf7e3e71bef6d25d42.jpg'),
	('cece937cf4e96583c789af89ef9226a1816797b8', 'images/6c9c74883c19d2dc7ad5cfabb1399666.jpg'),
	('989e0f97e139443afef2f2167a010e38c61027ac', 'images/6f0bfe12e151807f667a5ee6931d1f4f.jpg'),
	('e691beb6a5fc23cddfcb4df6d2b2b86f53e7d11c', 'images/6f2a3a35751f4f38a50264610b63b90b.jpg'),
	('41c0d94837fecaa57deaee35b120e89e5df8a7bb', 'images/6f3cb59bf3486f4227a844e77ecbff62.jpg'),
	('cd0e40c7a42e668bdcc4fe3ad08369f63bcfb1f0', 'images/70e63847308558b34a1e1e576cedd4f0.jpg'),
	('6bf236e5b072f58956cffd01c824c8636be8b23c', 'images/720835c11722be8b37f27cfdfabbe4f6.jpg'),
	('19a92b704baccbc078bc5f445fc70f9db562298e', 'images/734a8bb4809797ca5d9c65cd958ae7b3.jpg'),
	('de04d238970f26d7a09a2e8ea993346d4891ca03', 'images/739ac71a01e692ec0e30b026d9981f08.jpg'),
	('72dbfdbf4b131ba42b12ccbbeabf3dd8468acd59', 'images/73e33cf90495abf2dcc9a522434ce53c.jpg'),
	('c3f260314f6224edbdc79175c846b71422636dd6', 'images/7496f7959b38232e8c4796ae6e436b9a.jpg'),
	('56868a65cd4efe5d5ce80b79a1861c7bb895dedc', 'images/756cc307ab251e707f50dbe43072a49e.jpg'),
	('bdfc3054ccc725822bb860be682385641b28d468', 'images/762fd5aad56c7a565e15689eaa677d83.jpg'),
	('80e3a66e8da1452524556d769947ca59b08b3a09', 'images/7644585838c8b68b63981dad081d827f.jpg'),
	('54a284c259a6be3738908034027bf5c0f757f1a7', 'images/769bb247f4f5b26f2b36c54db30b21f8.jpg'),
	('cad7a33a0ea8eb499a305f91a25667c6cd0f3327', 'images/76b605a24bd667679b52e6acff56e4b7.jpg'),
	('21201c6f901c6ef6f832f6b7420bad265d4a046a', 'images/7753aab4608e77d9d08df677ad770860.jpg'),
	('c4eb8dc630179491ad8972fddcca01a45251e4a1', 'images/776b12ba90093caa81b8e7b86a6f16b1.jpg'),
	('807e07129147ef9d6bb37f2eda774bce799553f5', 'images/77f1ebe203869cf8bc60c139784bc880.jpg'),
	('ff3af54e3b1e95fdf9ff3c5bb48e24d43c9082f7', 'images/78903c3e85a3db960b7aeb0e47c6a4d0.jpg'),
	('d5c6371cac18c8b3036a07fdf5ee95388cfc0af4', 'images/78c64c16fd972a365017cda955bd7248.jpg'),
	('fb3f2b671acd8f27faf84693cf4bff13fa66d2d4', 'images/7ac2db9d26151388dd028f9487e943b2.jpg'),
	('388b0ce5807c92e05d2272d10bbe90f1f4890685', 'images/7b84f7245131676243dcc349cfcf521f.jpg'),
	('d041db458f5811edb1e25d40368b38cd2b461573', 'images/7ba65abea3cfe0084ffa714cf9b6decf.jpg'),
	('f6b7d7fa8b094e0e79a77a6b4107d37028869871', 'images/7bd7e966c5b35b02496e0741ff7d07d8.jpg'),
	('2c2220d0ed0f1add9bb97968a7d8ce0789e7ef31', 'images/7bebc435a8245096c1da4ad87ee499c1.jpg'),
	('dbc9b76491002f869bf68c665d9eb149b7d96f37', 'images/7bff1697181a300134db9483f842ec4c.jpg'),
	('19b69acde173c1145b85f370ccf1c20cd4061218', 'images/7cb6e80b0fce4c56dbf2e115f2a56cae.jpg'),
	('0a8fe339c64d55d8dad980a3d6858749f2a967e8', 'images/7d095129f7a2e77d937eff50bb60dcfe.jpg'),
	('fe9a52139ab4c37116f5495511c49260b9b19ca3', 'images/7f2cc389b80abe0e625f95a46af2db2b.jpg'),
	('2d6477a0d61b4aa06c81946a65ac3b4620a8e86f', 'images/7ff5e1400258dc433a556200459c2353.jpg'),
	('9209b7e6463a48fda47e849da1a73a0bde55f060', 'images/827fb60a80d66c371e58cd38f86b54a3.jpg'),
	('49439b754e734ac54f923d41eea71013a7fc105f', 'images/84d7cfc79b0d4d419991c61e8954d98f.jpg'),
	('ced76b6651ae921ad3f69e938e294ce9b00f3352', 'images/84fcfa2fe68423987b39b35ca1931c0d.jpg'),
	('88dfd8fb08018b30c6a849f834e757a2b5595129', 'images/8539d2c7530c34a6501deef839fe369c.jpg'),
	('0740a885a6b3453256ae9439f4dfb05de4bfba4b', 'images/857527ca574c579e6c02464e917a756b.jpg'),
	('7552d54418c29857592fc8ed25237d46b18c4ef7', 'images/858f37ac568a3d545478a37503642374.jpg'),
	('481c3f2c9f450a0dc13529bb06a5c9b1109a33d5', 'images/86365d19adbb54b90429cb5915375b6e.jpg'),
	('c5acceec56ee49718697abe535684679df1380ed', 'images/865a274952a47442161f669746283c6e.jpg'),
	('3bd844b7994a1fa0f7f7239847ade69384cfffbd', 'images/86cc137ba90030b286d286d11abe8c77.jpg'),
	('c5e802cc86061bbfea28c74afb3f888dd9b8c447', 'images/8833658f6a0c504fa81368bb89cb22f8.jpg'),
	('9a105e101770da498fe0b75dbc24b8ae458d4242', 'images/89cabe76717aaca5aec77967fd50b5ef.jpg'),
	('bba0463715c4e3a66c003d87709dec24f8be6a78', 'images/89e3ad2c0c25ce1163a486b87cc146b8.jpg'),
	('fe7c2ecfce3e194b9c78e52364507917c6d0e5a8', 'images/8adfd18789cf63fafdbacce8e3a5cf90.jpg'),
	('f7e5e6c2627d34a62f53a332fe10dfcbf4e83ad0', 'images/8bf52152c936218679fc881b9cbea820.jpg'),
	('8f01631995947a4939f7d68f2054b415248f9f83', 'images/8d93196dde532bcd4cafef6039e66265.jpg'),
	('891049ea300d645c8b263761b1460bbfb3e5e21d', 'images/8dc8f0647da0d8fc8f603b4f28bb5e87.jpg'),
	('5ea1e760369716b825958c51a2870f0619ec5845', 'images/8f406205422cac108b097409bc1574c0.jpg'),
	('fe3a114e2d476d1b15ad0b29ce79771ab78e8ed6', 'images/8f4fdce10eedf7e0b50acf83991ca98c.jpg'),
	('cf5c25216c1bcd3169bf35ddb1ba62dee1756f31', 'images/90e094bc833c162756bdbd8f209ef100.jpg'),
	('b06f88c69711c127c844e18c002e3d3ebb2b4a5e', 'images/90e49d59d96d867ebc049d1476540f58.jpg'),
	('ae17441f25d6045d0acebcf3c663906bb6b44fe5', 'images/910d448270b0d3eda7370df2bffad0a4.jpg'),
	('7e6336c65a5e86d5fdee52e102015e4568b535d1', 'images/935896c47d1ec5b6754c56ac10cd1cf6.jpg'),
	('52b89d977eaf1b64a829abcc4d753d381663ad70', 'images/935ac682f1dab02bb2aed805fdbbb541.jpg'),
	('96779aa43eb0db92d53a2c724440de96c73b03ab', 'images/953b8c54adbc573df3304cee97d932c0.jpg'),
	('4bb15ab9cb79b091d14bc7ec831d0137fe3c9b44', 'images/970797813a117f0af7f27c0eb9d79733.jpg'),
	('b95f6996d1679208dc34db66da587cab10954b20', 'images/987a0dadf460e1c4899c2a9e863b5d5d.jpg'),
	('42ba7b0f19b055e9f3feb72da06dd64063cb3462', 'images/9883239a8525414887a175818b152dfc.jpg'),
	('1b89d4e244ed06b7dd3900f519979c00e267aeca', 'images/99d14e4951ab6d9284aaf112deb978c6.jpg'),
	('cbaf70a1d47e83ca848a6d35f18d056ab85eff91', 'images/9b19e0fa455e367903309b694e352f07.jpg'),
	('14b8faae45cb22c006a7af140b7ccc4b460647c9', 'images/9b3e2f272f249b188bfc40c16b928f92.jpg'),
	('0d09262b78f834623500f046011b3d5df84a4e39', 'images/9d32c8ea926254439ca590b576695bad.jpg'),
	('145ef7c7fb515124687287135675e8f28c9404c3', 'images/9df997408bb96025c8ed6c8a5bd463ad.jpg'),
	('7f3e07b4456ebff575c3446091e97854502942d7', 'images/9e68df2a1ef662b53e514403babc399e.jpg'),
	('db80fe6db61212dfa34edb139d71bacacbdd83af', 'images/a04966be7329a53dbea767f14adb0950.jpg'),
	('3960881bf527cc0d14b11bf6e28abdce67107a81', 'images/a1777e0e9235a5958214e10998c335a1.jpg'),
	('62792a95b5bab7e753c697057a65380201212079', 'images/a24cb6861c54eb276580c76c8ad8a44e.jpg'),
	('f2905da7e195b3d882e891e5eca60869583321ba', 'images/a26ea35f6e7d804a08144a5ed7786268.jpg'),
	('05307efb50cdb249b6e8fde6d58b640147a065df', 'images/a2a14f2834756d5c74a4a990abc7a283.jpg'),
	('aa83294c5b4fec8d15dd8a849a094a643c322a4f', 'images/a49212abf1d666102eb44b6394d7934d.jpg'),
	('8ba3b10c049c8a78310ae4a5797d0fde13e712df', 'images/a4f07e35f62396c58ba4738dc380e55b.jpg'),
	('6137241bdf5bdcafa3727df0b2bc7998236774fb', 'images/a51c6a8ccb3832b99c6aa206b6a46a34.jpg'),
	('973110e0461bfd5dde195edc1754fb9459d74ced', 'images/a5ce0cbbf654c9596ca6f70b1270c76e.jpg'),
	('fe64fa2b6774c3df75168be05f39011927ea7f5f', 'images/a63c91461090537b3542e55984fd424b.jpg'),
	('11fce15b841ea5a0524f45cc75e6e0bc71e7b75e', 'images/a7525f69dbd677fe9221e09aefb3062a.jpg'),
	('9888ab88c0dad2caa7081a836a8a9e50044540ae', 'images/a76fe1aaf0cd89142b4075b89702f532.jpg'),
	('8f9d5df275b25b83fcfbaeb6fa5254ed2739f40d', 'images/a8c8ffdf57ae3ada3a76dfd76b216848.jpg'),
	('20f43ea5984c0773291215648727f617ea7f46f2', 'images/a970f751f85062a2282c23b25c5857f7.jpg'),
	('6163f167aaa70dd1a8595b84c1cd343b1b4480da', 'images/aaaa1ab6e90de0f056053d318ed52718.jpg'),
	('d978eb38e96a07120ee415761de862055953271e', 'images/ab2ec1b5bef61ef67d072a052e358590.jpg'),
	('a187d46040e02bf26a054d8ee720cb14b90d89fb', 'images/ab83f3998bcd051daf1fb15c7c2f02f6.jpg'),
	('ec7f39ce78a517f30dcbd1c29f005206b49c0d03', 'images/ab9eef239b03e30e5bf4414b9a1fba35.jpg'),
	('0c5a54c0ed493defb1bd7d1d52e63adb4921d9e4', 'images/ac1cddbafe14577dbc6efb76411e38ea.jpg'),
	('00ab8e04d1960391f4ca272e4c0a788e8c408859', 'images/acfb03c5e5dc677062834e556eaa821a.jpg'),
	('c9667c48c071e2eb14741bf25a55d8f02f6cabc5', 'images/add93e6b2d61bca23303dcef18d8bd4a.jpg'),
	('f49c99c944085576317b400d6d03e0b5f08c8fb4', 'images/ade3f644453afbc9125576e55d3b78a9.jpg'),
	('c5d379727267154ba03a95be8d9b78028a1df6c4', 'images/ae8d6afec172f1218e25823bf6f99a80.jpg'),
	('3bc7a7e0add368c86eb8cc8aa6bd6eb222d5b5b3', 'images/ae9e0d4f18254bce6ac054b368899065.jpg'),
	('63bca225d0f88846287a43042517b2608cbe19d9', 'images/b012dc78a7ea00e9ad26c46a6ddcb9a4.jpg'),
	('7e7fc4be24122018723b36e41229fa0992595870', 'images/b036d8271a0a0b6d6f05fd8f7afa6864.jpg'),
	('4c4d70be0f3a5325621db1e9f3353b415b3df68a', 'images/b0f102d97aa6a3dab1c8e4079474731e.jpg'),
	('dc0a2c1d483dc3aedbd9cdd44a34563304026484', 'images/b172d8d4258058ec076b28602527e4b3.jpg'),
	('065d48e03f8318b2371a2be119fd84e78df04f36', 'images/b1fe444ac318f818c47027dc9d12f596.jpg'),
	('b5ca06bbef3d774aa6b270ab6fba9deef9dc3eab', 'images/b2e6de3abdcd925adf57ae789ae70e5f.jpg'),
	('2e72bd4e4dc2dd24977919b29cf5902e61a5ef1f', 'images/b30b4761c12eefa54b8aa0b700b685d4.jpg'),
	('5573a4d7bd0367fc4e474ed2a0335e8e5ae1da70', 'images/b3c901ca1616a2da08a3a7b19b2d1e73.jpg'),
	('0e22e80d2f8cf898c4e88e11afb0280de033595b', 'images/b3ed42569a79582b73f091e3c7a8cdec.jpg'),
	('097e400bb4d5f0b39152e2115b084f9fb1877579', 'images/b4b53c34377d4df58e52e48396017059.jpg'),
	('a7f36e93fea8b78a6422ac9981417059d3fed08e', 'images/b53a1b6f32c73e9e8c708d766230de76.jpg'),
	('85241d40f7dbc3ce8da1c898abc5382a26811786', 'images/b67fc6e016386f2abdb0b6548b727d1c.jpg'),
	('05c9fe7ca7fcceb73a1eec4c7ad50355ee144657', 'images/b6b5f1c682f338fa1cdc595aaf3e949a.jpg'),
	('29e0627375d69e5d1afedaff53b1221008b48c56', 'images/b79c6b0df7bc5b46e391467148ab118d.jpg'),
	('efc53f95e9ddcc031e96be1db4322a40947f9d87', 'images/b7cc883c2dc0502efe069629997bb947.jpg'),
	('8edc4256932c5f7f26825527df22e16b5921aa16', 'images/b7e0849328100f7680812cbfc342df41.jpg'),
	('886c56c676799bbfd684231ef0f118dbb846b8f8', 'images/b804efb73de3e94a1f33b41b97e55981.jpg'),
	('e9b8e21b5f5dac7add5789395085ab4f19cfad11', 'images/b8156246ef91f92534a990dfe42a579c.jpg'),
	('152b1aa837f93df689ed8902bc26809544ab434e', 'images/b862edd8bbd80d617c41fc8cf612e808.jpg'),
	('fb8b2a332527f517c12cc584940488ab0603fb09', 'images/b87b2dc0ae5f9d6e78c430b6afe247be.jpg'),
	('c70cc9694b0e52e1bcd1f88a0928d1102182661c', 'images/b945d4d97c6caf6617b0fed899b5b41d.jpg'),
	('2a76e71cdf5f093cead20d5a659f18bcda349b4b', 'images/b97028e078e854f6ced291fa1f04bfbd.jpg'),
	('6eeda147d5f58cbb1de9fe01da173a0a7590b315', 'images/ba2fae5a19424ba4924cf74dfdf7f8c4.jpg'),
	('a0a73f6f7d12a25430c3c381e9f227a6d96732e5', 'images/bac8f83fea7e014da10830daab42779c.jpg'),
	('03ddf8c66ceacee1309b99da5b111cad002f9342', 'images/bb239d1248f7292689c09d92d4240d44.jpg'),
	('c5b094a7024bcc7cd7632c4cd58fb0d4ea4e72c8', 'images/bb2835c2244862b3fe56f363b62d0812.jpg'),
	('61a0de5d77c3e58d31764da0582fd3bd56c4c79f', 'images/bb99b70fd7b8ee577390e94b82f61303.jpg'),
	('b3c352379e9db8bba03b67425303e2538ae2e19d', 'images/bc2c0ad5b6cabb370196a9ccee0c7f31.jpg'),
	('ae06afcee6772092aeaf81c4fef68d66b7370ea0', 'images/bd287576139453906df29b0c62bcef90.jpg'),
	('780180d5389ac6cbfe9ded2b1c1bc8f2ee6a4d34', 'images/bd699d32b5f520be041ee2dd52c5248d.jpg'),
	('4f86819246125ae88710551d878787b563ca5952', 'images/bd8fe9408f2ced49029d1e0012aebd3e.jpg'),
	('f12d8f16266fe12a552406bfdafa9c32827b4f05', 'images/be3c55af721bf5d5598aaac7453ccf0a.jpg'),
	('2a09703435dd819bda27b73d6a9d77142a9ae803', 'images/be875ad52d0d35326aa0dbf2d3f118b4.jpg'),
	('30f8b20510607d3c3f18e0d2321ee259e38588fb', 'images/be9a67a6ef3d0185afab27d01f845642.jpg'),
	('a1c90fd09a3163fc1b0bd16cdb25ff0896e2c0df', 'images/bf2db9c35e185a2177cb0b1f3f2a045f.jpg'),
	('7704e6ba2b345da8905fa698c3495bf33c9f15d6', 'images/bf62745860d407258293d351022c7560.jpg'),
	('8a6bb9afb857db6a00a620b75629bed8bee41604', 'images/c14a5f33f2093b922342dfbf9aa4b033.jpg'),
	('85d7df8a89379cb2b005cb9f8e23f9bb7fe36ec6', 'images/c2f6114a6317839c5fa40d1025004085.jpg'),
	('b42904091aa9f82af9357e4889751e622f38501e', 'images/c4246c4d2f63fdcebef3c3b10369353b.jpg'),
	('e38762873fa37a4e415c670aaab533f0a5209eed', 'images/c457e8cdd80644c96ea38a09a58f38d7.jpg'),
	('a537506f90a6441e511e2f330721d868898b84c6', 'images/c49af7b01b9378869d74a6b8d35e6121.jpg'),
	('a3abdc2336eee6515a1b140bdb59a588dbb5897d', 'images/c5630302fc421bc5e30ad1ac365df7ac.jpg'),
	('ac5d8aed1d4bb2d812d23be48033c1e78a34c0c4', 'images/c5c539047af5052cd4cdd4dd81fa3e20.jpg'),
	('e63b04d0f5ed7638778e7318ce8b1eaed8007cf3', 'images/c5e05c726007d5f0db7473d25224431c.jpg'),
	('ac3db717057425fb74f1483b31d9be8b7d98ca54', 'images/c65f85d52fdbb6bcc03a2f39a919ab59.jpg'),
	('54d4d9f1e4b78718783dc56343e2cb6adabb4e45', 'images/c67b4915cbcc29f75c92fe118e4bd570.jpg'),
	('20caa8cd520b866b64448e1dd0259fc8631d85ca', 'images/c6937f6835d393b2441b46015b61be5d.jpg'),
	('de23d11b76f66a27fe59080f56ca76a11e5ddae4', 'images/c6e260563b40417fc8e0d62560ab9015.jpg'),
	('fe50a264ea66da77ae46b51b1fc1706384f5cc3c', 'images/c7ac42db8e3e7994ec7b1d76cd9044ad.jpg'),
	('ed186b028a9d02173b3096155f6a2001e63b4588', 'images/c8212dbf88836592a8f2fe7491ad37ae.jpg'),
	('dd185261b0fe64fba467cb8118d6b3bc9a6aa217', 'images/c88c7dc413f8da6021bd51eea1a1fa42.jpg'),
	('68d386dccab13b4d85a9da80988c8fd653e42403', 'images/c8ce4b1ccc463a1233fa43da005b0331.jpg'),
	('be8ec2acf73f50a50c95deda302ac7b8ec87b527', 'images/c9112771e9c6d7376f79d56bb998f5fa.jpg'),
	('5bff8e44ad9567f62e5cf2abc626fa676b1fd741', 'images/ca7fd3eecf3cf922733def57d4d09826.jpg'),
	('bb708438d50e87a6243920aefa598df362ccae99', 'images/cb3e710385591be835f1164b208ff62a.jpg'),
	('7e0a1329e8037aa13308f5cc24bbe62d3d48f869', 'images/cb85c8c2d535552563b2cf7344b714c7.jpg'),
	('82b1d8a48e3612cbb6284d246c0311304e04379e', 'images/cbcfd809b689076f0d92f6a6b3bf7fd1.jpg'),
	('9bfe85a7dbc7621717824a797cdf6dabe27bd813', 'images/cc205f75a6891060d35eb4591a25f284.jpg'),
	('9a0c86cd545d4f87d69693517b2fab96176cfad1', 'images/cd0158b81f281f99d6bc1c1a90e17e9d.jpg'),
	('98b0a3070773930f973ce6cd475d3b0076138aa4', 'images/cd785265bd919c07ba58c8e7a6f7dbb4.jpg'),
	('f04bc1d87ac7e25548f951332f6504fc14e25a14', 'images/cdacb1fb89d31510d536cd1ab9d57f4b.jpg'),
	('5f4557e0047ffee6636f190730c4dcf385d01ecd', 'images/ce2f9d27e81c656c5e977f0b8091fd65.jpg'),
	('238e9e0d8925f59f6e00c5cc64b52d307d0d827e', 'images/cf0f5e0c7b6217f2c1eabba554e6decc.jpg'),
	('c9e555a16479632741f7d0b76c1fad75c3ca8cc2', 'images/d04c6fadeda662d058e8270671944828.jpg'),
	('d5878ace4af5fba4006c9a7fecc8e98c1395d31c', 'images/d0eb8efaca5d21f270b3853efd648733.jpg'),
	('edde94125b453139cf606ebe09c1dde63456ec88', 'images/d30247bc71c67ddb6c275653a656b65a.jpg'),
	('5778a7760dcf5ca5b9a19e3dc2914aad6de3aaa7', 'images/d30c93a72071121fe74a663b3c2d2001.jpg'),
	('2155a6e5ad7965e1ea9e30b91e2a6c7e3c121658', 'images/d3d2a711af8eac0270ae098d27a1dce5.jpg'),
	('6f0884d928ab56e351e76dc3ac64652b43d1031c', 'images/d3e86f55458fc7b1385f0a85ed484470.jpg'),
	('dd582ea118bcb89391c5356f9816bec0f7553e3d', 'images/d3fc3904fb801f8ec5a8674413947722.jpg'),
	('d7a07bb658a8d00aa52befac6c69a5c810a35a42', 'images/d49eb7705dcd5c82ab6d6a7219605a53.jpg'),
	('658501921fdd17b70c175283370b6d1cf594210b', 'images/d4a29d05c96afe1236e3e057b48a4189.jpg'),
	('aea1fa5d48698363123047c99bd563fc939fd5e3', 'images/d4ab35db0b3e900790681c4110fe3b88.jpg'),
	('710b25980134653695be334a263cface41545c33', 'images/d4b77cd1a32e315873c09ce8f9180b4c.jpg'),
	('44a351f4077de9f362b0371a496dd0f7b6a8e641', 'images/d6ca4417c627fe05718fd361889311bd.jpg'),
	('b48f700d7d8cae1f05526ac9575d8730aa46d6f9', 'images/d8c12c75e7055b28ecd67551c79c6116.jpg'),
	('04d267d11766679045b08583aa524e6245e11c68', 'images/d8cc5c81a818d705dd242bacf01b4303.jpg'),
	('ae835f59e30a5978bfabc89cd22832b0292d5e5c', 'images/d8ebabef0902917218fd7eb03eed9ab6.jpg'),
	('43e2f019907659059ca3a408959612286dd4eb03', 'images/d9224ce79235ea71e1ace7ecadfabc26.jpg'),
	('93349e0bf5d7ee1f265484943ff86e12aa7be758', 'images/d9d86c32f3ccee643284c6b73e251605.jpg'),
	('61b84906430c24efc6c91d4d7f5358df121b66d7', 'images/dad28593340b659d6f3dc36106695a97.jpg'),
	('ed4228249e58ae501c2566f5e9d74d245032eab5', 'images/daf513d6df2b8cfcb9afe36a23023b99.jpg'),
	('add54214eff21e1565c1ca1624a6db9436241ac4', 'images/dc06354d634ed7c552e7d416303f745b.jpg'),
	('5b77771282d0415e70f5e8aa9578072b7dfdb528', 'images/dc494f869da013cccd9e637d7bae1753.jpg'),
	('e9c65be06b89cbdb6a51669fc1c5070425d6e55d', 'images/dca505dc38b880a7390c21a1ad762c03.jpg'),
	('d67529c7b258bd8e5c86518733dd2433a9489b58', 'images/dce0f0dada7e66b53f47ae74b6123feb.jpg'),
	('6afe8d965178d3560104ef38a3b4b505b40b68ed', 'images/dd230c8361445f645429dc7ff35044ee.jpg'),
	('09bde7c1ac98aae69a934259b4eebeee8dcf7e69', 'images/dda65f2e80da288b1fced2d2faffb4a9.jpg'),
	('aaf17202d25ef70cf206184250e2459c6ec4caa1', 'images/de63a5b9a51fa82d56ced0e9d97adeac.jpg'),
	('7a1204bd794e71ecc8329478f2ed846e97844348', 'images/deeb52bda89a2686ef393cdec3381bc4.jpg'),
	('ff7ec9d981576b735fa420638926f163510c9c0d', 'images/df18c1577423cc3c2b870f5d3e2b1ea6.jpg'),
	('262d37768eb90b3e9df49d5af852eb5ce522f655', 'images/dfb112e9b00d9dffeaefd9ef0d3ac6a8.jpg'),
	('1b5271645281c5fc9a9b4192eb220b77076b60a9', 'images/e05902de8b3f0348e6f7e2cb42678630.jpg'),
	('1246e50541aae93f771af8059d74e36784d084bf', 'images/e10d44337177cc0085b1acda733d0d43.jpg'),
	('3e72cadb075ae9aea9888f880b5c5a0106602665', 'images/e3d442fe7cceb8c2136467a2beee4e65.jpg'),
	('329c9d039ba14916ca4dcf71701ef2791101c958', 'images/e43036c2e72393e1697d59c2ecc0b33e.jpg'),
	('63a5b0988f9907b2b6bae42fe805b7b6975868a2', 'images/e48ce6a0791bb71242cadbbe3cc26152.jpg'),
	('571cb0632fb4c39603d294bf4efa4536fd7c02bf', 'images/e4bc19d9d7d3c1b42d5a54e7f1994305.jpg'),
	('e1e8145061a9a5c4455d3282e4dea49ddd485ad3', 'images/e7869785d574923c6ccf78ae8c6f2a16.jpg'),
	('7e049fe4d125a14fc4202dc52ce9d0f71b343fd0', 'images/e7f9607f6128b169f8795a195a639a57.jpg'),
	('2de50bec1d86849a9f10b9a0c20af79d706cef69', 'images/e8ba2ffa0eb67752516321fe17176b83.jpg'),
	('c666e53febe2bc16ff701bdabb6a0ef337dfdb16', 'images/e920c94e0b6ae7f67d3eeae9bb705f81.jpg'),
	('a3b55c29f372b81ab5b46d6c15bea06ce135c476', 'images/e9e7266ad6b9a6a1b1f6317dee34c044.jpg'),
	('b0d816fcce45339247d4669c0c86bdffd3fcf8c6', 'images/ea87c364ef65cf11a61af05b2ece7e68.jpg'),
	('01298560217e192253ae85d6345eec9f4a1fdc3f', 'images/eb76d43aa79c7a8355b65f9435cd6d1e.jpg'),
	('0f626beb9039961ab8bc359a4ad8012fb195b0d6', 'images/ec46247f35fab04bda92eb2f983a2dd2.jpg'),
	('b02827668569a9c9eb5444b7aeb1364dadbca815', 'images/eceec75c8512d9864663e0261617aa00.jpg'),
	('9b974bbbf11725de9d71b28a39ce7ee5f88c3fd0', 'images/ed13b5e97048ee4aaff6ec259028e712.jpg'),
	('d3496fed4440348d24a9f3d31f5f28d42ce061e7', 'images/ed3fb5a59087948bf4b37004a204673c.jpg'),
	('7eb4b3ce0f849b4aa0e0f5515551b7e6cc293fac', 'images/ef871e7b4c2b853e3ae07c58e0baae57.jpg'),
	('96048fdd3bffea46da91cdb7be065e79e0689570', 'images/f0126e17e0937895377d8969b6da1cfd.jpg'),
	('68436a70d875280b418365171450df9009b9f00b', 'images/f014001c1af4f8796b15215af81a6da4.jpg'),
	('9d62b14cd13052170ffec82438088874b2c61a2f', 'images/f01a8f2747fa3a47c66719c0e6095a46.jpg'),
	('e5d60f6dcde8270aa92d4facc5591c91c3c04216', 'images/f2b79959902d7f73e6864a5358fcd9ca.jpg'),
	('4606ff1bf63261c6de8834ea84d6d87800025e8a', 'images/f2ed4bb25f97b8cf54a65a94f188f28f.jpg'),
	('b1ff363a46aabdf38f2c133ac719352a621daaee', 'images/f372fc6ce266d782b4e182df74821d37.jpg'),
	('b17514fe8e73b0998cf3b3af4ab89c041d27e1d6', 'images/f40d93c76e8b86d0b9aee397bc9ecd18.jpg'),
	('4846a838183d2ca88c410dac31c25e51fffd66d8', 'images/f45b9fce0816c31eb366130d1959a469.jpg'),
	('2ac8199a8a272045da80e83226ba98b88019d454', 'images/f54ea7c79a5d0b24e03159869ef3bbc0.jpg'),
	('33dec9bd65489ed3f9fa701658a0096413165660', 'images/f766e40b2a396cdc618ca7815bddad70.jpg'),
	('63a5ced7ce4a0a9d2e0e1527002161677bcb9734', 'images/f76d8a7d0efb9b3aa9eb98ee0bfab48d.jpg'),
	('bf1ec9bb067c87368c56af52a64d8a896c09a199', 'images/f917233cb7efb03bf05425e9661fad23.jpg'),
	('3bf92fb67236dc98bcc54864fa5dedf74c2d3dc4', 'images/fb3a37df9ee3c6302c1cc80b98c30af7.jpg'),
	('b8f8ba37c7549f5cb69cea52af68b1c70710e51e', 'images/fb566d70206c62940004ebc9815cf4e7.jpg'),
	('b1f6b338432555a72aedd1d5a7c08e2db3d00490', 'images/fb8377a459896e53f9f292ba99d38374.jpg'),
	('62483e51878c9e87411837062feea53858df2262', 'images/fbb80766036da241cc4b6c11c637d7dd.jpg'),
	('245a2b2558725f38905ea6ce146f2bd3e605c3af', 'images/fbe71d51d459102aaa880968e14ff401.jpg'),
	('fc79508b94013001775d10770d9fde2463cf70ed', 'images/fc7ff31014883eacf24244eaa956a920.jpg'),
	('ffc41c414fdf43a381f4a7eaab945ad11125f4ac', 'images/fcfcb844ea51fbf13e87535e568eb56c.jpg'),
	('1835858e10380c8694f3fb90e0725cc912fcc7b5', 'images/fd44975bef0f2d6fe5f4ad37ac1f9b74.jpg'),
	('38cdf9b5cfe64af60b0ae9f9b81390b926486553', 'images/fd4900099c3318d7f351bfeaa9feeda0.jpg'),
	('25c32f04cf0a05ac3856657976d75b8c40da5064', 'images/fea1bcf477a58b3533fc52c89bd47023.jpg'),
	('26c28206ea2a042922344b8ca55a91ac3e616312', 'images/ff34f2ef09b4335c3cc82963254638cd.jpg');
    
INSERT INTO media (media_type_id, user_id, size, metadata, files_hash) VALUES
	(3, 50, 659951, NULL, '00ab8e04d1960391f4ca272e4c0a788e8c408859'),
	(3, 51, 709486736, NULL, '01298560217e192253ae85d6345eec9f4a1fdc3f'),
	(2, 90, 312909, NULL, '0333ef869db20564c6e38f338f9f6c828d2a4602'),
	(2, 47, 518339182, NULL, '03ddf8c66ceacee1309b99da5b111cad002f9342'),
	(2, 11, 18299, NULL, '04d267d11766679045b08583aa524e6245e11c68'),
	(2, 81, 24980, NULL, '05307efb50cdb249b6e8fde6d58b640147a065df'),
	(1, 7, 976, NULL, '059e8bea9ebb445bafc97f79fa467223b4e8650c'),
	(3, 9, 135899, NULL, '05c9fe7ca7fcceb73a1eec4c7ad50355ee144657'),
	(1, 25, 23252781, NULL, '05d584bdb080a5dbf1c59c3f0b44ad986bbf43b0'),
	(1, 9, 45121, NULL, '065d48e03f8318b2371a2be119fd84e78df04f36'),
	(3, 19, 92640347, NULL, '0740a885a6b3453256ae9439f4dfb05de4bfba4b'),
	(2, 49, 642351, NULL, '097e400bb4d5f0b39152e2115b084f9fb1877579'),
	(1, 97, 8891929, NULL, '098728c2005b90aa9f394bbb953b961c4c50c4f2'),
	(3, 48, 0, NULL, '09bde7c1ac98aae69a934259b4eebeee8dcf7e69'),
	(3, 86, 15439582, NULL, '0a8fe339c64d55d8dad980a3d6858749f2a967e8'),
	(1, 74, 632411, NULL, '0c28cea2629d77be9219be59e6b4e65c948103f2'),
	(2, 88, 0, NULL, '0c5a54c0ed493defb1bd7d1d52e63adb4921d9e4'),
	(3, 64, 451, NULL, '0d09262b78f834623500f046011b3d5df84a4e39'),
	(3, 100, 56688949, NULL, '0e22e80d2f8cf898c4e88e11afb0280de033595b'),
	(3, 72, 1760543, NULL, '0e5b8321121973f6b69d101dcd34239b5065f89f'),
	(1, 22, 93130, NULL, '0f626beb9039961ab8bc359a4ad8012fb195b0d6'),
	(3, 3, 7, NULL, '0fac299d0a268b6e9e8b4cbc0b31f3c48a1f34cd'),
	(1, 23, 2, NULL, '0fedfee089e2230532eb26ede5e0cbe19a77880a'),
	(2, 43, 51743, NULL, '1107db4056dcf4e788ad3ebefba7ead2a5a33b11'),
	(1, 97, 578, NULL, '1186cbcbe538b984bc66ed58918785003bbb6f67'),
	(3, 58, 79, NULL, '11fce15b841ea5a0524f45cc75e6e0bc71e7b75e'),
	(2, 28, 0, NULL, '1246e50541aae93f771af8059d74e36784d084bf'),
	(1, 65, 354778, NULL, '12a61b4f5438a46f4d40af4d29535d1e7697dd7d'),
	(3, 24, 658, NULL, '145ef7c7fb515124687287135675e8f28c9404c3'),
	(1, 59, 992483, NULL, '14b8faae45cb22c006a7af140b7ccc4b460647c9'),
	(1, 42, 26385226, NULL, '152b1aa837f93df689ed8902bc26809544ab434e'),
	(1, 91, 659643050, NULL, '156246e2f8c2356b46eb886ce6adde4714aedf45'),
	(2, 37, 0, NULL, '15a40d229aeca84ad429a8dd25302a6aa87d795e'),
	(1, 3, 6, NULL, '171445470efa4a173ab29117657e8eb9a5feb60b'),
	(1, 10, 941896, NULL, '1835858e10380c8694f3fb90e0725cc912fcc7b5'),
	(1, 41, 385, NULL, '19289586c4929dab1a6c86c72a7e05504bc04db8'),
	(3, 44, 5220, NULL, '19a92b704baccbc078bc5f445fc70f9db562298e'),
	(1, 44, 497216673, NULL, '19b69acde173c1145b85f370ccf1c20cd4061218'),
	(3, 21, 708642292, NULL, '1a9187436294b7a4a538394993dd139923a0cf2a'),
	(2, 37, 852, NULL, '1b5271645281c5fc9a9b4192eb220b77076b60a9'),
	(2, 13, 309155, NULL, '1b89d4e244ed06b7dd3900f519979c00e267aeca'),
	(3, 81, 0, NULL, '1dbbb8b50975273e2da0a907d4e50e96dd4facfa'),
	(3, 37, 1595208, NULL, '2088a0f6c1bff94796da2e76e6f3ae7e63714c2d'),
	(1, 38, 41928, NULL, '20caa8cd520b866b64448e1dd0259fc8631d85ca'),
	(2, 52, 98811, NULL, '20f43ea5984c0773291215648727f617ea7f46f2'),
	(1, 5, 167036, NULL, '21201c6f901c6ef6f832f6b7420bad265d4a046a'),
	(2, 71, 3098, NULL, '2155a6e5ad7965e1ea9e30b91e2a6c7e3c121658'),
	(3, 12, 114, NULL, '21ed09e693a35bd33c3dfc48141a3c9891cd2edf'),
	(3, 55, 45431, NULL, '232dc29cc054e2c492692da370804d631c4f6773'),
	(2, 43, 35577, NULL, '238e9e0d8925f59f6e00c5cc64b52d307d0d827e'),
	(3, 26, 0, NULL, '240bbb7108551bd8d98591c5072cb68af06ad674'),
	(2, 24, 17, NULL, '245a2b2558725f38905ea6ce146f2bd3e605c3af'),
	(1, 98, 928, NULL, '25c32f04cf0a05ac3856657976d75b8c40da5064'),
	(1, 37, 8, NULL, '25cde2142e70c7aad681df85f5e0756f53aa96e5'),
	(2, 1, 0, NULL, '261e764ade74882661a9986f657b1a43fb9535eb'),
	(1, 51, 795582154, NULL, '262d37768eb90b3e9df49d5af852eb5ce522f655'),
	(3, 33, 0, NULL, '26c28206ea2a042922344b8ca55a91ac3e616312'),
	(1, 96, 696, NULL, '29e0627375d69e5d1afedaff53b1221008b48c56'),
	(3, 77, 14941604, NULL, '2a09703435dd819bda27b73d6a9d77142a9ae803'),
	(3, 17, 64481975, NULL, '2a4a6ad6478877ff7060b61a670f9e3979817e17'),
	(3, 7, 5, NULL, '2a76e71cdf5f093cead20d5a659f18bcda349b4b'),
	(3, 96, 82174301, NULL, '2ac8199a8a272045da80e83226ba98b88019d454'),
	(3, 69, 9, NULL, '2ae26b47385bdf0a8640d6fe82d634dc78b7a9ae'),
	(2, 18, 2703183, NULL, '2b4e7003bc04cc8315e6e57ef5e9aa949e38d246'),
	(2, 69, 74, NULL, '2c2220d0ed0f1add9bb97968a7d8ce0789e7ef31'),
	(2, 24, 503984857, NULL, '2d6477a0d61b4aa06c81946a65ac3b4620a8e86f'),
	(1, 13, 62824, NULL, '2de50bec1d86849a9f10b9a0c20af79d706cef69'),
	(3, 86, 70, NULL, '2e72bd4e4dc2dd24977919b29cf5902e61a5ef1f'),
	(2, 100, 325321593, NULL, '303ad144685cdd688d9e0ba1213fc577139b89dc'),
	(3, 86, 576441, NULL, '30735dbbfa8f3ace34353ebc827b991f1235a2e3'),
	(1, 72, 6672, NULL, '3080a1b6a6b7968bf0fc66177b2d2a24700872ea'),
	(2, 89, 8895, NULL, '30f8b20510607d3c3f18e0d2321ee259e38588fb'),
	(1, 98, 8054790, NULL, '329c9d039ba14916ca4dcf71701ef2791101c958'),
	(2, 47, 56, NULL, '32b610ea49b02c71e5becddbf01fc42295330c6b'),
	(1, 74, 3405, NULL, '3389ee347e9eff9b733ed4032b86df9c88a854cf'),
	(2, 44, 27489, NULL, '33dec9bd65489ed3f9fa701658a0096413165660'),
	(3, 15, 426160, NULL, '33ecbef3ea95c50af39e869f54035647a17e4eab'),
	(3, 82, 32238, NULL, '357d0b04584863f0cd13ff6778800ea3c376c895'),
	(3, 32, 413, NULL, '374ba665c2bfcfb07fee7d131e5debeeb4429c63'),
	(1, 65, 24487781, NULL, '383317be13b02f0f1573537d30bdfc1567dd0ce6'),
	(2, 85, 5, NULL, '387aaa5f6acdc6d5f41394423bff733e188b3850'),
	(2, 41, 6967172, NULL, '388b0ce5807c92e05d2272d10bbe90f1f4890685'),
	(1, 63, 1, NULL, '38cdf9b5cfe64af60b0ae9f9b81390b926486553'),
	(2, 20, 0, NULL, '3960881bf527cc0d14b11bf6e28abdce67107a81'),
	(3, 83, 57974, NULL, '3a5ed1868c187f153b26242c8ba519ef97da1f92'),
	(1, 25, 25369, NULL, '3a61e4da33dcd5e9e69477e88dc674e40a83a420'),
	(3, 65, 867573968, NULL, '3ade76fece1625a386802615afb20a7a6982f0aa'),
	(2, 85, 3200432, NULL, '3b6bd168218a5a856c244778797c53bb84e687da'),
	(1, 88, 8732019, NULL, '3bc7a7e0add368c86eb8cc8aa6bd6eb222d5b5b3'),
	(3, 23, 327379, NULL, '3bd844b7994a1fa0f7f7239847ade69384cfffbd'),
	(2, 36, 7, NULL, '3bf92fb67236dc98bcc54864fa5dedf74c2d3dc4'),
	(1, 8, 937, NULL, '3df5c08d9e0cc839d2ef4d645dd57620cea77743'),
	(1, 30, 301274, NULL, '3e01182b2f9ef6c64930834da0d24cb4f47c2a66'),
	(1, 96, 5042, NULL, '3e72cadb075ae9aea9888f880b5c5a0106602665'),
	(1, 92, 3807200, NULL, '41c0d94837fecaa57deaee35b120e89e5df8a7bb'),
	(1, 15, 178710605, NULL, '42ba7b0f19b055e9f3feb72da06dd64063cb3462'),
	(3, 52, 242, NULL, '435f9094dc262c9fe33b7b7886a4f632e875dd25'),
	(3, 86, 947944781, NULL, '43e2f019907659059ca3a408959612286dd4eb03'),
	(3, 93, 572, NULL, '44a351f4077de9f362b0371a496dd0f7b6a8e641'),
	(3, 91, 85476, NULL, '4606ff1bf63261c6de8834ea84d6d87800025e8a'),
	(2, 65, 6799191, NULL, '470602723677bfe673fca285559fe7ddf8b4e8f8'),
	(3, 82, 19416, NULL, '481c3f2c9f450a0dc13529bb06a5c9b1109a33d5'),
	(1, 71, 93009808, NULL, '4846a838183d2ca88c410dac31c25e51fffd66d8'),
	(2, 36, 6479, NULL, '49439b754e734ac54f923d41eea71013a7fc105f'),
	(2, 78, 38, NULL, '4bb15ab9cb79b091d14bc7ec831d0137fe3c9b44'),
	(2, 21, 15, NULL, '4be62ccf0c720030c50f7ffdbb9bf8c221923b9d'),
	(1, 31, 90, NULL, '4c4d70be0f3a5325621db1e9f3353b415b3df68a'),
	(3, 28, 99544, NULL, '4c766d4ec5dd2fe006a7a92780364e988367707a'),
	(3, 11, 0, NULL, '4c8b894150a3a87271a09100a6454f7c9cffcd8e'),
	(2, 74, 161148139, NULL, '4d5fad6dbd198e5995750db8dd2ffc23743819b5'),
	(3, 6, 3, NULL, '4f86819246125ae88710551d878787b563ca5952'),
	(1, 28, 12, NULL, '50260a9cdbd3f18ef4e39692ea04ca81241c05aa'),
	(2, 48, 891, NULL, '52b89d977eaf1b64a829abcc4d753d381663ad70'),
	(2, 91, 289772358, NULL, '52d9639c4ff60bf9e9739db417972c849e75687f'),
	(3, 85, 844357, NULL, '54a284c259a6be3738908034027bf5c0f757f1a7'),
	(3, 80, 88159654, NULL, '54d4d9f1e4b78718783dc56343e2cb6adabb4e45'),
	(3, 19, 893777, NULL, '5573a4d7bd0367fc4e474ed2a0335e8e5ae1da70'),
	(2, 8, 6, NULL, '56868a65cd4efe5d5ce80b79a1861c7bb895dedc'),
	(3, 75, 0, NULL, '571cb0632fb4c39603d294bf4efa4536fd7c02bf'),
	(1, 16, 72616462, NULL, '5778a7760dcf5ca5b9a19e3dc2914aad6de3aaa7'),
	(2, 61, 857, NULL, '58e0afe0b0efaff66b6f9ab646b54d2f5b9c7ac0'),
	(2, 13, 46720410, NULL, '5a203c0663011d68ab39486613110ccd3f8898c6'),
	(2, 83, 5773438, NULL, '5aa6b275d52f92b50cbaac7381ce951cbf494468'),
	(1, 64, 44, NULL, '5b77771282d0415e70f5e8aa9578072b7dfdb528'),
	(1, 47, 7431, NULL, '5bff8e44ad9567f62e5cf2abc626fa676b1fd741'),
	(1, 46, 74664280, NULL, '5e8f0c7cb6f9e79acf8178a9d0a2246267453a71'),
	(3, 63, 8751981, NULL, '5ea1e760369716b825958c51a2870f0619ec5845'),
	(3, 42, 80355619, NULL, '5f4557e0047ffee6636f190730c4dcf385d01ecd'),
	(2, 65, 0, NULL, '606f59d477099592759e3066edcedd215ae424ea'),
	(2, 60, 2619, NULL, '6137241bdf5bdcafa3727df0b2bc7998236774fb'),
	(2, 95, 528136709, NULL, '6163f167aaa70dd1a8595b84c1cd343b1b4480da'),
	(1, 17, 671903, NULL, '61a0de5d77c3e58d31764da0582fd3bd56c4c79f'),
	(2, 76, 439, NULL, '61b84906430c24efc6c91d4d7f5358df121b66d7'),
	(2, 16, 69, NULL, '62483e51878c9e87411837062feea53858df2262'),
	(3, 60, 0, NULL, '62792a95b5bab7e753c697057a65380201212079'),
	(1, 70, 0, NULL, '63a5b0988f9907b2b6bae42fe805b7b6975868a2'),
	(3, 90, 611248, NULL, '63a5ced7ce4a0a9d2e0e1527002161677bcb9734'),
	(2, 49, 33483, NULL, '63bca225d0f88846287a43042517b2608cbe19d9'),
	(2, 47, 25760, NULL, '646153a9ac7f84a16965b02969f425b6e39a3b40'),
	(3, 70, 10272679, NULL, '658501921fdd17b70c175283370b6d1cf594210b'),
	(2, 35, 255, NULL, '6670aa1fbf451a0bd375ee8d346cb4e999e1786d'),
	(2, 9, 85729, NULL, '68436a70d875280b418365171450df9009b9f00b'),
	(1, 6, 5, NULL, '68d386dccab13b4d85a9da80988c8fd653e42403'),
	(3, 36, 2299483, NULL, '691591acbe3e94c78a9a8e8a66cc64c686cf0ca3'),
	(3, 51, 86243, NULL, '69193e81fedea0fc6f4cec34197316c3a03ad82a'),
	(3, 15, 8, NULL, '69412941fee27ee17519e1b88c7530ddacdc7c2a'),
	(1, 15, 3168, NULL, '6afe8d965178d3560104ef38a3b4b505b40b68ed'),
	(2, 18, 0, NULL, '6bf236e5b072f58956cffd01c824c8636be8b23c'),
	(1, 16, 277, NULL, '6ee3d5bb45b882cc67b50f21baa7caba5dcbe814'),
	(3, 80, 5, NULL, '6eeda147d5f58cbb1de9fe01da173a0a7590b315'),
	(1, 3, 111646, NULL, '6ef1af88ffed6e3d1740374b06f2dbe7ec732bde'),
	(1, 75, 29765038, NULL, '6f0884d928ab56e351e76dc3ac64652b43d1031c'),
	(3, 67, 593807, NULL, '710b25980134653695be334a263cface41545c33'),
	(3, 11, 108, NULL, '72dbfdbf4b131ba42b12ccbbeabf3dd8468acd59'),
	(2, 97, 6657155, NULL, '7552d54418c29857592fc8ed25237d46b18c4ef7'),
	(1, 10, 49, NULL, '758c1e4854209f1d4ef418f4d03909a29962dcc5'),
	(1, 33, 620348276, NULL, '7704e6ba2b345da8905fa698c3495bf33c9f15d6'),
	(1, 1, 45700, NULL, '777d56d506ae6a06c4673812cb2703f5c35e5013'),
	(1, 49, 871261078, NULL, '780180d5389ac6cbfe9ded2b1c1bc8f2ee6a4d34'),
	(3, 63, 77418, NULL, '7812256484b7dff9183a05c057f2774884c068e9'),
	(2, 67, 35415, NULL, '788fd51d79e615b6217b5692746c8f630b4df97a'),
	(3, 13, 68392456, NULL, '7a1204bd794e71ecc8329478f2ed846e97844348'),
	(2, 20, 47, NULL, '7a892f7ed1aa978527f69e232c414c9aae254cab'),
	(3, 8, 46336, NULL, '7af74bff26eef1af3ebf65eb85b509d03aa3cc11'),
	(1, 4, 847, NULL, '7d18b25529aba6c45cebdbb2f865e4f64aedac9b'),
	(3, 39, 2, NULL, '7e049fe4d125a14fc4202dc52ce9d0f71b343fd0'),
	(3, 39, 1722484, NULL, '7e0a1329e8037aa13308f5cc24bbe62d3d48f869'),
	(1, 6, 35463, NULL, '7e6336c65a5e86d5fdee52e102015e4568b535d1'),
	(1, 19, 32901, NULL, '7e7fc4be24122018723b36e41229fa0992595870'),
	(3, 8, 28276, NULL, '7eb4b3ce0f849b4aa0e0f5515551b7e6cc293fac'),
	(1, 8, 40, NULL, '7f3e07b4456ebff575c3446091e97854502942d7'),
	(2, 76, 0, NULL, '7ff310086b708adbf4b76a8c7f1fcf783489de28'),
	(1, 75, 1, NULL, '805ed55ade67122837011d0d9f82dc40c3b82cdf'),
	(1, 48, 856, NULL, '807e07129147ef9d6bb37f2eda774bce799553f5'),
	(3, 84, 51, NULL, '80a9bfe0b87345b8156bed507514ff5fdd472859'),
	(1, 48, 0, NULL, '80e3a66e8da1452524556d769947ca59b08b3a09'),
	(3, 19, 86957, NULL, '82b1d8a48e3612cbb6284d246c0311304e04379e'),
	(1, 87, 0, NULL, '85241d40f7dbc3ce8da1c898abc5382a26811786'),
	(3, 29, 0, NULL, '85d7df8a89379cb2b005cb9f8e23f9bb7fe36ec6'),
	(3, 3, 9073, NULL, '8750610d333d142942f030f3cabb984413ec1ddc'),
	(2, 64, 96772884, NULL, '883f706f7b0a908bd9fceb489193973a1a0c9fa5'),
	(1, 71, 50, NULL, '886c56c676799bbfd684231ef0f118dbb846b8f8'),
	(3, 97, 91158, NULL, '88dfd8fb08018b30c6a849f834e757a2b5595129'),
	(1, 20, 10317, NULL, '891049ea300d645c8b263761b1460bbfb3e5e21d'),
	(3, 20, 9957, NULL, '8a589f686585eb0105279c4e696440b854b79584'),
	(2, 11, 15339480, NULL, '8a6bb9afb857db6a00a620b75629bed8bee41604'),
	(2, 92, 169112, NULL, '8aff94afea6f474c1eb6b41bcccba2231e4e355c'),
	(3, 10, 7, NULL, '8ba3b10c049c8a78310ae4a5797d0fde13e712df'),
	(1, 77, 0, NULL, '8bd766658da2303298a4f48f8e1be909ee49b7a5'),
	(3, 83, 34162567, NULL, '8daea8761fc2a92d823f53386035099a7fbd8cc0'),
	(1, 79, 782358, NULL, '8edc4256932c5f7f26825527df22e16b5921aa16'),
	(2, 37, 501501, NULL, '8f01631995947a4939f7d68f2054b415248f9f83'),
	(1, 23, 220792, NULL, '8f9d5df275b25b83fcfbaeb6fa5254ed2739f40d'),
	(3, 37, 3319, NULL, '9209b7e6463a48fda47e849da1a73a0bde55f060'),
	(1, 43, 6493446, NULL, '93349e0bf5d7ee1f265484943ff86e12aa7be758'),
	(2, 67, 9, NULL, '96048fdd3bffea46da91cdb7be065e79e0689570'),
	(3, 42, 564753, NULL, '96199c884d66d5c6bb5d32ce3567444ebd1447c3'),
	(3, 35, 96133, NULL, '96779aa43eb0db92d53a2c724440de96c73b03ab'),
	(3, 87, 9328613, NULL, '973110e0461bfd5dde195edc1754fb9459d74ced'),
	(1, 98, 412899, NULL, '983d0e1cf4ed04bf64f86597fa6942684319e954'),
	(2, 26, 369736, NULL, '984a7097ddc6408ae45fb192b627b95af5b9422e'),
	(1, 23, 622, NULL, '9888ab88c0dad2caa7081a836a8a9e50044540ae'),
	(2, 17, 0, NULL, '989e0f97e139443afef2f2167a010e38c61027ac'),
	(2, 81, 87569807, NULL, '98b0a3070773930f973ce6cd475d3b0076138aa4'),
	(2, 70, 6743, NULL, '9a0c86cd545d4f87d69693517b2fab96176cfad1'),
	(2, 56, 24469, NULL, '9a105e101770da498fe0b75dbc24b8ae458d4242'),
	(2, 28, 7, NULL, '9a3a73beaa9dd53fc833773218cb0a80efb0c760'),
	(3, 63, 9, NULL, '9ab71d666b566cbc67667bb28d3ad9c2c5590426'),
	(3, 50, 913533167, NULL, '9b974bbbf11725de9d71b28a39ce7ee5f88c3fd0'),
	(2, 48, 0, NULL, '9bfe85a7dbc7621717824a797cdf6dabe27bd813'),
	(3, 40, 42739288, NULL, '9d62b14cd13052170ffec82438088874b2c61a2f'),
	(2, 67, 7710109, NULL, '9e91d3f708c86e4ef883416e49f0f88c328ed040'),
	(2, 98, 280430315, NULL, 'a072dc9c63e31522edda9f4caab06ff705fcd2c5'),
	(1, 88, 67, NULL, 'a0a73f6f7d12a25430c3c381e9f227a6d96732e5'),
	(1, 77, 5944, NULL, 'a187d46040e02bf26a054d8ee720cb14b90d89fb'),
	(2, 97, 2563536, NULL, 'a1b8b7f601b3fcb30bb9ed4d852f7fcf3c809900'),
	(3, 13, 572195460, NULL, 'a1c90fd09a3163fc1b0bd16cdb25ff0896e2c0df'),
	(1, 23, 785246688, NULL, 'a3abdc2336eee6515a1b140bdb59a588dbb5897d'),
	(2, 4, 0, NULL, 'a3b55c29f372b81ab5b46d6c15bea06ce135c476'),
	(2, 96, 4712, NULL, 'a3c505d4327351c5d4ba9937687770f0a25c6388'),
	(3, 12, 276126, NULL, 'a4f331def0eeba35ed83b361a2d6054bd613aae0'),
	(3, 39, 5007, NULL, 'a537506f90a6441e511e2f330721d868898b84c6'),
	(1, 13, 82930, NULL, 'a5644b92086922ffcf09a32b939eb3612f8db7bf'),
	(3, 85, 118172679, NULL, 'a575818961d0115d8f05f6581ddc58934acd5ab1'),
	(1, 1, 5245563, NULL, 'a7023b57c97ea983a0776566bfcd538e272d9f60'),
	(3, 58, 1770, NULL, 'a7f36e93fea8b78a6422ac9981417059d3fed08e'),
	(3, 89, 38, NULL, 'a7fe3bebb615cee3dba0e46db73705c7095b3697'),
	(3, 10, 16027013, NULL, 'a853c757e59aa779ff643c86a833501d424c2661'),
	(2, 81, 3365268, NULL, 'a87585cc29a38d117f63685ad14502d2a8e9f472'),
	(3, 41, 564, NULL, 'aa83294c5b4fec8d15dd8a849a094a643c322a4f'),
	(3, 57, 27236, NULL, 'aae35c32a841dbddb1a62624b0d197fe8e8f8949'),
	(1, 84, 24534799, NULL, 'aaf0c386c50a3970b8dc4ac4972732e645c29cde'),
	(2, 81, 290914, NULL, 'aaf17202d25ef70cf206184250e2459c6ec4caa1'),
	(3, 30, 45072, NULL, 'ac3db717057425fb74f1483b31d9be8b7d98ca54'),
	(3, 82, 9, NULL, 'ac5d8aed1d4bb2d812d23be48033c1e78a34c0c4'),
	(1, 38, 99687004, NULL, 'adc1a0043d28f857f55b5d87a5f6ae644351ee09'),
	(1, 74, 0, NULL, 'add54214eff21e1565c1ca1624a6db9436241ac4'),
	(3, 18, 79, NULL, 'ae06afcee6772092aeaf81c4fef68d66b7370ea0'),
	(2, 62, 666048925, NULL, 'ae17441f25d6045d0acebcf3c663906bb6b44fe5'),
	(3, 2, 77881826, NULL, 'ae835f59e30a5978bfabc89cd22832b0292d5e5c'),
	(3, 9, 0, NULL, 'aea1fa5d48698363123047c99bd563fc939fd5e3'),
	(3, 43, 0, NULL, 'aeeed2f230d8feb441f51d6be1563ea84b6c9253'),
	(3, 37, 5600783, NULL, 'af491ecb113357c7aa92420c6d956947265b3482'),
	(1, 98, 23, NULL, 'aff8a51811f70a05ba8c4e2ea1f9da3d55fbef3f'),
	(3, 54, 0, NULL, 'b02827668569a9c9eb5444b7aeb1364dadbca815'),
	(2, 63, 43971, NULL, 'b06f88c69711c127c844e18c002e3d3ebb2b4a5e'),
	(3, 33, 9, NULL, 'b0d816fcce45339247d4669c0c86bdffd3fcf8c6'),
	(3, 60, 0, NULL, 'b17514fe8e73b0998cf3b3af4ab89c041d27e1d6'),
	(1, 31, 614, NULL, 'b1f6b338432555a72aedd1d5a7c08e2db3d00490'),
	(2, 35, 52036, NULL, 'b1ff363a46aabdf38f2c133ac719352a621daaee'),
	(2, 85, 9, NULL, 'b28f79e82ecbb9bd467fd65e0512b77e0a4fd765'),
	(3, 8, 55, NULL, 'b3317d1f0e7007d393332ca6ec87c15f253a65fe'),
	(1, 77, 5059, NULL, 'b3c352379e9db8bba03b67425303e2538ae2e19d'),
	(3, 42, 3112036, NULL, 'b42904091aa9f82af9357e4889751e622f38501e'),
	(3, 56, 35, NULL, 'b48f700d7d8cae1f05526ac9575d8730aa46d6f9'),
	(2, 29, 5536, NULL, 'b5ca06bbef3d774aa6b270ab6fba9deef9dc3eab'),
	(3, 12, 4301, NULL, 'b782b447ae3707430a901c4fd28416e6e5231208'),
	(2, 11, 14, NULL, 'b8f8ba37c7549f5cb69cea52af68b1c70710e51e'),
	(2, 38, 7555359, NULL, 'b90557003bbe0c5c1261353e59431f4b09f5dde1'),
	(1, 12, 851320, NULL, 'b95f6996d1679208dc34db66da587cab10954b20'),
	(3, 27, 36126621, NULL, 'ba85abaa98f7001356d71bddd11ea5317a939a38'),
	(2, 83, 7815, NULL, 'bb708438d50e87a6243920aefa598df362ccae99'),
	(1, 50, 0, NULL, 'bba0463715c4e3a66c003d87709dec24f8be6a78'),
	(3, 83, 749777, NULL, 'bdfc3054ccc725822bb860be682385641b28d468'),
	(3, 2, 8663459, NULL, 'be59514d70edbfbfbdea382f41c2584261d0b6e4'),
	(2, 54, 0, NULL, 'be8ec2acf73f50a50c95deda302ac7b8ec87b527'),
	(1, 85, 41490, NULL, 'bf1ec9bb067c87368c56af52a64d8a896c09a199'),
	(1, 74, 4808, NULL, 'c11c65feef526601d467611ea636c3b7736a48e1'),
	(2, 40, 2, NULL, 'c172908b8e7a86d57dfc76b7cf64cdc495530672'),
	(1, 67, 341846, NULL, 'c1c5e0ab54c2c9c3db79ea93e9457faca7c89702'),
	(3, 59, 5, NULL, 'c3296831648d23d56fd837e6e266938162948e0a'),
	(1, 96, 8, NULL, 'c3ef4ce58a07a25f58da634ee7020275c9f9df50'),
	(3, 53, 0, NULL, 'c3f260314f6224edbdc79175c846b71422636dd6'),
	(1, 66, 68968051, NULL, 'c4eb8dc630179491ad8972fddcca01a45251e4a1'),
	(2, 80, 988307986, NULL, 'c554c97fd71d194ab1223cf418cbb40b0038ab2c'),
	(3, 2, 2626, NULL, 'c55da7aa8eb8cca6cd6928a4e5066f355fa7843f'),
	(1, 11, 852695968, NULL, 'c5acceec56ee49718697abe535684679df1380ed'),
	(1, 63, 33, NULL, 'c5b094a7024bcc7cd7632c4cd58fb0d4ea4e72c8'),
	(2, 13, 18381, NULL, 'c5d379727267154ba03a95be8d9b78028a1df6c4'),
	(2, 29, 1766582, NULL, 'c5e802cc86061bbfea28c74afb3f888dd9b8c447'),
	(3, 85, 78654138, NULL, 'c666e53febe2bc16ff701bdabb6a0ef337dfdb16'),
	(3, 47, 2081643, NULL, 'c70cc9694b0e52e1bcd1f88a0928d1102182661c'),
	(2, 92, 49, NULL, 'c9667c48c071e2eb14741bf25a55d8f02f6cabc5'),
	(2, 48, 3, NULL, 'c9e555a16479632741f7d0b76c1fad75c3ca8cc2'),
	(3, 19, 60186, NULL, 'cad7a33a0ea8eb499a305f91a25667c6cd0f3327'),
	(1, 40, 8080, NULL, 'cbaf70a1d47e83ca848a6d35f18d056ab85eff91'),
	(1, 20, 703, NULL, 'cd0e40c7a42e668bdcc4fe3ad08369f63bcfb1f0'),
	(3, 7, 4, NULL, 'ce31f13615f48cb12d643743d2330ce0496e1bfd'),
	(2, 15, 0, NULL, 'cece937cf4e96583c789af89ef9226a1816797b8'),
	(3, 92, 5, NULL, 'ced76b6651ae921ad3f69e938e294ce9b00f3352'),
	(3, 10, 92190183, NULL, 'cf5c25216c1bcd3169bf35ddb1ba62dee1756f31'),
	(1, 84, 0, NULL, 'd041db458f5811edb1e25d40368b38cd2b461573'),
	(2, 69, 696, NULL, 'd14ed50cb2ae600ac0351342c2afba1dcabfda5f'),
	(1, 55, 736665060, NULL, 'd310b14ff5fbb342dea3069d5825aa7fff467037'),
	(2, 64, 720520270, NULL, 'd3496fed4440348d24a9f3d31f5f28d42ce061e7'),
	(1, 78, 1314997, NULL, 'd5878ace4af5fba4006c9a7fecc8e98c1395d31c'),
	(2, 82, 2, NULL, 'd5c6371cac18c8b3036a07fdf5ee95388cfc0af4'),
	(3, 42, 856134986, NULL, 'd67529c7b258bd8e5c86518733dd2433a9489b58'),
	(2, 100, 178, NULL, 'd7a07bb658a8d00aa52befac6c69a5c810a35a42'),
	(2, 82, 22, NULL, 'd871f38850349b8fa1d4ed1e235b93c844984278'),
	(1, 83, 676, NULL, 'd978eb38e96a07120ee415761de862055953271e'),
	(2, 96, 9, NULL, 'db80fe6db61212dfa34edb139d71bacacbdd83af'),
	(2, 75, 521, NULL, 'dbc9b76491002f869bf68c665d9eb149b7d96f37'),
	(3, 23, 3926003, NULL, 'dc0a2c1d483dc3aedbd9cdd44a34563304026484'),
	(1, 47, 13512489, NULL, 'dd185261b0fe64fba467cb8118d6b3bc9a6aa217'),
	(2, 85, 91, NULL, 'dd582ea118bcb89391c5356f9816bec0f7553e3d'),
	(3, 97, 234164, NULL, 'de04d238970f26d7a09a2e8ea993346d4891ca03'),
	(2, 62, 71534514, NULL, 'de23d11b76f66a27fe59080f56ca76a11e5ddae4'),
	(3, 61, 9528, NULL, 'e1e8145061a9a5c4455d3282e4dea49ddd485ad3'),
	(1, 100, 44427, NULL, 'e2503910b84b957daff1fb73ce873158bd99e6bb'),
	(3, 39, 422649345, NULL, 'e38762873fa37a4e415c670aaab533f0a5209eed'),
	(1, 65, 0, NULL, 'e3e958d5a10884de477a2de1f81fcfd74ec37875'),
	(2, 21, 0, NULL, 'e5c1dcf688dacb9f1a8f857e21a10a0e94672ac1'),
	(1, 5, 373448, NULL, 'e5d60f6dcde8270aa92d4facc5591c91c3c04216'),
	(3, 16, 748118, NULL, 'e63b04d0f5ed7638778e7318ce8b1eaed8007cf3'),
	(1, 59, 1, NULL, 'e691beb6a5fc23cddfcb4df6d2b2b86f53e7d11c'),
	(3, 79, 9096, NULL, 'e9b8e21b5f5dac7add5789395085ab4f19cfad11'),
	(3, 62, 322891, NULL, 'e9c65be06b89cbdb6a51669fc1c5070425d6e55d'),
	(1, 45, 5, NULL, 'ec7f39ce78a517f30dcbd1c29f005206b49c0d03'),
	(1, 15, 76876776, NULL, 'ed186b028a9d02173b3096155f6a2001e63b4588'),
	(3, 30, 55, NULL, 'ed4228249e58ae501c2566f5e9d74d245032eab5'),
	(2, 74, 814776, NULL, 'edc594de1c8aa10aadac937dd2f73fa414893499'),
	(2, 14, 9447397, NULL, 'edde94125b453139cf606ebe09c1dde63456ec88'),
	(3, 45, 3, NULL, 'efc53f95e9ddcc031e96be1db4322a40947f9d87'),
	(1, 19, 1, NULL, 'f04bc1d87ac7e25548f951332f6504fc14e25a14'),
	(3, 11, 574200455, NULL, 'f12d8f16266fe12a552406bfdafa9c32827b4f05'),
	(3, 27, 88, NULL, 'f1c67f4f1c33b4659d51f8c490b26aae6314f648'),
	(1, 91, 68788974, NULL, 'f2905da7e195b3d882e891e5eca60869583321ba'),
	(3, 55, 0, NULL, 'f49c99c944085576317b400d6d03e0b5f08c8fb4'),
	(1, 36, 7055, NULL, 'f5585fa46c72a0df9a156fa21efb6a9ad46b6077'),
	(3, 9, 0, NULL, 'f6464a031d6759eafa0ee9a67740cc450fae1869'),
	(1, 9, 8, NULL, 'f6b7d7fa8b094e0e79a77a6b4107d37028869871'),
	(1, 97, 661, NULL, 'f6d0ef9c6e67b29a8745e7f96366afdd62799546'),
	(2, 60, 8, NULL, 'f7e5e6c2627d34a62f53a332fe10dfcbf4e83ad0'),
	(1, 74, 7223028, NULL, 'f8dde81e65624974fdbd9987f7d4bcc0f067fea1'),
	(2, 36, 347816, NULL, 'f97b9ca2774f367ef35398902f9f546d741f2d7f'),
	(1, 74, 786762534, NULL, 'fac5a00adff797749fd2a3280aee17e4e02602b3'),
	(3, 8, 8045679, NULL, 'fadc7a8fa6d4884ab305201c3bf6270ed5aef67d'),
	(2, 6, 7341271, NULL, 'fb3f2b671acd8f27faf84693cf4bff13fa66d2d4'),
	(1, 10, 1404, NULL, 'fb8b2a332527f517c12cc584940488ab0603fb09'),
	(1, 49, 3873852, NULL, 'fc79508b94013001775d10770d9fde2463cf70ed'),
	(2, 19, 79831, NULL, 'fc798261efa95ee87234d463b8138eaf2f1b1673'),
	(1, 67, 8, NULL, 'fe3a114e2d476d1b15ad0b29ce79771ab78e8ed6'),
	(3, 51, 439422, NULL, 'fe50a264ea66da77ae46b51b1fc1706384f5cc3c'),
	(3, 63, 5143, NULL, 'fe64fa2b6774c3df75168be05f39011927ea7f5f'),
	(3, 35, 6999, NULL, 'fe7c2ecfce3e194b9c78e52364507917c6d0e5a8'),
	(2, 99, 7, NULL, 'fe9a52139ab4c37116f5495511c49260b9b19ca3'),
	(2, 56, 564, NULL, 'ff3af54e3b1e95fdf9ff3c5bb48e24d43c9082f7'),
	(1, 25, 0, NULL, 'ff7ec9d981576b735fa420638926f163510c9c0d'),
	(2, 66, 6, NULL, 'ffc41c414fdf43a381f4a7eaab945ad11125f4ac'),
	(2, 65, 2334, NULL, '00ab8e04d1960391f4ca272e4c0a788e8c408859'),
	(1, 48, 8, NULL, '01298560217e192253ae85d6345eec9f4a1fdc3f'),
	(1, 45, 0, NULL, '0333ef869db20564c6e38f338f9f6c828d2a4602'),
	(1, 56, 460, NULL, '03ddf8c66ceacee1309b99da5b111cad002f9342'),
	(3, 30, 961099661, NULL, '04d267d11766679045b08583aa524e6245e11c68'),
	(2, 25, 9884319, NULL, '05307efb50cdb249b6e8fde6d58b640147a065df'),
	(2, 44, 949898, NULL, '059e8bea9ebb445bafc97f79fa467223b4e8650c'),
	(3, 56, 55492211, NULL, '05c9fe7ca7fcceb73a1eec4c7ad50355ee144657'),
	(1, 56, 1648166, NULL, '05d584bdb080a5dbf1c59c3f0b44ad986bbf43b0'),
	(2, 11, 5836454, NULL, '065d48e03f8318b2371a2be119fd84e78df04f36'),
	(2, 100, 4511, NULL, '0740a885a6b3453256ae9439f4dfb05de4bfba4b'),
	(2, 86, 4526, NULL, '097e400bb4d5f0b39152e2115b084f9fb1877579'),
	(1, 73, 0, NULL, '098728c2005b90aa9f394bbb953b961c4c50c4f2'),
	(3, 66, 392, NULL, '09bde7c1ac98aae69a934259b4eebeee8dcf7e69'),
	(1, 7, 3554, NULL, '0a8fe339c64d55d8dad980a3d6858749f2a967e8'),
	(1, 9, 8526621, NULL, '0c28cea2629d77be9219be59e6b4e65c948103f2'),
	(2, 47, 759820856, NULL, '0c5a54c0ed493defb1bd7d1d52e63adb4921d9e4'),
	(1, 3, 305005, NULL, '0d09262b78f834623500f046011b3d5df84a4e39'),
	(1, 18, 59, NULL, '0e22e80d2f8cf898c4e88e11afb0280de033595b'),
	(3, 19, 36, NULL, '0e5b8321121973f6b69d101dcd34239b5065f89f'),
	(2, 97, 4221347, NULL, '0f626beb9039961ab8bc359a4ad8012fb195b0d6'),
	(3, 66, 5589, NULL, '0fac299d0a268b6e9e8b4cbc0b31f3c48a1f34cd'),
	(2, 6, 31986040, NULL, '0fedfee089e2230532eb26ede5e0cbe19a77880a'),
	(3, 23, 67806, NULL, '1107db4056dcf4e788ad3ebefba7ead2a5a33b11'),
	(1, 22, 3, NULL, '1186cbcbe538b984bc66ed58918785003bbb6f67'),
	(2, 67, 789, NULL, '11fce15b841ea5a0524f45cc75e6e0bc71e7b75e'),
	(2, 5, 6, NULL, '1246e50541aae93f771af8059d74e36784d084bf'),
	(1, 43, 1, NULL, '12a61b4f5438a46f4d40af4d29535d1e7697dd7d'),
	(2, 68, 346, NULL, '145ef7c7fb515124687287135675e8f28c9404c3'),
	(3, 47, 1056, NULL, '14b8faae45cb22c006a7af140b7ccc4b460647c9'),
	(3, 45, 213232, NULL, '152b1aa837f93df689ed8902bc26809544ab434e'),
	(2, 8, 11726, NULL, '156246e2f8c2356b46eb886ce6adde4714aedf45'),
	(2, 14, 79960, NULL, '15a40d229aeca84ad429a8dd25302a6aa87d795e'),
	(1, 99, 162161217, NULL, '171445470efa4a173ab29117657e8eb9a5feb60b'),
	(2, 47, 47666, NULL, '1835858e10380c8694f3fb90e0725cc912fcc7b5'),
	(2, 60, 11087, NULL, '19289586c4929dab1a6c86c72a7e05504bc04db8'),
	(1, 99, 31219, NULL, '19a92b704baccbc078bc5f445fc70f9db562298e'),
	(2, 12, 0, NULL, '19b69acde173c1145b85f370ccf1c20cd4061218'),
	(3, 19, 6296071, NULL, '1a9187436294b7a4a538394993dd139923a0cf2a'),
	(2, 6, 3426119, NULL, '1b5271645281c5fc9a9b4192eb220b77076b60a9'),
	(1, 67, 66685, NULL, '1b89d4e244ed06b7dd3900f519979c00e267aeca'),
	(2, 79, 459, NULL, '1dbbb8b50975273e2da0a907d4e50e96dd4facfa'),
	(3, 30, 23654, NULL, '2088a0f6c1bff94796da2e76e6f3ae7e63714c2d'),
	(1, 52, 65436, NULL, '20caa8cd520b866b64448e1dd0259fc8631d85ca'),
	(3, 96, 69359677, NULL, '20f43ea5984c0773291215648727f617ea7f46f2'),
	(3, 43, 7, NULL, '21201c6f901c6ef6f832f6b7420bad265d4a046a'),
	(2, 32, 3870, NULL, '2155a6e5ad7965e1ea9e30b91e2a6c7e3c121658'),
	(3, 5, 0, NULL, '21ed09e693a35bd33c3dfc48141a3c9891cd2edf'),
	(1, 57, 67, NULL, '232dc29cc054e2c492692da370804d631c4f6773'),
	(2, 78, 89017, NULL, '238e9e0d8925f59f6e00c5cc64b52d307d0d827e'),
	(1, 53, 3486261, NULL, '240bbb7108551bd8d98591c5072cb68af06ad674'),
	(3, 12, 828921, NULL, '245a2b2558725f38905ea6ce146f2bd3e605c3af'),
	(3, 45, 15244705, NULL, '25c32f04cf0a05ac3856657976d75b8c40da5064'),
	(2, 38, 2029, NULL, '25cde2142e70c7aad681df85f5e0756f53aa96e5'),
	(1, 5, 71898600, NULL, '261e764ade74882661a9986f657b1a43fb9535eb'),
	(1, 43, 793208, NULL, '262d37768eb90b3e9df49d5af852eb5ce522f655'),
	(3, 12, 1347493, NULL, '26c28206ea2a042922344b8ca55a91ac3e616312'),
	(3, 27, 52490711, NULL, '29e0627375d69e5d1afedaff53b1221008b48c56'),
	(2, 9, 17385987, NULL, '2a09703435dd819bda27b73d6a9d77142a9ae803'),
	(1, 70, 2, NULL, '2a4a6ad6478877ff7060b61a670f9e3979817e17'),
	(2, 82, 82607322, NULL, '2a76e71cdf5f093cead20d5a659f18bcda349b4b'),
	(2, 79, 0, NULL, '2ac8199a8a272045da80e83226ba98b88019d454'),
	(3, 95, 80489956, NULL, '2ae26b47385bdf0a8640d6fe82d634dc78b7a9ae'),
	(3, 85, 9114458, NULL, '2b4e7003bc04cc8315e6e57ef5e9aa949e38d246'),
	(2, 36, 474062537, NULL, '2c2220d0ed0f1add9bb97968a7d8ce0789e7ef31'),
	(2, 26, 31497, NULL, '2d6477a0d61b4aa06c81946a65ac3b4620a8e86f'),
	(3, 75, 3, NULL, '2de50bec1d86849a9f10b9a0c20af79d706cef69'),
	(2, 98, 83, NULL, '2e72bd4e4dc2dd24977919b29cf5902e61a5ef1f'),
	(2, 44, 81923, NULL, '303ad144685cdd688d9e0ba1213fc577139b89dc'),
	(3, 64, 61092, NULL, '30735dbbfa8f3ace34353ebc827b991f1235a2e3'),
	(3, 32, 4, NULL, '3080a1b6a6b7968bf0fc66177b2d2a24700872ea'),
	(3, 73, 61524, NULL, '30f8b20510607d3c3f18e0d2321ee259e38588fb'),
	(3, 18, 151, NULL, '329c9d039ba14916ca4dcf71701ef2791101c958'),
	(2, 35, 4, NULL, '32b610ea49b02c71e5becddbf01fc42295330c6b'),
	(2, 92, 8, NULL, '3389ee347e9eff9b733ed4032b86df9c88a854cf'),
	(3, 6, 0, NULL, '33dec9bd65489ed3f9fa701658a0096413165660'),
	(3, 29, 7818590, NULL, '33ecbef3ea95c50af39e869f54035647a17e4eab'),
	(3, 80, 18146398, NULL, '357d0b04584863f0cd13ff6778800ea3c376c895'),
	(3, 4, 888372832, NULL, '374ba665c2bfcfb07fee7d131e5debeeb4429c63'),
	(2, 43, 88, NULL, '383317be13b02f0f1573537d30bdfc1567dd0ce6'),
	(3, 71, 10879, NULL, '387aaa5f6acdc6d5f41394423bff733e188b3850'),
	(2, 85, 848044, NULL, '388b0ce5807c92e05d2272d10bbe90f1f4890685'),
	(2, 20, 98369365, NULL, '38cdf9b5cfe64af60b0ae9f9b81390b926486553'),
	(3, 60, 92, NULL, '3960881bf527cc0d14b11bf6e28abdce67107a81'),
	(2, 11, 86909, NULL, '3a5ed1868c187f153b26242c8ba519ef97da1f92'),
	(3, 93, 4, NULL, '3a61e4da33dcd5e9e69477e88dc674e40a83a420'),
	(2, 29, 44750857, NULL, '3ade76fece1625a386802615afb20a7a6982f0aa'),
	(2, 41, 5, NULL, '3b6bd168218a5a856c244778797c53bb84e687da'),
	(3, 58, 969, NULL, '3bc7a7e0add368c86eb8cc8aa6bd6eb222d5b5b3'),
	(2, 79, 750, NULL, '3bd844b7994a1fa0f7f7239847ade69384cfffbd'),
	(3, 46, 30016283, NULL, '3bf92fb67236dc98bcc54864fa5dedf74c2d3dc4'),
	(2, 21, 632249686, NULL, '3df5c08d9e0cc839d2ef4d645dd57620cea77743'),
	(1, 70, 713, NULL, '3e01182b2f9ef6c64930834da0d24cb4f47c2a66'),
	(3, 21, 11, NULL, '3e72cadb075ae9aea9888f880b5c5a0106602665'),
	(1, 73, 5062, NULL, '41c0d94837fecaa57deaee35b120e89e5df8a7bb'),
	(1, 61, 8, NULL, '42ba7b0f19b055e9f3feb72da06dd64063cb3462'),
	(3, 87, 53937832, NULL, '435f9094dc262c9fe33b7b7886a4f632e875dd25'),
	(2, 59, 383, NULL, '43e2f019907659059ca3a408959612286dd4eb03'),
	(1, 44, 124242854, NULL, '44a351f4077de9f362b0371a496dd0f7b6a8e641'),
	(3, 61, 55195256, NULL, '4606ff1bf63261c6de8834ea84d6d87800025e8a');

select * from media;
