-- База данных behest (сайт "Наследие")
-- Требования в Требования.txt
-- Здесь минимум, поэтому решил пока не переносить в отдельный репозиторий.
-- Сделаю здесь, позже перенесу и буду дорабатывать.
-- В папке "Нормативная база" некоторые нормативные и справочные источники.
-- Сначала запустить filldb.sql.

DROP DATABASE IF EXISTS behest;
CREATE DATABASE behest;
USE behest;

-- Роли пользователя определяют права доступа к разделам сайта.
DROP TABLE IF EXISTS roles;
CREATE TABLE roles (
    id INT UNSIGNED NOT NULL AUTO_INCREMENT PRIMARY KEY COMMENT "Идентификатор роли",
    name VARCHAR(255) NOT NULL UNIQUE COMMENT "Наименование роли",
    created_at TIMESTAMP DEFAULT CURRENT_TIMESTAMP COMMENT "Дата создания записи",
    updated_at TIMESTAMP DEFAULT CURRENT_TIMESTAMP ON UPDATE CURRENT_TIMESTAMP COMMENT "Дата последней правки записи"
) COMMENT = "Роли пользователя в системе";

DROP TABLE IF EXISTS users;
CREATE TABLE users (
    id INT UNSIGNED NOT NULL AUTO_INCREMENT PRIMARY KEY COMMENT "Идентификатор учетной записи пользователя",
    name VARCHAR(255) NOT NULL UNIQUE COMMENT "Наименование учетной записи пользователя",
    email VARCHAR(255) NOT NULL UNIQUE COMMENT "Электронная почта пользователя",
    email_confirmed BOOLEAN NOT NULL DEFAULT 0 COMMENT "Подтвержение электронной почты пользователя",
    phone VARCHAR(64) NOT NULL COMMENT "Телефон пользователя",
    phone_confirmed BOOLEAN NOT NULL DEFAULT 0 COMMENT "Подтвержение телефона пользователя",
    password_hash VARCHAR(1024) COMMENT "Хэш пароля пользователя",
    blocked BOOLEAN NOT NULL DEFAULT 0 COMMENT "Блокировка учетной записи пользователя",
    created_at TIMESTAMP DEFAULT CURRENT_TIMESTAMP COMMENT "Дата создания записи",
    updated_at TIMESTAMP DEFAULT CURRENT_TIMESTAMP ON UPDATE CURRENT_TIMESTAMP COMMENT "Дата последней правки записи"
) COMMENT = "Учетная запись пользователя";

DROP TABLE IF EXISTS user_roles;
CREATE TABLE user_roles (
    user_id INT UNSIGNED NOT NULL COMMENT "Идентификатор учетной записи пользователя",
    role_id INT UNSIGNED NOT NULL COMMENT "Идентификатор роли",
    PRIMARY KEY (user_id, role_id),
    CONSTRAINT user_roles_user_id_fk FOREIGN KEY (user_id) REFERENCES users (id) ON DELETE NO ACTION ON UPDATE CASCADE,
    CONSTRAINT user_roles_role_id_fk FOREIGN KEY (role_id) REFERENCES roles (id) ON DELETE NO ACTION ON UPDATE CASCADE
) COMMENT = "Назначение роли учетной записи пользователя";

DROP TABLE IF EXISTS media_types;
CREATE TABLE media_types (
    id INT UNSIGNED NOT NULL AUTO_INCREMENT PRIMARY KEY COMMENT "Идентификатор типа медиа файла",
    name VARCHAR(255) NOT NULL UNIQUE COMMENT "Наименование типа медиа файла",
    created_at TIMESTAMP DEFAULT CURRENT_TIMESTAMP COMMENT "Дата создания записи",
    updated_at TIMESTAMP DEFAULT CURRENT_TIMESTAMP ON UPDATE CURRENT_TIMESTAMP COMMENT "Дата последней правки записи"
) COMMENT = "Типы медиа файлов";

-- После загрузки файла высчитываем его хэш. Если такой хэш уже присутствует в базе, 
-- значит этот файл уже закачивался, поэтому файл не сохраняем на сетевой ресурс. 
-- В любом случае в таблицу media передаем хэш файла, даже файл с таким хэшем уже существует.
-- Таким образом получается, что одному хэшу соответствует несколько записей медиа, с разными названиями, 
-- но одним файлом.
-- Хэш нужен для того, чтобы не хранить идентичные файлы на диске. Если исходный файл был изменен,
-- то он сохраняется под другим хэшем и это уже абсолютно другой файл. Это связано с тем, что
-- пользователи могут загрузить одни и те же картинки, например, котиков. Хэшем мы отсекаем дубликаты файлов.
-- Это существенно для бюджетных хостингов, когда дискового пространства мало, экономия получается до 40%.
DROP TABLE IF EXISTS files;
CREATE TABLE files (
    hash VARCHAR(128) NOT NULL PRIMARY KEY COMMENT "Хэш медиа файла",
    file_name VARCHAR(255) NOT NULL UNIQUE COMMENT "Путь медиа файла",
    created_at TIMESTAMP DEFAULT CURRENT_TIMESTAMP COMMENT "Дата создания записи",
    updated_at TIMESTAMP DEFAULT CURRENT_TIMESTAMP ON UPDATE CURRENT_TIMESTAMP COMMENT "Дата последней правки записи"
) COMMENT = "Путь к файлу";

DROP TABLE IF EXISTS media;
CREATE TABLE media (
    id INT UNSIGNED NOT NULL AUTO_INCREMENT PRIMARY KEY COMMENT "Идентификатор медиа файла",
    name VARCHAR(255) COMMENT "Понятное Наименование медиа файла",
    description NVARCHAR(1024) COMMENT "Понятное описание медиа файла",
    media_type_id INT UNSIGNED NOT NULL COMMENT "Идентификатор типа медиа файла",
    user_id INT UNSIGNED NOT NULL COMMENT "Идентификатор собственника медиа файла",
    size INT UNSIGNED NOT NULL COMMENT "Размер медиа файла",
    metadata JSON COMMENT "Метаданные медиа файла",
    files_hash VARCHAR(128) NOT NULL COMMENT "Идентификатор файла",
    created_at TIMESTAMP DEFAULT CURRENT_TIMESTAMP COMMENT "Дата создания записи",
    updated_at TIMESTAMP DEFAULT CURRENT_TIMESTAMP ON UPDATE CURRENT_TIMESTAMP COMMENT "Дата последней правки записи",
    CONSTRAINT media_media_type_id_fk FOREIGN KEY (media_type_id) REFERENCES media_types (id) ON DELETE NO ACTION ON UPDATE CASCADE,
    CONSTRAINT media_files_hash_fk FOREIGN KEY (files_hash) REFERENCES files (hash) ON DELETE NO ACTION ON UPDATE CASCADE
) comment = "Метаданные медиа файла";

DROP TABLE IF EXISTS city;
CREATE TABLE city (
    id INT UNSIGNED NOT NULL AUTO_INCREMENT PRIMARY KEY COMMENT "Идентификатор города",
    name VARCHAR(255) NOT NULL COMMENT "Наименование города",
    created_at TIMESTAMP DEFAULT CURRENT_TIMESTAMP COMMENT "Дата создания записи",
    updated_at TIMESTAMP DEFAULT CURRENT_TIMESTAMP ON UPDATE CURRENT_TIMESTAMP COMMENT "Дата последней правки записи"
) COMMENT = "Города";

DROP TABLE IF EXISTS profiles;
CREATE TABLE profiles (
    user_id INT UNSIGNED NOT NULL PRIMARY KEY COMMENT "Идентификатор пользователя",
    last_name VARCHAR(100) COMMENT "Фамилия",
    first_name VARCHAR(100) COMMENT "Имя",
    middle_name VARCHAR(100) COMMENT "Отчество",
    gender CHAR(1) COMMENT "Пол",
    birthday DATE COMMENT "Дата рождения",
    city_id INT UNSIGNED COMMENT "Идентификатор города",
    photo_id INT UNSIGNED COMMENT "Идентификатор аватарки",
    metadata JSON COMMENT "Метаданные профиля пользователя",
    created_at TIMESTAMP DEFAULT CURRENT_TIMESTAMP COMMENT "Дата создания записи",
    updated_at TIMESTAMP DEFAULT CURRENT_TIMESTAMP ON UPDATE CURRENT_TIMESTAMP COMMENT "Дата последней правки записи",
    CONSTRAINT profiles_user_id_fk FOREIGN KEY (user_id) REFERENCES users (id) ON DELETE NO ACTION ON UPDATE CASCADE,
    CONSTRAINT profiles_city_id_fk FOREIGN KEY (city_id) REFERENCES city (id) ON DELETE NO ACTION ON UPDATE CASCADE,
    CONSTRAINT profiles_photo_id_fk FOREIGN KEY (photo_id) REFERENCES media (id) ON DELETE NO ACTION ON UPDATE CASCADE
) comment = "Профиль пользователя";

-- Делаю пока только один классификатор. Для простоты выбрал ББК, так как данные проще обработать.
-- Решил на первое время максимально упростить классификатор, поэтому простое дерево. На основе ББК.
DROP TABLE IF EXISTS classifier;
CREATE TABLE classifier (
    id INT UNSIGNED NOT NULL AUTO_INCREMENT PRIMARY KEY COMMENT "Идентификатор раздела классификатора",
    code VARCHAR(127) NOT NULL UNIQUE COMMENT "Код раздела классификатора",
    name VARCHAR(255) NOT NULL UNIQUE COMMENT "Наименование раздела классификатора",
    parent_id INT UNSIGNED COMMENT "Идентификатор родительского раздела классификатора",
    created_at TIMESTAMP DEFAULT CURRENT_TIMESTAMP COMMENT "Дата создания записи",
    updated_at TIMESTAMP DEFAULT CURRENT_TIMESTAMP ON UPDATE CURRENT_TIMESTAMP COMMENT "Дата последней правки записи"
) COMMENT = "Классификатор";

DROP TABLE IF EXISTS business;
CREATE TABLE business(
	id INT UNSIGNED NOT NULL AUTO_INCREMENT PRIMARY KEY COMMENT "Идентификатор вида деятельности",
    name VARCHAR(255) NOT NULL UNIQUE COMMENT "Наименование вида деятельности",
    created_at TIMESTAMP DEFAULT CURRENT_TIMESTAMP COMMENT "Дата создания записи",
    updated_at TIMESTAMP DEFAULT CURRENT_TIMESTAMP ON UPDATE CURRENT_TIMESTAMP COMMENT "Дата последней правки записи"
) COMMENT = "Вид деятельности";

DROP TABLE IF EXISTS organization;
CREATE TABLE organization(
	id INT UNSIGNED NOT NULL AUTO_INCREMENT PRIMARY KEY COMMENT "Идентификатор организации",
    name VARCHAR(255) NOT NULL COMMENT "Наименование организации",
    inn LONG COMMENT "ИНН",
    business_id INT UNSIGNED NOT NULL COMMENT "Идентификатор вида деятельности",
    user_id INT UNSIGNED NOT NULL COMMENT "Идентификатор пользователя",
    created_at TIMESTAMP DEFAULT CURRENT_TIMESTAMP COMMENT "Дата создания записи",
    updated_at TIMESTAMP DEFAULT CURRENT_TIMESTAMP ON UPDATE CURRENT_TIMESTAMP COMMENT "Дата последней правки записи",
    CONSTRAINT organization_user_id_fk FOREIGN KEY (user_id) REFERENCES users (id) ON DELETE NO ACTION ON UPDATE CASCADE,
    CONSTRAINT organization_business_id_fk FOREIGN KEY (business_id) REFERENCES business (id) ON DELETE NO ACTION ON UPDATE CASCADE
) COMMENT = "Организация";

DROP TABLE IF EXISTS cards;
CREATE TABLE cards(
	id INT UNSIGNED NOT NULL AUTO_INCREMENT PRIMARY KEY COMMENT "Идентификатор каталожной карточки",
    title VARCHAR(1024) NOT NULL COMMENT "Заголовок библиографической записи",
    bibliographic_description NVARCHAR(4096) COMMENT "Библиографическое описание",
    organization_id INT UNSIGNED NOT NULL COMMENT "Идентификатор учреждения (организации) составившего и/илн выпустившего карточку",
    user_id INT UNSIGNED NOT NULL COMMENT "Идентификатор пользователя",
    created_at TIMESTAMP DEFAULT CURRENT_TIMESTAMP COMMENT "Дата создания записи",
    updated_at TIMESTAMP DEFAULT CURRENT_TIMESTAMP ON UPDATE CURRENT_TIMESTAMP COMMENT "Дата последней правки записи",
    CONSTRAINT cards_user_id_fk FOREIGN KEY (user_id) REFERENCES users (id) ON DELETE NO ACTION ON UPDATE CASCADE,
    CONSTRAINT cards_organization_id_fk FOREIGN KEY (organization_id) REFERENCES organization (id) ON DELETE NO ACTION ON UPDATE CASCADE
) COMMENT = "Каталожная карточка";

DROP TABLE IF EXISTS keywords;
CREATE TABLE keywords(
	id INT UNSIGNED NOT NULL AUTO_INCREMENT PRIMARY KEY COMMENT "Идентификатор ключевого слова",
    word VARCHAR(255) NOT NULL COMMENT "Ключевое слово",
    created_at TIMESTAMP DEFAULT CURRENT_TIMESTAMP COMMENT "Дата создания записи",
    updated_at TIMESTAMP DEFAULT CURRENT_TIMESTAMP ON UPDATE CURRENT_TIMESTAMP COMMENT "Дата последней правки записи"
) COMMENT = "Ключевые слова";

DROP TABLE IF EXISTS card_keywords;
CREATE TABLE card_keywords (
    card_id INT UNSIGNED NOT NULL COMMENT "Идентификатор каталожной карточки",
    keyword_id INT UNSIGNED NOT NULL COMMENT "Идентификатор ключевого слова",
    PRIMARY KEY (card_id, keyword_id),
    CONSTRAINT card_keywords_card_id_fk FOREIGN KEY (card_id) REFERENCES cards (id) ON DELETE NO ACTION ON UPDATE CASCADE,
    CONSTRAINT card_keywords_keyword_id_fk FOREIGN KEY (keyword_id) REFERENCES keywords (id) ON DELETE NO ACTION ON UPDATE CASCADE
) COMMENT = "Связь каталожной карточки с ключевыми словами";

DROP TABLE IF EXISTS classifier_cards;
CREATE TABLE classifier_cards (
    classifier_id INT UNSIGNED NOT NULL COMMENT "Идентификатор раздела классификатора",
    card_id INT UNSIGNED NOT NULL COMMENT "Идентификатор каталожной карточки",
    PRIMARY KEY (classifier_id, card_id),
    CONSTRAINT classifier_cards_classifier_id_fk FOREIGN KEY (classifier_id) REFERENCES classifier (id) ON DELETE NO ACTION ON UPDATE CASCADE,
    CONSTRAINT classifier_cards_card_id_id_fk FOREIGN KEY (card_id) REFERENCES cards (id) ON DELETE NO ACTION ON UPDATE CASCADE
) COMMENT = "Связь каталожной карточки с классификатором";

DROP TABLE IF EXISTS card_ciphers;
CREATE TABLE card_ciphers (
	id INT UNSIGNED NOT NULL AUTO_INCREMENT PRIMARY KEY COMMENT "Идентификатор шифров",
    card_id INT UNSIGNED NOT NULL COMMENT "Идентификатор каталожной карточки",
    cipher INT UNSIGNED NOT NULL COMMENT "Шифр каталожной карточки",
    CONSTRAINT card_ciphers_card_id_id_fk FOREIGN KEY (card_id) REFERENCES cards (id) ON DELETE NO ACTION ON UPDATE CASCADE
) COMMENT = "Шифры документов и сиглы библиотек";

DROP TABLE IF EXISTS publication_type;
CREATE TABLE publication_type(
	id INT UNSIGNED NOT NULL AUTO_INCREMENT PRIMARY KEY COMMENT "Идентификатор типа публикации",
    name VARCHAR(255) NOT NULL UNIQUE COMMENT "Наименование типа публикации",
    created_at TIMESTAMP DEFAULT CURRENT_TIMESTAMP COMMENT "Дата создания записи",
    updated_at TIMESTAMP DEFAULT CURRENT_TIMESTAMP ON UPDATE CURRENT_TIMESTAMP COMMENT "Дата последней правки записи"
) COMMENT = "Тип публикации";

DROP TABLE IF EXISTS personalities;
CREATE TABLE personalities (
	id INT UNSIGNED NOT NULL AUTO_INCREMENT PRIMARY KEY COMMENT "Идентификатор персоны",
    last_name VARCHAR(100) NOT NULL COMMENT "Фамилия",
    first_name VARCHAR(100) NOT NULL COMMENT "Имя",
    middle_name VARCHAR(100) NOT NULL COMMENT "Отчество",
	birthday DATE COMMENT "Дата рождения",
	deathday DATE COMMENT "Дата смерти",
	biography TEXT COMMENT "Биография",
    created_at TIMESTAMP DEFAULT CURRENT_TIMESTAMP COMMENT "Дата создания записи",
    updated_at TIMESTAMP DEFAULT CURRENT_TIMESTAMP ON UPDATE CURRENT_TIMESTAMP COMMENT "Дата последней правки записи"
) comment = "Персоналии";

DROP TABLE IF EXISTS publications;
CREATE TABLE publications (
    card_id INT UNSIGNED NOT NULL PRIMARY KEY COMMENT "Идентификатор публикации",
    publication_type_id INT UNSIGNED NOT NULL COMMENT "Идентификатор типа публикации",
    circumstances TEXT NOT NULL COMMENT "Обстоятельства создания",
    created_at TIMESTAMP DEFAULT CURRENT_TIMESTAMP COMMENT "Дата создания записи",
    updated_at TIMESTAMP DEFAULT CURRENT_TIMESTAMP ON UPDATE CURRENT_TIMESTAMP COMMENT "Дата последней правки записи",
    CONSTRAINT publications_card_id_fk FOREIGN KEY (card_id) REFERENCES cards (id) ON DELETE NO ACTION ON UPDATE CASCADE,
    CONSTRAINT publications_publication_type_id_fk FOREIGN KEY (publication_type_id) REFERENCES publication_type (id) ON DELETE NO ACTION ON UPDATE CASCADE
) comment = "Публикация";
    
DROP TABLE IF EXISTS tracker_points;
CREATE TABLE tracker_points (
	id INT UNSIGNED NOT NULL AUTO_INCREMENT PRIMARY KEY COMMENT "Идентификатор трекера",
    event_date DATE NOT NULL COMMENT "Дата события",
    latitude DOUBLE NOT NULL COMMENT "Широта",
	longitude DOUBLE NOT NULL COMMENT "Долгота",
    note TEXT COMMENT "Замечание относительно данного события",
    publication_id INT UNSIGNED NOT NULL COMMENT "Идентификатор публикации",
    CONSTRAINT tracker_points_publication_id_fk FOREIGN KEY (publication_id) REFERENCES publications (card_id) ON DELETE NO ACTION ON UPDATE CASCADE
) COMMENT = "Трекер";

DROP TABLE IF EXISTS behests;
CREATE TABLE behests (
    publication_id INT UNSIGNED NOT NULL PRIMARY KEY COMMENT "Идентификатор памятника",
    created_at TIMESTAMP DEFAULT CURRENT_TIMESTAMP COMMENT "Дата создания записи",
    updated_at TIMESTAMP DEFAULT CURRENT_TIMESTAMP ON UPDATE CURRENT_TIMESTAMP COMMENT "Дата последней правки записи",
    CONSTRAINT behest_publication_id_fk FOREIGN KEY (publication_id) REFERENCES publications (card_id) ON DELETE NO ACTION ON UPDATE CASCADE
) comment = "Памятник";

DROP TABLE IF EXISTS other_publications;
CREATE TABLE other_publications (
    behest_id INT UNSIGNED NOT NULL COMMENT "Идентификатор памятника",
    publication_id INT UNSIGNED NOT NULL COMMENT "Идентификатор публикации",
    own BOOLEAN NOT NULL DEFAULT 0 COMMENT "Собственное издание",
    PRIMARY KEY (behest_id, publication_id),
    CONSTRAINT other_publications_behest_id_fk FOREIGN KEY (behest_id) REFERENCES behests (publication_id) ON DELETE NO ACTION ON UPDATE CASCADE,
    CONSTRAINT other_publications_publication_id_fk FOREIGN KEY (publication_id) REFERENCES publications (card_id) ON DELETE NO ACTION ON UPDATE CASCADE
) COMMENT = "Другие издания";

DROP TABLE IF EXISTS documents;
CREATE TABLE documents (
    publication_id INT UNSIGNED NOT NULL PRIMARY KEY COMMENT "Идентификатор документа",
    owner  INT UNSIGNED NOT NULL COMMENT "Собственник документа",
    author  INT UNSIGNED NOT NULL COMMENT "Автор документа",
    title VARCHAR(255) NOT NULL UNIQUE COMMENT "Название",
    annotation VARCHAR(255) NOT NULL UNIQUE COMMENT "Аннотация",
    created_at TIMESTAMP DEFAULT CURRENT_TIMESTAMP COMMENT "Дата создания записи",
    updated_at TIMESTAMP DEFAULT CURRENT_TIMESTAMP ON UPDATE CURRENT_TIMESTAMP COMMENT "Дата последней правки записи",
    CONSTRAINT documents_owner_fk FOREIGN KEY (owner) REFERENCES users (id) ON DELETE NO ACTION ON UPDATE CASCADE,
    CONSTRAINT documents_author_fk FOREIGN KEY (author) REFERENCES users (id) ON DELETE NO ACTION ON UPDATE CASCADE,
    CONSTRAINT documents_publication_id_fk FOREIGN KEY (publication_id) REFERENCES publications (card_id) ON DELETE NO ACTION ON UPDATE CASCADE
) COMMENT = "Документ";

DROP TABLE IF EXISTS authors;
CREATE TABLE authors (
    document_id INT UNSIGNED NOT NULL COMMENT "Идентификатор документа",
    personalitie_id INT UNSIGNED NOT NULL COMMENT "Идентификатор персоны",
    PRIMARY KEY (document_id, personalitie_id),
    CONSTRAINT authors_document_id_fk FOREIGN KEY (document_id) REFERENCES documents (publication_id) ON DELETE NO ACTION ON UPDATE CASCADE,
    CONSTRAINT authors_personalitie_id_fk FOREIGN KEY (personalitie_id) REFERENCES personalities (id) ON DELETE NO ACTION ON UPDATE CASCADE
) COMMENT = "Авторы";

DROP TABLE IF EXISTS pages;
CREATE TABLE pages (
	id INT UNSIGNED NOT NULL AUTO_INCREMENT PRIMARY KEY COMMENT "Идентификатор страницы",
    document_id INT UNSIGNED NOT NULL COMMENT "Идентификатор документа",
    image_id INT UNSIGNED NOT NULL COMMENT "Скан страницы",
    content TEXT NOT NULL COMMENT "Содержание (текст) страницы",
    CONSTRAINT pages_document_id_fk FOREIGN KEY (document_id) REFERENCES documents (publication_id) ON DELETE NO ACTION ON UPDATE CASCADE,
    CONSTRAINT pages_image_id_fk FOREIGN KEY (image_id) REFERENCES media (id) ON DELETE NO ACTION ON UPDATE CASCADE
) COMMENT = "Страница документа";

DROP TABLE IF EXISTS reference_pages;
CREATE TABLE reference_pages (
    reference_id INT UNSIGNED NOT NULL COMMENT "Скан страницы",
    sending_id INT UNSIGNED NOT NULL COMMENT "Скан страницы",
    PRIMARY KEY (reference_id, sending_id),
    CONSTRAINT reference_pages_reference_id_fk FOREIGN KEY (reference_id) REFERENCES pages (id) ON DELETE NO ACTION ON UPDATE CASCADE,
    CONSTRAINT reference_pages_sending_id_fk FOREIGN KEY (sending_id) REFERENCES pages (id) ON DELETE NO ACTION ON UPDATE CASCADE
) COMMENT = "Связи между страницами";

-- Индексы и поисковые вещи делать не стал, так как это noSQL. У меня есть свои алгоритмы поиска, 
-- надо их только перенести с делфи на питон или шарпы. Писано очень давно, функционал напоминает
-- чем-то эластик, но есть свои фишечки, позволяют настроить автоматическую рубрикацию 
-- и реализовать пертинентный поиск.

INSERT INTO roles (name) VALUES ('admin'),('user'),('author'),('moderator'),('owner'),('redactor'),('expert'); 

INSERT INTO users (name, email, email_confirmed, phone, phone_confirmed, password_hash, blocked) VALUES
('gaylord.darrion','geovanny.gaylord@example.com',0,'+30(5)3202100932',0,'f9e20680e58746a1f959bcc95d501ac6347c308e',0),
('carolyn94','jacobs.bill@example.com',0,'(493)284-7081x5855',0,'15e1fc6310bf18a9ce96f4ce1cb32e42feca1111',0),
('rkihn','rosina.o\'hara@example.net',0,'1-074-109-2670',1,'1bf6f593147a7d0fcd679a34bc2478afccdb28be',1),
('beth47','ro\'conner@example.com',0,'1-299-512-8910x528',0,'833b37eb01e739f2dfb314a0bbc890d7cb60b475',0),
('gzemlak','jessie48@example.org',0,'(198)720-3901',0,'fc37680d578dddfcebe292f2a6297a198b46cca2',1),
('bhowell','fbartell@example.com',1,'933-131-5290',0,'2552d173976fbbaea308b23bd4571be4a2f9a125',1),
('darien.muller','mbartoletti@example.com',1,'+42(4)8528535202',0,'4ec677d76e1a222a1d5fbfffa76cc4944e58368e',0),
('stephon.quigley','ulang@example.net',1,'921-614-8557x24206',0,'99dc587f896427deb25ce2983ac427ef90f8e7fe',1),
('amitchell','stroman.may@example.org',1,'(551)385-6334x2651',1,'28d70c6509b27a4c5dd517743a9e4640fdedb91e',1),
('vita05','bkrajcik@example.org',1,'069-492-2493x870',0,'59eb760d20c4e776094836f93eb4fcc38b1dfcd8',0),
('hbarrows','vbeier@example.com',0,'752.024.5557',1,'60a462f6011cc362fe9233cd00d8d465738444b5',1),
('carter.gregoria','ricardo.kris@example.org',0,'892-653-3700',1,'017375b1ee80312f7088b95be759659f6c6312c4',0),
('mathilde24','smarquardt@example.net',1,'(329)445-9798x33577',0,'6f6cea0b97eaf12126d27f873d3cfdad854203b8',1),
('mweissnat','stokes.tara@example.net',0,'564.191.9322',0,'f13621910cb2cc3210498981a60816cbaab555d6',1),
('howard75','nhermann@example.com',1,'1-774-429-1992',0,'955bbc0809796830b2e1c63b8f1b6acf1f1809f0',0),
('buford89','perry.grady@example.com',0,'(837)676-5197x98989',0,'0452d52c471a148de86487bec0d2e4af7daadaba',0),
('keebler.jedidiah','jayne98@example.com',1,'1-522-876-5759',1,'44a0844a708c71164f145a6eeb89ff382b800214',0),
('raven18','auer.casey@example.com',1,'589.514.8447x258',1,'7f89fc22598432fd0600d8bcdb717d143c5bfabf',1),
('hdubuque','vada61@example.com',1,'616-418-8840',0,'d4c6bbac410ad5e7094b4804e53fdb0db63bb8dd',0),
('lemke.roosevelt','padberg.claudine@example.net',0,'1-034-846-2814',0,'8d50a1a9b43785159c6b6d1aa1b9c89fdbec50c1',1),
('brakus.noelia','devon79@example.net',1,'08252825059',1,'4d4eede24cd6de635e94c57dd81e1fc7ed68290d',1),
('misael.kuhlman','jeremy.johnson@example.com',0,'977.937.4400x7748',0,'5a4c19eddb81d3e4c324468b4c006f7137fb8c24',0),
('zwaters','xhermann@example.com',0,'1-160-330-9525x127',0,'9d94167172bb383018fb9d5f90d3b3af00279c4d',0),
('rowena33','maymie.schmidt@example.org',0,'+64(0)2068940909',0,'83d2a432b2424fb66214b8474a4602027ca751da',1),
('reichert.kaley','autumn11@example.org',0,'281.083.3422',1,'eb83d61c5b327a31a8f4cd255d32570577b167a2',0),
('hilpert.gussie','ulises.moore@example.net',1,'923-247-0829x5002',0,'7cc3d720b978a77261db5cbe8377de89ca2a3d75',1),
('helena98','neil37@example.org',1,'+20(1)1645489553',1,'d184bdc8751279af5d2aaf363659dd27662de5e5',0),
('julien47','will89@example.com',0,'(270)877-2136x5984',0,'faa4544d1f8879ae94ef2ad07f0c8d1ce0e4db8f',0),
('bell.pfeffer','hoppe.haylie@example.org',0,'1-941-144-2285x35081',1,'e52baf2770254baa0052e2b925dabd6f37a6ac16',0),
('wo\'reilly','oda.mayer@example.net',0,'+36(6)8787404448',0,'bb4f061363de520b66c91295992e9b4841180618',0),
('ullrich.merritt','bettie25@example.org',1,'132-404-7238x118',1,'8472b2290e39141a006ca3491259d8d7f2fc72da',1),
('laverna.auer','gstark@example.com',1,'01230480109',0,'07edd918acf849b1e10b574fcd547d27c0eff4e9',0),
('grimes.estevan','antonio68@example.com',0,'368.319.3572x03162',0,'92131a7fab23a948d99eae846ff1e365e14573b6',1),
('arnaldo.runolfsdottir','jsanford@example.net',1,'733-644-7769x3647',0,'6a3744d5a547a163683ba4145b156f210820dddc',1),
('evie.bradtke','wjacobs@example.com',1,'+62(4)8773130356',0,'e3f878a4662afa55cfe8b9211a358a2a71ee5212',1),
('leanne.rempel','dietrich.taryn@example.com',1,'(041)105-9395x130',0,'2b0cae802b9217db8c0376ce5a9bc7a3fbedc9c7',1),
('vicky.jakubowski','rowe.athena@example.net',0,'+18(8)5236787371',0,'3618527fc4eec86ac1a37cfe3a1d1efcf0f21ccb',1),
('barrett98','barbara31@example.net',0,'370.129.8190',1,'bbadae5fd0114a33ee25636bd77dcebabc50d61a',0),
('pkovacek','kuphal.francesco@example.net',0,'1-824-600-6210x464',1,'8f699b7d448ce20983b84080bf83e74f3b47f202',1),
('theresia57','zmurray@example.com',0,'+92(0)9355034702',0,'3767f48a0bb85fae6ce28e71cd4bf9f33078f428',1),
('christiansen.tyreek','carolanne61@example.org',1,'1-031-100-1583x835',0,'91f68dd64c787144c9bf92d6ab2cb4517cbddccb',0),
('grady.gabriella','nmarks@example.org',1,'1-467-136-2908x004',0,'04d165d190e7ad93662a6cc258e05d28db967e33',0),
('fhirthe','giovanni.west@example.com',1,'06269722776',0,'a4a113345abbd1def121e8d89441daa7e8e7966a',0),
('jess.oberbrunner','kailey59@example.net',1,'1-330-703-8674x3490',0,'10bf1ca277638b67b435451c15a34bded500f347',0),
('ethel34','ismael.ruecker@example.org',1,'888.604.4778',1,'7da2fa0af16f5d4d0c16546fdbf53b151f86cf4d',0),
('wuckert.lenna','uhickle@example.org',1,'833-867-2605',1,'443a6b144417d0b5433217d53cf417b9fc2f2083',1),
('blick.elwin','noemie.sawayn@example.net',1,'(167)337-9308x500',0,'7ef7ab288dae57d2c6f79ff33a92e9e40db28d7d',0),
('rkirlin','xkertzmann@example.org',0,'1-222-479-0636x289',1,'449e703fd301f1273cc15ce030a0cc1b6b045cc4',1),
('kevon86','alfred.crist@example.net',1,'744.300.5489',0,'e213f0cfc1d2a6316d88cc1c52ffada029b8eb28',0),
('svolkman','pschinner@example.net',1,'(602)444-7012x97120',0,'d5fe288ce48074c6b88efeb683b75622be2b5d9d',1),
('marks.dee','eernser@example.net',0,'(128)759-2879x098',1,'6d748e3c31c7232840449dce89e76cb6199a0ec1',1),
('tzemlak','everette74@example.org',0,'1-031-458-8605x2728',0,'54f0dc398163c98713be35d06d1825bcc79c93df',0),
('lindsey.abshire','sheila.pouros@example.org',0,'(300)612-3674x67611',0,'fe3470280600af674394d5a4ae778ee52ed30f12',0),
('vonrueden.ellsworth','hledner@example.net',1,'(932)707-1415',1,'b31013a2f467b4f496c7cff8e10735455dff1ed8',1),
('maximilian25','wsmitham@example.com',0,'+15(5)9216987263',0,'d2c6963f875092b4167c26aa5519e56f5d59a9b7',0),
('boyer.cyril','xkris@example.com',1,'(330)773-4848x69920',0,'b7bdb7518bf407b7113f03b74a289a9bd38c3cfe',0),
('liliane04','oswift@example.com',0,'09283051481',1,'81f63245561863b9aecac70da592cb0d7d9086a5',0),
('yrunolfsson','ybogisich@example.org',0,'1-483-457-2630x642',1,'d4676a4e145bde7012804c47570f1244cc0a69bd',0),
('emmanuelle92','rickey50@example.org',0,'107.297.9041x531',1,'d8a4c2c15a2709573b79f52286091b5ae6bc612e',1),
('ukoepp','seth64@example.com',0,'675.397.2731x35315',1,'a16eb7efe677431c00fa3bc1761fc2c9304be84d',1),
('vhomenick','lisette96@example.org',0,'1-334-084-8897',0,'e1344f4509d402c90635ad66acdf04234c7be786',0),
('kkohler','melissa15@example.net',0,'+60(8)4133455598',0,'40e272003f624ad6042a3098523dd98dc15f1850',0),
('sherman70','dusty.kreiger@example.net',0,'+85(8)3187977043',1,'a9378bb6c691e3d6bd420ab9d0c24db414f53a98',0),
('tressa.yost','mclaughlin.van@example.com',1,'1-061-239-0088',0,'77ac6f7ecaa619e0385eca2d9cceef33c982f534',0),
('rosemarie59','kaycee.hoeger@example.org',0,'303-962-7491x5882',1,'253bf57b76eb4e83ff9bc400078aba4b6883f043',1),
('botsford.hildegard','ashtyn42@example.org',0,'1-685-176-1320x396',0,'037c2d5caecfc9385c5844fd251db420562a9c1f',0),
('fpagac','jovany.herman@example.net',1,'966.004.2703',1,'a1f738d132b907f40da49890cd1456683bb82304',1),
('nswift','ykonopelski@example.org',0,'521-754-7839x63409',1,'2334b1492f54c2c7968c7aa168b60f5018a042af',0),
('chase.romaguera','romaguera.jovan@example.net',0,'(878)282-9732x17759',0,'aaae1999b5e5d6404cd1ad8935e733b3cec80cde',0),
('lesch.thaddeus','veum.cloyd@example.org',0,'040-959-8782x15070',0,'7b6119470d7974acd1a9f2eeeb3efc70c0f548f2',0),
('charity.ziemann','kihn.tanya@example.com',0,'542.416.4393x8658',0,'77d1bb1a70c2a70cbed355384898d0f9ea1786d4',0),
('emiller','golden31@example.com',0,'(734)475-8896',0,'5defad6fe1f106516a05ab9aa37e221425affeb2',1),
('cschulist','qlittle@example.org',0,'690.606.9333x24291',0,'103d6f60fc3ea28d691f1370bf4d03904ac33453',0),
('hassie.hegmann','kschneider@example.net',1,'1-683-116-6767',0,'9567bd4910467844ebf8facb59f905ef92e7f197',1),
('rosina06','farrell.waino@example.net',0,'1-246-097-3941x948',0,'92b3f32e0f9a2263df2598973f2c95a8f7a4b038',0),
('glover.jaquelin','lue05@example.com',0,'(817)712-8410x350',0,'c561767024da899a62cad3e187a65defc12a8060',0),
('johnson.emard','elizabeth.sawayn@example.net',0,'05121798574',1,'9346bc867be30b800e992ede2de258362883a143',1),
('ashley.mccullough','qmurazik@example.net',0,'09968145482',0,'81702db26305e64141ab63902a3052cebc3f63fb',1),
('davis.jack','runte.coy@example.net',1,'(047)926-7100x47218',0,'76f596bd3e9fef45705640ffd30bc00468852351',1),
('friesen.hal','brown.elisha@example.com',1,'253-777-9624x9899',0,'218929c276dd27b7ad5b526e91a4885c0ac7dae6',1),
('jgutkowski','douglas.balistreri@example.net',0,'1-114-917-4891x995',0,'d12f832ca0ed181f0404c45336e6fb5b1aa95f47',1),
('hmills','virginie.klocko@example.com',1,'312-579-9583',1,'7ae88bb094860d40a9ff91f9a87923fc61562cb1',1),
('earnest.mitchell','frami.kaitlin@example.com',0,'1-956-587-7130x74786',1,'1b6544b0c845bd73ea25062bd703e77a9005ec24',0),
('wuckert.tressie','deron.douglas@example.com',0,'691-504-5400x26633',0,'1a89902d2704135df178332336fe91274c9ea6d2',0),
('gideon96','sammie49@example.net',0,'1-293-688-7574x21453',1,'52d88129d7b422173f140e3635bb82ae5ed30b5b',1),
('brooke50','christopher31@example.org',0,'1-988-631-9593x45970',1,'32af62890271e69506be46049faad7c9b65e9ec3',0),
('ncarter','edyth.corwin@example.com',1,'(503)185-8604x5247',0,'846600dccd4940ed3c468d23235aa4cbe86b83f2',1),
('emilia38','gerardo.lubowitz@example.org',1,'299.199.7892x7162',1,'a1af22b2d6ea85281ff34bc021e3d95cf1f71d53',0),
('ghilll','oboyer@example.net',1,'509.326.0532x684',0,'f4823aeb45f91e4e2e6179e0d37281db949b1c1f',0),
('arlie.dickens','ezequiel.turner@example.net',1,'06499730347',0,'3ef8e78d156dc444ced7c3ea6825793c1d1281eb',0),
('pgerhold','casandra80@example.org',1,'(170)250-7785x53650',1,'27e65b3d981ce2e6e2ce6bb0d349e645c0475ccf',1),
('vhamill','collier.eliseo@example.com',1,'619-417-1142',1,'4764c7bc8390bfa9ed86e26521d02147c115deec',1),
('dawson.pollich','mariana.haag@example.com',1,'426-906-9870',1,'01c4f9363497c464967a89077037cbb016c6dd53',1),
('qyundt','hanna.rogahn@example.net',0,'977.567.7322',1,'7d0f52c2a58fdf743c7d6141af3d786c8f554243',0),
('johnpaul.sipes','altenwerth.eliezer@example.org',1,'234.792.1224x3836',0,'98a40ec6a1940bb6d78fd7e6136500e1155f7204',1),
('orval.torp','glenda86@example.org',0,'(763)641-0394',1,'2d07450da821c7485a36721f6120591efece4a83',0),
('yadira.koepp','creichel@example.org',0,'544.771.6317x1732',1,'962f69f92afe96798d8260f3dad460ca878aa45b',1),
('lnolan','alan60@example.org',0,'624-192-5245',0,'e8261647ca25ff49c6701ef0b0dfcd803b1ec978',0),
('graham.javonte','bgrant@example.org',1,'1-643-716-3224',1,'f01416903b629f5ccaba86acd2633651eafa920a',0),
('jordon.swift','adell.ferry@example.com',1,'910-428-1879x608',1,'88a9321cc7d7d3b1e615a10a697091ac0193efb2',1);

INSERT INTO user_roles (user_id, role_id) VALUES
('1','2'),('1','3'),('1','5'),('1','7'),('2','1'),('2','2'),('2','3'),('2','4'),
('2','6'),('3','2'),('3','3'),('3','4'),('3','5'),('3','7'),('4','1'),('4','3'),
('4','4'),('4','5'),('4','6'),('5','2'),('5','4'),('5','5'),('5','6'),('5','7'),
('6','1'),('6','3'),('6','5'),('6','6'),('6','7'),('7','1'),('7','2'),('7','4'),
('7','6'),('7','7'),('8','1'),('8','2'),('8','3'),('8','5'),('8','7'),('9','1'),
('9','2'),('9','3'),('9','4'),('9','6'),('10','2'),('10','3'),('10','4'),
('10','5'),('10','7'),('11','1'),('11','3'),('11','4'),('11','5'),('11','6'),
('12','2'),('12','4'),('12','5'),('12','6'),('12','7'),('13','1'),('13','3'),
('13','5'),('13','6'),('13','7'),('14','1'),('14','2'),('14','4'),('14','6'),
('14','7'),('15','1'),('15','2'),('15','3'),('15','5'),('15','7'),('16','1'),
('16','2'),('16','3'),('16','4'),('16','6'),('17','2'),('17','3'),('17','4'),
('17','5'),('17','7'),('18','1'),('18','3'),('18','4'),('18','5'),('18','6'),
('19','2'),('19','4'),('19','5'),('19','6'),('19','7'),('20','1'),('20','3'),
('20','5'),('20','6'),('20','7'),('21','1'),('21','2'),('21','4'),('21','6'),
('21','7'),('22','1'),('22','2'),('22','3'),('22','5'),('22','7'),('23','1'),
('23','2'),('23','3'),('23','4'),('23','6'),('24','2'),('24','3'),('24','4'),
('24','5'),('24','7'),('25','1'),('25','3'),('25','4'),('25','5'),('25','6'),
('26','2'),('26','4'),('26','5'),('26','6'),('26','7'),('27','1'),('27','3'),
('27','5'),('27','6'),('27','7'),('28','1'),('28','2'),('28','4'),('28','6'),
('28','7'),('29','1'),('29','2'),('29','3'),('29','5'),('29','7'),('30','1'),
('30','2'),('30','3'),('30','4'),('30','6'),('31','2'),('31','3'),('31','4'),
('31','5'),('31','7'),('32','1'),('32','3'),('32','4'),('32','5'),('32','6'),
('33','2'),('33','4'),('33','5'),('33','6'),('33','7'),('34','1'),('34','3'),
('34','5'),('34','6'),('34','7'),('35','1'),('35','2'),('35','4'),('35','6'),
('35','7'),('36','1'),('36','2'),('36','3'),('36','5'),('36','7'),('37','1'),
('37','2'),('37','3'),('37','4'),('37','6'),('38','2'),('38','3'),('38','4'),
('38','5'),('38','7'),('39','1'),('39','3'),('39','4'),('39','5'),('39','6'),
('40','2'),('40','4'),('40','5'),('40','6'),('40','7'),('41','1'),('41','3'),
('41','5'),('41','6'),('41','7'),('42','1'),('42','2'),('42','4'),('42','6'),
('42','7'),('43','1'),('43','2'),('43','3'),('43','5'),('43','7'),('44','1'),
('44','2'),('44','3'),('44','4'),('44','6'),('45','2'),('45','3'),('45','4'),
('45','5'),('45','7'),('46','1'),('46','3'),('46','4'),('46','5'),('46','6'),
('47','2'),('47','4'),('47','5'),('47','6'),('47','7'),('48','1'),('48','3'),
('48','5'),('48','6'),('48','7'),('49','1'),('49','2'),('49','4'),('49','6'),
('49','7'),('50','1'),('50','2'),('50','3'),('50','5'),('50','7'),('51','1'),
('51','2'),('51','3'),('51','4'),('51','6'),('52','2'),('52','3'),('52','4'),
('52','5'),('52','7'),('53','1'),('53','3'),('53','4'),('53','5'),('53','6'),
('54','2'),('54','4'),('54','5'),('54','6'),('54','7'),('55','1'),('55','3'),
('55','5'),('55','6'),('55','7'),('56','1'),('56','2'),('56','4'),('56','6'),
('56','7'),('57','1'),('57','2'),('57','3'),('57','5'),('57','7'),('58','1'),
('58','2'),('58','3'),('58','4'),('58','6'),('59','2'),('59','3'),('59','4'),
('59','5'),('59','7'),('60','1'),('60','3'),('60','4'),('60','5'),('60','6'),
('61','2'),('61','4'),('61','5'),('61','6'),('61','7'),('62','1'),('62','3'),
('62','5'),('62','6'),('62','7'),('63','1'),('63','2'),('63','4'),('63','6'),
('63','7'),('64','1'),('64','2'),('64','3'),('64','5'),('64','7'),('65','1'),
('65','2'),('65','3'),('65','4'),('65','6'),('66','2'),('66','3'),('66','4'),
('66','5'),('66','7'),('67','1'),('67','3'),('67','4'),('67','5'),('67','6'),
('68','2'),('68','4'),('68','5'),('68','6'),('68','7'),('69','1'),('69','3'),
('69','5'),('69','6'),('69','7'),('70','1'),('70','2'),('70','4'),('70','6'),
('70','7'),('71','1'),('71','2'),('71','3'),('71','5'),('71','7'),('72','1'),
('72','2'),('72','3'),('72','4'),('72','6'),('73','2'),('73','3'),('73','4'),
('73','5'),('73','7'),('74','1'),('74','3'),('74','4'),('74','5'),('74','6'),
('75','2'),('75','4'),('75','5'),('75','6'),('75','7'),('76','1'),('76','3'),
('76','5'),('76','6'),('76','7'),('77','1'),('77','2'),('77','4'),('77','6'),
('77','7'),('78','1'),('78','2'),('78','3'),('78','5'),('78','7'),('79','1'),
('79','2'),('79','3'),('79','4'),('79','6'),('80','2'),('80','3'),('80','4'),
('80','5'),('80','7'),('81','1'),('81','3'),('81','4'),('81','5'),('81','6'),
('82','2'),('82','4'),('82','5'),('82','6'),('82','7'),('83','1'),('83','3'),
('83','5'),('83','6'),('83','7'),('84','1'),('84','2'),('84','4'),('84','6'),
('84','7'),('85','1'),('85','2'),('85','3'),('85','5'),('85','7'),('86','1'),
('86','2'),('86','3'),('86','4'),('86','6'),('87','2'),('87','3'),('87','4'),
('87','5'),('87','7'),('88','1'),('88','3'),('88','4'),('88','5'),('88','6'),
('89','2'),('89','4'),('89','5'),('89','6'),('89','7'),('90','1'),('90','3'),
('90','5'),('90','6'),('90','7'),('91','1'),('91','2'),('91','4'),('91','6'),
('91','7'),('92','1'),('92','2'),('92','3'),('92','5'),('92','7'),('93','1'),
('93','2'),('93','3'),('93','4'),('93','6'),('94','2'),('94','3'),('94','4'),
('94','5'),('94','7'),('95','1'),('95','3'),('95','4'),('95','5'),('95','6'),
('96','2'),('96','4'),('96','5'),('96','6'),('96','7'),('97','1'),('97','3'),
('97','5'),('97','6'),('97','7'),('98','1'),('98','2'),('98','4'),('98','6'),
('98','7'),('99','1'),('99','2'),('99','3'),('99','5'),('99','7'),('100','1'),
('100','2'),('100','3'),('100','4'),('100','6'); 

INSERT INTO media_types (name) VALUES ('audio'),('image'),('video'); 

INSERT INTO files (hash, file_name) VALUES
	('ba55dbcff5a70eb36848ed9b48e6e4d0379198d1', 'images/00b4a55684fe955f2b8496fc39419dc5.jpg'),
	('34d45700515592be1621095205003e78fabb4409', 'images/01ef15b2ad62b7db52ec78c2c4689aee.jpg'),
	('dd92ec7979e21c094e11702b77dbded460f55a44', 'images/028aeadb1ae5375bda66cb5d4d3122ef.jpg'),
	('c43bdce21bd31de6b5c7ee7506e6975f34eb239f', 'images/03000e452262d659f32b5cd9dde6898f.jpg'),
	('b6f460bf15b08b80dc8e08e0635a79f32bbc09a2', 'images/031d8ab947089c48d8d8494be6ceded4.jpg'),
	('1e9f2a1ed7594d184d06a7d011b527e0f916c65d', 'images/03907569172cb2703dd99a04803cacdb.jpg'),
	('c7a02da6a7e468804e400c82a35bda1e23314e3b', 'images/0390dd557e18b982c46df6d1ae48e8f6.jpg'),
	('57388b6330d6227351784e7dbb4e98dea2133442', 'images/03993f354681cb78ef8173ffba26d141.jpg'),
	('0fc8304bf26bf0393a93c47172fdaa3b6f1efa1d', 'images/039c47799be280b1de7b2538a48b5198.jpg'),
	('80f7a133f9242e64d83fce85ba5ddc6478967c6f', 'images/03ac672bf82e29d799cb99ccd8438291.jpg'),
	('39aae4c21d359d40fee5f7e1ede236ee1aa59148', 'images/040f6010665c4b49ec9a9d5202c1e84b.jpg'),
	('80d56bc9ed794ec512fae59bd29b08c425e56fe8', 'images/0426337a3ca868dbc664ea3038721725.jpg'),
	('9b9c59ebd0ccfd99ba472a8a8183fc4ddf06182d', 'images/047ee23c5c0b80a39aa1c9528843ff2b.jpg'),
	('5136269aa6e86860f89f31e72ba06210f4f994b6', 'images/04ae72d5ee9707eb8eea59a4b113826b.jpg'),
	('342d94be39679b55fa6cd04fead8fffeaa0424c5', 'images/04c0c07c4e1c71d052dd790461187642.jpg'),
	('78caf950b8c3eb4044c4904cfaced03a0f36a63a', 'images/0578fb6e689d7daacdcba99f9b15a1b9.jpg'),
	('633e1d98e0bc79d9079a5f635ae88fe29dfad3a8', 'images/06711f3bc47f185740655146bebb93a5.jpg'),
	('44e6ff888acdce211b37a81f57c177058fb915ae', 'images/06b65caea46d8a6eaebc5da2f1f2fc28.jpg'),
	('fd11a8ed4b7356f09d9afa4e1ede2cb786ae3bb3', 'images/06fdb108077621231811de64585f63d1.jpg'),
	('d723c5cba13868dcbb470172c2b369e78f9c8e86', 'images/070e3af6ab85e19c3ec80e2b5e1b9226.jpg'),
	('7ab6d1d3009bbca7b1c5d847fd7872dc770e1784', 'images/07175e6200d4dcb625df688b1fba4bd6.jpg'),
	('9387d82448d323ca82f9ea89da881afc967904be', 'images/07d29bca11a75d981dd90f832a13dae4.jpg'),
	('efccb4f42b5d81ebbcb7d90d4696c61b1fc0c13d', 'images/07eaccb31bff0e97f4824a8dd5975860.jpg'),
	('73a1f7d53e39237d061d50d8207ac35700cd1f23', 'images/07ff8518bcee2d83413b96d5c347ec6b.jpg'),
	('e240b684365325132c05ead78512ca6862a21398', 'images/08409798945c99ba88329bfda4763a2d.jpg'),
	('ac46d4940c0e9a29e15cc5c4462d9b154eea6daa', 'images/08491b1e71cc8562f7c075ad8bf7810d.jpg'),
	('ce5d67ac015428e497ea09421891e7bf6c814a02', 'images/08a53bff24fd9d1a13ac6bee47abb3f9.jpg'),
	('7547eb44fada4f2e2ed5747a6692389423abd8bc', 'images/08bff78cc38b38fef74f1dd95c2394d7.jpg'),
	('3193be55cbdd4d597caf2be56c318c27eadf833c', 'images/08dcf03431354428c8cdb2618f3a69bf.jpg'),
	('b5d2eae99c5bf84a503af1a14b704dac40c033a0', 'images/09292e49162dc15a4d5e42b9fd4d8b0e.jpg'),
	('df8c5d29c4ddc9b9e200ca99ee244af9d164017f', 'images/0a026638de494aaff147a78c2a76e1b0.jpg'),
	('e9e2c9aa614f31906ffc1c115672140d0fb13200', 'images/0a197222e5c5d09acdf794e6483a3c36.jpg'),
	('99ab15be85a17de1d26e0e1972fbf2d3d22980bc', 'images/0a37a01fb6090d1770cdab56baea3c3d.jpg'),
	('86adebd3859fa4a3923dbc02a0714fb5cc4dc365', 'images/0a407598fcc617f92e7e71238456cd05.jpg'),
	('53560edd43e4a1c729861b83d1db41ab76d35550', 'images/0a50dd1d91bf942b4dae1af8c9cc082f.jpg'),
	('491ce1a3681b5abf21df2c79b3cdeb037b83f74a', 'images/0adf70d36845e87bcaeefd6326192add.jpg'),
	('aa3060223c021983e3b31e97a041eca6d40aaff6', 'images/0b58fd3827b225484c5c44c019210825.jpg'),
	('b55513a0cb606f3be88b8da965cf0f8c8daeb006', 'images/0b6880e6de251251ffe26c75ac1c0469.jpg'),
	('38e077812229066c0bebf95f8446b37033a7e176', 'images/0c5a466841a43a871b7f724e06534d04.jpg'),
	('866e7d9c578ca63b355d1ffe542b4226f2e01d70', 'images/0d3b6f5529f2938b50d411548c71ac93.jpg'),
	('9b9bbca219490390870a6d0abc56c1702ad89082', 'images/0da86193b70fe5967d3d534d53975458.jpg'),
	('af590c64f013fde8f0901c20b704ca980ce6b866', 'images/0e31c83a6f272592a05459e16c5881b4.jpg'),
	('a5941c88219f30c92311365eb5eb396b3aeee080', 'images/0ef87546f2e3897fb9f6924b9539fd68.jpg'),
	('ac58c91c7e054da2b70374fd0b9e395bd62d513e', 'images/0f1065fd9bf8d3f0148b99ab362d959b.jpg'),
	('8fcffcc0a986d830c4f16bbfb16cb6d19d02c0ab', 'images/0f67a001bd9241aa8b46956207c0939e.jpg'),
	('2430c3b1bdb4254b2cc2c38f7d28f4abe0508285', 'images/0f788985392f20ce863057e13ae68245.jpg'),
	('bd0f1daf5794b6d037faaeee43857e74ff1d4c6d', 'images/0fc0a62d15d8345cade6ef99f20b0eee.jpg'),
	('0baed39848db0093170af29314ba06e7f4aee920', 'images/10a26af093d42f43b3f5640644546ecc.jpg'),
	('821e94358c51bc0b9193222fa916a1d56289b963', 'images/1133801f55c7f7855133e26008da4e09.jpg'),
	('03df38ff47118a59d0bcf1b6881d4831939625ed', 'images/11cd27a56ed49ffa74ebd2cd76b8f907.jpg'),
	('c1fe20c576e35ae7e8ddf8b2366b195acabd26ae', 'images/1211898a92553dae674fdfc25906a245.jpg'),
	('d3ad636b620f9f14e681e76b201ff6a75424b082', 'images/128df9bb3ca261fec9784d935159d68f.jpg'),
	('82954712b58b743bb5019db01b5a5632c63ccb3d', 'images/136244f392ebe1fe31d97dd758122faf.jpg'),
	('ec2978981c6681e5c2f4eb510fb7bcbd15278720', 'images/13ce4404c193bc09946cb98fe9c7b87e.jpg'),
	('8c665cf6b4d4d744ebb359f209b0fbcf666bcbab', 'images/13d025482bccef6c8a1b10894cf06589.jpg'),
	('3c24c204887a24686c16e69eb1104645afaa3193', 'images/141336755cf97dad1f445ce806f5b6cc.jpg'),
	('5e3e700ba58f8c7524bd7f40034e3f268d7b5bfb', 'images/142baf58d550fb20dd245bd30f5cdea2.jpg'),
	('f60d6ae30462aeda0f7df66386fa97e59126b2b4', 'images/14bb47b8669a8a7fe6e69d220bed4c41.jpg'),
	('83237a81be04911cc849c703727e00e9aea9adeb', 'images/14df4c555f6a31dd6d6efd326f727983.jpg'),
	('54ab7ca25140048d163cfbdaf6eefacf18cf55b9', 'images/14e315f1517124f63452cca83e0a526b.jpg'),
	('f4d7f912088456ba986dfd3d1d19de32173119cb', 'images/15617e48c646c64362f35f8159f666e5.jpg'),
	('9add9bf606370cc6fd1282e8925712e9aa42e71f', 'images/157eff264f9511140b5f3c9e0e11a7ca.jpg'),
	('423aeabe76d80035eabe7db2776d74c10c55b56a', 'images/1592199c935d859d0b923012b0f36512.jpg'),
	('0508075a969417effbd92702c26bbede4367b018', 'images/15a5579131b1f2b3a3323339808d7652.jpg'),
	('38422ce141166ea9dae17b897790e7dccce0149e', 'images/15d91baabec66146bf1c2208a44c6e30.jpg'),
	('f4f7432f38da4b26bea002faad6ff15e4d95b45a', 'images/161c3a61f1041125261d44fecdd1ad49.jpg'),
	('e47fda725e133af07e92ac48e18e190ddb7244a4', 'images/166faa977a63187e1989531994153632.jpg'),
	('8b9fd1b15bcd825397d2643e00cf7510b853cdaa', 'images/16e8b1af3cdb6d996ecac2f9ec0c5f13.jpg'),
	('529f4f5569a12b35b1d49474ff6fa65990aca173', 'images/16f0de0c3c2ec591dca7292bdec86d98.jpg'),
	('780562aaee6189158341d96aea8087f7c2bdfab2', 'images/1727b9d9ac7b3ab95643a8db17cecc09.jpg'),
	('e398ecb1504db5e2118725d1ef7530190d206494', 'images/1773aa65f9fbbb1c8272242c4205125f.jpg'),
	('0264220e89a3e74280c5d662c30d4d79df93bc7c', 'images/17809d37b8e49a904829122ab03bffcd.jpg'),
	('30f76a0a21951e76f1d2fda06f1f40e466379332', 'images/179b8b8ae2e12e772befa111332357d2.jpg'),
	('37693a21e1ff5e665c59156c0e7993d3007cbcd0', 'images/1998e4b675cf2025f2682623e2dd4e7b.jpg'),
	('bebc597d8d50eff9433b668b1a456da97a7b4027', 'images/1a7f14ac9927ef01414580f78882adcc.jpg'),
	('e739c1c26f1ad2cb3a49c523693508b6c4a103d8', 'images/1a91627a1280036614c751f458b7541f.jpg'),
	('3172ab8d2bafde756c1e22c4b2fbbaf2072f36a5', 'images/1aae95939373b2935c6ad105e48cc9c2.jpg'),
	('2eb1f7012fad980fadf8bd87a390cd0de43f416c', 'images/1ab1e539ad30aaf9005477ace45cf5a4.jpg'),
	('abfcb6c8615096feea00f91dbb2bd1b58ed8a855', 'images/1ac96e98309e3b383d1517806b3c7255.jpg'),
	('7b3794ffd21405a5f11c2684ecae75d2821e80b0', 'images/1b427dc96609cb437adeb2e8cf1ae3db.jpg'),
	('1bb0b04b5fb1c9a6aa9b3803187f71c972425153', 'images/1bced93dfc85a3a5f00a42df7b61f80e.jpg'),
	('143342203f3a54d30edcb4f8967ba7ca88526e52', 'images/1bf5d0fdd03900f39e302e8f882638e4.jpg'),
	('5838031fc459b6952a50b50e127277cad71957b6', 'images/1c1e60454c6fedac879996b4d15110ea.jpg'),
	('ee12de475bd15af799e72a7cd9a8e021d069ee9d', 'images/1c25a0b8cd4b7ca99a1ea1dc794d15c6.jpg'),
	('41e5c945f9a13484c5d1742e9f479acf6f088d76', 'images/1c25cd957ea6c1d15e472ea0bb5fb0d3.jpg'),
	('c5474c162b2363ddb32afc56a3fe1526a5e58f32', 'images/1c26a2de8452c929ab6cb3e97804c466.jpg'),
	('45b869799b9218dd62a825005d505ad6a1700509', 'images/1cc73bcd13e49b25c808aaceae62edd3.jpg'),
	('56a46b7a4beae957c860eb0a10472b63c00190fb', 'images/1d3c064649a075ed6dbfd77f03602fce.jpg'),
	('3c5fdb37e64674b0e79afb17813686ec8bb25acb', 'images/1d5818c4056283c629c441716baaa02e.jpg'),
	('56aa4419459b2ecf0361011734dd6b2a9c33b849', 'images/1da6b220956f1e878d1aba8d4516500c.jpg'),
	('274c96b834619d8e20883c167e24903fd70529e8', 'images/1edad7d43f0b65e32464277d588fade2.jpg'),
	('3d4a972cbcf653e43070e8e818868ce1e1003bb9', 'images/1f7dc00b6c83d4a61edb5758e6babefa.jpg'),
	('78b07cd7b40d74fa0709ae13efdb2ded015abc2a', 'images/1f89be2c904c70a268c8e0753a41d1c3.jpg'),
	('e73393a20e394fc7ba02ce23ca7f340f5e08c7ca', 'images/1ff46899eeed657d6bc1cd409cd88b58.jpg'),
	('d9b8671d79786ab3882aea4701029d3302626d08', 'images/2162be19d8df8dd489669d9c967686aa.jpg'),
	('5c53e2964c28e9740d286bb15cf0165947350b4b', 'images/21fd81fe066a834c26fcc356970c68c8.jpg'),
	('aa2e5924f30a22e8bc89646f13d74855eee0b46b', 'images/22c71d0d0123916733eaa16fb92b0066.jpg'),
	('f2e708f493537675472528d0a086d9f129e47981', 'images/23a22ace1c14cdf5fe5bdf7ffbedb216.jpg'),
	('c5c145ce422d75bd63a93c91c07c708725cc34f0', 'images/23ed23d6227acac605dbe928a926a14e.jpg'),
	('83c6d26657aa9295e3910f24d826f087bc7ef57c', 'images/248387aaa63e61c9a74c26d0769d9e3d.jpg'),
	('971e7744175c4b43ae0f82cd9913785332608cb2', 'images/248b393830478c4ce4b172957afcfbee.jpg'),
	('763e34123a796cf6e37a95ff38ea09f4641f16eb', 'images/24a07c915c6c8c0e15cdabaa245cd3ce.jpg'),
	('75d316fb7541d23d8ac35b92012347fcb6fc6fea', 'images/256211b55305b34f2220a5c77e8cf0f3.jpg'),
	('5f27a662ec09fccbeb09a96c28d4965baf0dfbd1', 'images/257656ddfe167e123d9c38415638f7d2.jpg'),
	('d07ed442e209bf817d921f53d4cd258e4da3210d', 'images/259de50525f604169d9d95976cb4430b.jpg'),
	('aebe9b0a6f6553f94f43e8ee8a894a34c6505c16', 'images/25dc4be791d481576ce4ec8b196f799d.jpg'),
	('e1b43859a8ac572d55a425e0e92be15f5553444a', 'images/26aa974be2670b2d1f01dc352808d076.jpg'),
	('f98d7dfa385be1a8eaeee8ac6fee3cd5af3dff49', 'images/2774eda144881009dc4783eef2a62bcd.jpg'),
	('4a97cddcc5d2a8f9078a3c46cc18f477b6bbc0b4', 'images/284bb669544341f127c64f31852c495b.jpg'),
	('21f10f0642d4c7b89f10e5bdb8f58316d5703204', 'images/290994e32f460bbde338af66618d5620.jpg'),
	('407dd80ccdb85f584dca46621e2b0533f5f3d9b7', 'images/292bdece76206730c1b287f2a7c05300.jpg'),
	('51979316359be64371a85e511953e70548d031a3', 'images/293c3905f7c85a536f78c910cfdcb95b.jpg'),
	('27e879e07e328801b8963227a068b2465ee8a208', 'images/29a2ef66741ab36b30a8ee94aa5088cc.jpg'),
	('3b1b58ca51007500c866aa43835fd915afc29509', 'images/29db80c126b29f26cfe650346b42783d.jpg'),
	('0a69bff33d178efb83ee47c791f16b5455951c03', 'images/2a6ab6b1be08cca6516e1ff648253370.jpg'),
	('bf5c0f2cf86d7c0972f52dd9d133b86dc4276f3a', 'images/2ab0ee85643afaf5557b6ffca9970cca.jpg'),
	('6d919725bdcf737c7b12fe02df9e9e41b6e114e1', 'images/2ab683b5151e7fd77f0745ad1b5821d3.jpg'),
	('e2ee4a100e370673e87cfa4b4571d25245cfeb2e', 'images/2b4cd2ecec3b670fa4eecf1222ead3fa.jpg'),
	('f21ccfebaaacf15f8c65fe34bd8835c9a79c1a34', 'images/2b88a3e6f43747f5817d07d60c52da21.jpg'),
	('970118d685233fb1c50b8d0aa5d807c13bf81e45', 'images/2bd1731f505df8e1efbfbe313da1c725.jpg'),
	('3f10eb9fd185c9ec98d7244013498d9d94ab0eeb', 'images/2c27bba6101e775d9c5329bacf3961b4.jpg'),
	('ca74be3b167a08b6e499e6464b80aeb5ef5854a6', 'images/2c2c04bbae399df23d4c655af59bde95.jpg'),
	('0bb950e9a4ff22451a547af0d9f6c78e7671a456', 'images/2c843bb1e41c0db274e9cf0bd5866221.jpg'),
	('2733881dbf99b3250bd566d2f6dbd1c85395ad2a', 'images/2ca6e6e340e4667a58a7421b02a286e4.jpg'),
	('a8665c53c2d23b6ff4c3dea16939610195e4c88c', 'images/2ccb93989bdd34e057c7bfb5e3c7cdc9.jpg'),
	('766dbaa9f7468208197c42253a43052f13998192', 'images/2db0460d1793da21dfa53b1d85dfda14.jpg'),
	('f89589b981518f17a6eeca188feb69f44c578fac', 'images/2e1ae79da03f791f029016b00b9a703b.jpg'),
	('4331788dbc22cb536bd89ac287c0828bdf7b3387', 'images/2e722decf44852f6258a7221871ca7c9.jpg'),
	('eaaa77cc1f39b0b4265dc2a85f59b9e2d4d825a9', 'images/2ec79cfd9c38abe9c89b6f82722071a5.jpg'),
	('2cc08911618d16e2b8b4350c53da4f4f68a9e6ac', 'images/2f1b4bb3ed8bc63340e2392acff2dee0.jpg'),
	('199e3b36a3cf79c7196d7e41ed1f6e3c53572e70', 'images/2fec1dcdd1418f26124e10b6332d3101.jpg'),
	('518e1301f572a464562a78180c8a533273fba489', 'images/301fabe0f801ba575d0f1a0a142a0d7d.jpg'),
	('0f5c311d920904704a9c97b3f3d03653bcb895af', 'images/30270136ac0c5d159faaa46380eecb5f.jpg'),
	('f03197cc72092f0b92340fee517bb598cf74b7b7', 'images/305662ce9d94f1efde0249db3460d822.jpg'),
	('7b85aff75f5f12caffbe1a837ff12055e1ea0b42', 'images/306a323c3af720bb6d7ffec9ab7b5c75.jpg'),
	('ba1ef2946a8f3c15e602d615bea6754838a49c1d', 'images/3071b96ef283aa6da9bc53fc95a8b74f.jpg'),
	('25c0d2d7d8d9f1283e90a13ca35dac4d23630982', 'images/316b2f17b086ae3170426a9c0fd9b6e8.jpg'),
	('3554339a3700891ef6cf0f7ddb9f05aed9b4e749', 'images/31b473c90b7b7f3b8ae690aa0f539758.jpg'),
	('2213fbe4f532d63d10e06f4efdbcc79d38e0a4d2', 'images/31bd1be6ddd2f99d6f6f903eeb49e672.jpg'),
	('1f49dc52321f0c04119dde7d8de9ec5d71ad0d7d', 'images/31fb8a95b957526b02fe62f9f09f4920.jpg'),
	('551808813916c4fe5667aff143b3bf2ce7ed5641', 'images/32b96c997163c0ab64dbdff937422307.jpg'),
	('d817329e81e6f1c2352a50d59ca2c30fb33c1f13', 'images/32c9e578e0c91ac3d2ba35b21637e3c1.jpg'),
	('1a92cf69e9b6c6f7c860331fef6067559ca777b7', 'images/3426a53637fe5ada5942245d11092df1.jpg'),
	('368aef71fb6f8ee1d5bd7cbbd651f604ab05417f', 'images/357466bafed3dd4350481ab7a86a1a45.jpg'),
	('3b48749539fc9183699abb2baaec06cb3866299a', 'images/3574770d73c6ed775aebfdd5c97aba53.jpg'),
	('ef70fb7bb3e3a7b56b2641f99551537b344f940d', 'images/35a1e8eedfc747424629cd01babf979e.jpg'),
	('33463d0b7c0139ffa775ac400bcf1ed99e3534fc', 'images/35b16431d2c9934850b6a9a5f19b7ab8.jpg'),
	('60fd73a7504bee6084a182b27a600a8efc119e11', 'images/36182c0ec27246e7f065c4bbd124069b.jpg'),
	('72738a9ccd928dbc6ec9c3ed881651be32d98311', 'images/361f8defe58f081a72c9421e222babce.jpg'),
	('77467eced05cd135f4149fcc0173928475eb138c', 'images/363cc36456ce50ac3c070c802e324671.jpg'),
	('ee3f35302a03b92af3b836eb7d0fcb151de5fd06', 'images/36a088ad0367b04ecfa61a8868ccb694.jpg'),
	('bf02a7b24fa4e56e6dbdc5b2968cec0e4884a96e', 'images/383d29b5fec06be3b961e5aaf6c95e53.jpg'),
	('f7e7c25e2a7deb76428969fb38d4e7a7519ef7ad', 'images/3842579aa024e7b50f494aa8ab15451f.jpg'),
	('1f4f5c41096104cd7d147be8399bdc3baa842178', 'images/393c62125f02c1d95e9be4f1bb98a49c.jpg'),
	('7979116ba1594ae745078c545faa32ae1a5f9718', 'images/3947f319a740cda0f7d7ddcf426ab2e9.jpg'),
	('4ac5e1113a9277931b44ffafc9fdf79eca092681', 'images/3965b36c43ef6b3689bbc8f81694dab2.jpg'),
	('d19af08d50d4b2226be0e34baa36acb34f5f91e9', 'images/39c612b93b4b9f9abdd8cceef562552e.jpg'),
	('13bd708bdf5d0a8fb4fe358cf7ba67bdcbbb3eeb', 'images/3a5ca50c9453e44b65424dcda57f634d.jpg'),
	('d22a0381f58b0df8b9fb9ed888cb48a367df9d56', 'images/3a79654510a9e713d56363b276635dc2.jpg'),
	('5cb333740c4e584c0ddc7ad6623a89a840787d01', 'images/3a929b2ea18b0ef0fa54f3b863c6bad4.jpg'),
	('b7d11f611eab7868e0d9139f1430a75a845b169a', 'images/3aa4ce183b7d4f97aaa67d20ac9e3272.jpg'),
	('8494207f47f93679cff1866839136aa0de17380b', 'images/3b838465dcc2855b6e0cea7f87d823f5.jpg'),
	('2ae9dec8ece61b6dc89a2ba5a0d16c0f04f643d7', 'images/3b855e2846946bfec4ea4262b4d2af19.jpg'),
	('34d130b2da949f5c134bad669e774f12c56468e3', 'images/3b93d5d68ea8d340077f85c1bfefc123.jpg'),
	('fbbdbcf8c8731bc32d535bf937a6e0b32502fb92', 'images/3c26e826712ea64f01997bb2f4be732c.jpg'),
	('b54986b0a334fd76e83e1a7e5d01c27293265a3d', 'images/3d13bb66b0bd56cc4fc9990afbdb930d.jpg'),
	('2952d525cc009f7fa73b8e0745084ef06c1783df', 'images/3d24171a6a0ba935a1c55a8a08637b44.jpg'),
	('19b8c0444840934a08e7fa22e26bb76dfd0f181b', 'images/3d31ca2fcc91ade67d76eccadd49dcf0.jpg'),
	('f529c6627f1fca0da7d85df869c7acdbe885ec5f', 'images/3d485e99a632dee9bb58265b6c50bdc2.jpg'),
	('00317e825efd2e346dd9100a8c69d5bf1c3afa8f', 'images/3d7cd4fa1e362cb2e82c5bed95284739.jpg'),
	('c1e5e9dfcb84c441b9f4de2817187d928d4f1178', 'images/3ea382e384155c095a539c299c1b334b.jpg'),
	('b867a9b57f1e864e6df1e73f3222657fa9cb5403', 'images/3f9c7e5316e65029ec3d5c9fe6d24a5b.jpg'),
	('34753c2ffae162b050a821fd40e2f28adaed4ffc', 'images/3ffb814dddfacbd105fa354b0b2076ed.jpg'),
	('e147f895718a4638e73fc4adc4035081a5f9d5f8', 'images/40562f1c3e53c1adf19c2d48eb5c8967.jpg'),
	('4c6cb65ca45aeb19952251e2327d557ebb3b1c00', 'images/40b8948b1314ecd49a312c30c18d310b.jpg'),
	('89d547dd625e85442949ded2d5fb2201a0f539ff', 'images/4190edb5c8ba5e6a7019d7a95dfe5d68.jpg'),
	('8051b1e1bbcbd63c4c52c4e034a96ffc0743e552', 'images/419f956e0bd3785291f24c7b4dc23690.jpg'),
	('7c0653bc1a404d574c9decac3e6a396a0d501ff2', 'images/41d1c36c513f6193f8ec871895f2c407.jpg'),
	('64c82b4df0f106a6f55d3bef761df2fff3ed8a52', 'images/41d775e57e4b1477339fa1be352a934e.jpg'),
	('6e9fa95a7489a35ba782c104edd7ab140f77391c', 'images/41e4575a3935722d61875c71f7defad6.jpg'),
	('75a8f7d8c5ae519c87bd55218b9f1442b20780a8', 'images/427340be6a0a4bcbc204c4415ad1a906.jpg'),
	('51b45581bfece736dac2ba6cdf49750327f6fd67', 'images/42824c648d1884738a51598f38ef4532.jpg'),
	('f020113bce4c9b172351e5c0a0b85bfaaeddf49f', 'images/42c7dca7480183e09f7d044d0155250d.jpg'),
	('c36c730eab36a29e3ff707137ce946bc52705d8a', 'images/43077ca55b843b784ecbed08dff44b85.jpg'),
	('22bcab4149fba8a7bb12e5847e40b21add613987', 'images/432ca91f33662afbb7512612f6183b89.jpg'),
	('1158f004c329cab3733610f3ef7ccb783de03528', 'images/439000d4aa428c8e8ef8fcd46eddf57c.jpg'),
	('249468ddb1bac5c5a8993bad70ae52112902e024', 'images/4415d53b8efa801b7edc0177f235f88d.jpg'),
	('aa7a52ae9454fabdfe484544f5b934b12b59ef33', 'images/454a391ef8ba731907d2cf43b41347aa.jpg'),
	('4bcc95550f1edfb6ee468ae7c252335b1daaf8c4', 'images/456e71d51b6d156dab07da0368003dcc.jpg'),
	('2dd9dc69dad425de257e1bf7841b2c93bc5d9ec1', 'images/45a5087dd8b84339c5d0e5971e2503f3.jpg'),
	('4d68274f914dfd6caf99e7950750c1431eef3d15', 'images/461f034ecfa10366f8ddb82b581b7414.jpg'),
	('29725e3735af43ed32180316d77ef2608345916e', 'images/463f6a4f76029c8cda15703a2cde6866.jpg'),
	('35de85346ab9a832e823d540eab01274ca684373', 'images/46744e8041dcdc95fd8b850c7b2005a2.jpg'),
	('bb022753f0bfb90d3bd476e56ef13dab83be8b85', 'images/468777b58549d7fa1ae43af61f084768.jpg'),
	('3af313ec1e4fb4622450a64aac43fa2f49fef472', 'images/4696b1281f2f5d88cc33a6034d513ded.jpg'),
	('b3ff0aaada8187f5c3f244381d28f6fa524f0500', 'images/4736c0a74b52f663327065c7974445da.jpg'),
	('21f8c18fa56b7387449a5d8d96a077a7b8ab892b', 'images/47e4fbd6b54f847d87a5bbb86de8099c.jpg'),
	('28a735f79c857494576a5e529c3b5b267a700c10', 'images/47f337f6eaf508ea87f2784edf3c0f05.jpg'),
	('2eb31ea7ab35bc908fbee856c80585372f6483e4', 'images/4871484a7674872274fc9e07489a89a1.jpg'),
	('7c6a3a3c48651e30abb96f5111f364c3f0a4927d', 'images/4874c76e679217f92b3058438802f8d6.jpg'),
	('2115580f3eac029765cd8b5f9448a1a49d384a2d', 'images/48847f6db4b8c1b9c669d056652bf4e1.jpg'),
	('0cef595ab49b7a8274953a337ed5dd406b59fe88', 'images/48abfaa7eaa8a027157a2276d494051a.jpg'),
	('de448bcceb4475cbd0f2383ac0fa22a0efb0fbac', 'images/48c918239a05f5dad7fe5faec351bf2c.jpg'),
	('f67e5cb21199a2db832f293aa82d1d5c36b9301c', 'images/49d7c593f0c2f1faa69ba9978378220a.jpg'),
	('aa86b7402a2dba546bdcbbc444c3c4a5f77d8a0a', 'images/49fdeaa6f145781423e7ecae65fb2021.jpg'),
	('4a307f4581987cb644f0e97fe350a1c3e6135d9e', 'images/49ff534382fd3e408d9f156e7a1f370f.jpg'),
	('f476a0307dea7d32eaa5f91d3bf18c40eec2e80d', 'images/4a467a21832c5d1c7e1ffdc60ac64b8d.jpg'),
	('79dd144c6a3cc24151ff6df232a14d40707deabf', 'images/4bda8349649f2bfe1757f3f7d36b0c25.jpg'),
	('fa2e3814f231f88aa4c635b75b3002fd79131848', 'images/4bdee4b1ec07277d948670a0ecc29196.jpg'),
	('cd46a7576da0332c579b94f1ae711c9af894339b', 'images/4c1f68819f419fee6a39e74bce156979.jpg'),
	('30bedec1ab6984bad1f7c3373b33099ab0f4ce72', 'images/4c665d384cb9f9deddb6ba682c8cdd36.jpg'),
	('0c3468d2589fe9d56f7c122bd107402136540d1c', 'images/4c978d495de261b0f99e046218ec8128.jpg'),
	('c3757f281d686ac8345d4112af3aec15365013a4', 'images/4e18f0a617655e8ec46375f62dfb32b7.jpg'),
	('d1cc4f3cd0bbf16e35cc90196db7b93c49d1575d', 'images/4e2b0de51c78884037a35a7bbfe65205.jpg'),
	('af36c75f096014476d8a0fb7e7873c0508309871', 'images/4e4254198efd782446d8c65d157254f5.jpg'),
	('a8bd120d6d06fde14cdf2b2c1f2e959647a8f1cc', 'images/4e97070b052e01eb4b2b0865a18edc0c.jpg'),
	('2c365494d9cd7caf5f8a076008208690a4e2174c', 'images/4ec8feb94597a7cb462a6e2cd36763d5.jpg'),
	('bcc9b4864cc94fe8f09fd35b6822b38457d94549', 'images/4f138b8ec01f9977ac348c7ee4171cc1.jpg'),
	('f830a2d620cbf84f9eb5c1d6a3d3bab09d9b9893', 'images/4f8340760b11e874b1b0016bc1d78d9c.jpg'),
	('3e939025778d5f0675b63cf19468074d08b8e682', 'images/4fc345cd8abc97ff19de72336ebf62c3.jpg'),
	('eb3e98c7910b5c875b264dc602221c60efd69846', 'images/501ec9a6f35522d72507c12fc1d5cbd6.jpg'),
	('fcf3b4272efb0f43e32d5a9bc301a392d559a976', 'images/505c6cc5781b57eafd445f5cff06448f.jpg'),
	('836c47bfeb392a0d855d1744aeb4d41e8702f4eb', 'images/509c0174fcd222c5736c439f148c5b95.jpg'),
	('041172b580972ba63ae00483acaa4ac92112408c', 'images/50acbd5a6a79afcc11e751c08aefe574.jpg'),
	('611c97cd315c2ae7090776ff19f9c45d9e03dcfc', 'images/50b311fae567d55fe6ede8cca9a0dbc7.jpg'),
	('0b155939e791c40b0e7a8ee08868028e53064a40', 'images/50b8c51ba3bd480334a8b02ec182cf3a.jpg'),
	('45bc77f38f87b97ebb68a62dbde6df33b7b7e9ca', 'images/5100edb31066d4773604f69269c7bde5.jpg'),
	('f9a0a0d23cfabdf3fcf0a10a9312b27a724fecab', 'images/520d40c6d40019101ead88f543a88785.jpg'),
	('2c15ff73f3a93aa251ff7ca04eb3625b01d4bc94', 'images/52368484f810d3c8272a9ddb97310821.jpg'),
	('87fde0872d7800c4cb9c48f36e121e5b4e92749d', 'images/52e0ef1dd19654c78dacde2d35c802ec.jpg'),
	('071da3a126dfb27d891db97d0612ad095062f600', 'images/52e3c924c22c6d1311ceecd7c486f062.jpg'),
	('e7534767f7b2055c26296b6be851b6eec2314efd', 'images/534a08adea57871baf1953d09d8c73b5.jpg'),
	('0b27181b18998e9dac3e2122a1067d31bbbea1e8', 'images/538d3bd43b514ae6141b92a155cb473f.jpg'),
	('7a8971de2a8ee48c13413e32bb16fe4cf8afabf1', 'images/542d014452c50e1aae801233181d0935.jpg'),
	('10d377b8ba6ce7f517cb99abefdeb5bb8b4e9311', 'images/545b5735612f9574cc7357b4fba607a6.jpg'),
	('3d7d048d194bf9c3718d015c7b765c7cffaf0390', 'images/5547e2e3b4888f3b9faa901636f4feed.jpg'),
	('76e03786d672868d33fd7f72ee868a71316d7343', 'images/555231581e7bc16ebdfc5e3684373dcc.jpg'),
	('820a87db78ff9f6e591873a0af453d3d832e5903', 'images/5572e03be13bba2d8ba3769b299aa695.jpg'),
	('c8b81448728e1049a061c436d50d9209ec950fcc', 'images/55858fcd055f0c04000b5f218a4c4fd4.jpg'),
	('5bd459d1ea20206d04e6f4240c6169e5abf32d28', 'images/55b789cadc88fd27200e2807214afb15.jpg'),
	('5c7028fb1ec416d537dd7d292deba108afcaa98d', 'images/55c013d73ec44bfda840c3740a05b791.jpg'),
	('227c5d22af8fd6a3b4e28b3928d2db9038e6c0e6', 'images/55c605cf2b8aad802f6ebdfc6493c1a1.jpg'),
	('921965f746e7dfb45c97aae8c8fcdde204add90f', 'images/55ceb2926e8a808fe0114e53585ff37d.jpg'),
	('d1f72ac5377fee1834b585845c1dd87e0d0722cd', 'images/55db0257003f005388d99b681169262e.jpg'),
	('cd0901a1ea8c83e4014106e55bad98220f4f952f', 'images/5605944ba01c976ff7808bbcd1a0f540.jpg'),
	('12084ac9a94badb3d41085a52d4e8adcd0698082', 'images/5657675c6218990fff755c65b2b86c0f.jpg'),
	('a987c930334efcc100ce2b0fc0ec079a0ace5d78', 'images/57446b3c729d768cdd89d2f435658809.jpg'),
	('1fe21f781c2c17544083c0f72344f234ebee7577', 'images/577e47d2b78746e4fbe72f2e3eee3646.jpg'),
	('f7c501339dd4c4a02e197099a8b0db38be3b9ee1', 'images/5809f1a4e43d744b84252f6bbd4a440a.jpg'),
	('bc4a5e034b34dca2995801430a3cf55aeff5abe3', 'images/5858aa9ef7588f3cfc8be74822fd7975.jpg'),
	('2520f7cd47e32e977bac3d393dd29eb9a5f1e62e', 'images/586d5521af7b6070b0823d9d19e65e02.jpg'),
	('4851fac577b750092670b4236f7416d4c4bdab60', 'images/59a51e15c9ca8e092366a36b83b528e1.jpg'),
	('858719bd8af07e0c7b6ddc8e3bd47f228c93f177', 'images/59f07dcddc303e7deadc53e62aa14896.jpg'),
	('efdef6bc93f64708886b8f8565ed68d69ddf4522', 'images/5b10169c7481225dcc1f9b2c72f7e3d6.jpg'),
	('461455d95945f56f434e76ad7a25426a5448dd48', 'images/5b2a09064138e127de338b882dd5792a.jpg'),
	('9a273ae1bb7b409495e7b93a8fbe662b94a50877', 'images/5b2af401c3b814baf2789dcbc2851156.jpg'),
	('736b85dedf26a378dfbb1d78fc5b90ecc449e5b7', 'images/5b35e3b444779e2c13e46945b0dc2d13.jpg'),
	('f3b875d547ac988c970bc49f8c6a15167789ff0f', 'images/5b38a9103de42e69154061da7fbd9286.jpg'),
	('48287e2ab52cf5660040070c9d7e20a667e6d200', 'images/5b7bca277040709e34ec2cf2148673cc.jpg'),
	('9bbafe1c5bdecee032c051fbf0af216c43e56813', 'images/5c41c17e30132e4892fe305c5c9fcae3.jpg'),
	('a3e77b36b2a1fc0f4d001ece300d938a582136f8', 'images/5cc9944cdfde404a209a64bff0648f31.jpg'),
	('fceadfc11c119cef7ebaa277de40b2aa68b2fe21', 'images/5cfc93e22898171ff2c2c0cece9c33c5.jpg'),
	('fc245167424c1b4de8cc84e192a5bcb2ce9e0489', 'images/5d491f03d56612cacbf74777dd96c8c3.jpg'),
	('d8f3171783b81408b465420688a792eda1403db1', 'images/5dc05ee4169e46e574ad273eaed7fc7d.jpg'),
	('717cd68439b48f025edbd893f4896a21af69479a', 'images/5dde992cffd48411f41885e7d6884846.jpg'),
	('d53f53ebd3a91ca13a7d696630f0c2dd10d3ac79', 'images/5e4b418f8599840a8043f36bbab8b39f.jpg'),
	('a74ca30ba27ec2ffa5bca3331ed9b1507a8b87f6', 'images/5e528b9ac7c1626b254467d69fa999af.jpg'),
	('e5351c7ac85907413494ddfcb59c77a7b7c84d84', 'images/5e6d1737fd992cbb0bdff7dfdc881835.jpg'),
	('498a5a0f61d960462c92409ff21dd39983779803', 'images/5e72ecd082d29050ae9d4c905c6380dd.jpg'),
	('3cb4cbb8e36fac5ed07db305b85842bf27dee1a4', 'images/5f2f6fb34a687d25446e4bbf3ff56d46.jpg'),
	('036599f6ef3e0cffab96bb1dcad149ea8fc365a3', 'images/5f65e2fa069cfa08e6796e8fbe6936ab.jpg'),
	('038e11a2de5ac4d77b7e4ae410cecc5be58e619d', 'images/5f9ae3daea88ecf2015b574a1ffa93ed.jpg'),
	('eac01575452040821fcb93bb398262ac1f0e25f4', 'images/5fb6c2ee198661929d73853847ce766f.jpg'),
	('5016c4f43fd6167b35dc8f30c0673a33e4359981', 'images/60629cb119a3c862cd4916c972aff5a0.jpg'),
	('11b944572771ad66010319d5245d6d8116be5fdd', 'images/60854fcd9b79628f8bbdadd7121be943.jpg'),
	('09c129976771082d561849ffb808fa9baf5ee074', 'images/608fc44ad471cf160b5dfce9b1c0bcc8.jpg'),
	('821b5386c4de47c8c585dcc95dcdaa70fa20ce56', 'images/60a8db595e0c833048cf26880daef804.jpg'),
	('9f758c5eaf51814ab70a44259622709be76b21eb', 'images/610557013ab19a722f32c88ebdd07bd1.jpg'),
	('0162b1b7aae3b9f3a44f68851c7fe5a189fe8911', 'images/61647d3b92688ef0a22c378c59acff9a.jpg'),
	('4b2da2cfb6a630f0ced76474b53a4ec77c46fc12', 'images/616d334f846aeb8983a30b18fa0932ca.jpg'),
	('1d1d6866eff3f3952e539929e5c9a29ec7ad7cab', 'images/6182b3d1ce0d981d826cf824604af712.jpg'),
	('80c9f82def1b2ae12c086cb21fe94a8e9c1451cd', 'images/61861d4b0358fe44d1b6df31d633fb65.jpg'),
	('1b734fd7fd4c9026f011c18d814dc3c1e8fe51be', 'images/61e4a1e2d9f7ddb80dc27b9040e17135.jpg'),
	('ee22d10b757e9868e642b71ffa7832e52b4f6833', 'images/6272ee46a72f3036936b8ae55d5c4031.jpg'),
	('edade00e44d05998091abf07bc6e06d715127e42', 'images/62bf35340137f99eb89f8d6ac6fc90f6.jpg'),
	('8713803e4de6efea426e964792446a7204f3cf52', 'images/62ead6fda6e09436951e3d382df0a2c0.jpg'),
	('7295754a61ae53ef76a4e00a7551d87e2b9f002d', 'images/638d62b37c2321ac81d8635abcc92f04.jpg'),
	('0bb160b523c00f3ad7500fe4fa3bd0e32e05f73a', 'images/63ef95bfaee3da19647248c4bbb814e5.jpg'),
	('cd4b24dda48fd914b52c71c065357e672cbbfe79', 'images/65678c54c21db3600ff260bd56290c08.jpg'),
	('8f157ca744935aa2027b416bb12514e3fd9ffed6', 'images/658ed6efcd5c73d99301816ba999f178.jpg'),
	('497f9b69ea96031daec8b348b7d46966b0c3f2f4', 'images/65f4bd7dfa56cbf38baf6e0e2e71a518.jpg'),
	('74dd9aa76c51184e1c6f79bf57801f898f6dc1e4', 'images/66077d971868b91f4796886bc3d882b3.jpg'),
	('7ace0b0b7779946c25fff37b6f137b4490cac88a', 'images/66565d1bf083fa4db9479dade4a684bf.jpg'),
	('322f9982e3e7c6031b9b2a720d5577f71841ecc4', 'images/6663c7ebbbcbcf8feb52d23e84cb2697.jpg'),
	('1dc1918747383acdd9bc793c5dc0d2ef50625426', 'images/6673f69854128a3034f57d48daf1ae43.jpg'),
	('0612ac2dd9ba152b977a379e4c03408d5bc50881', 'images/675bdbda54b9e5837f66840854ba22d0.jpg'),
	('397648a8782bf11c0b94031526008d1f57000d16', 'images/6768ff5d5f144d4f5fcc09c9d2a5815f.jpg'),
	('0f35f996622aff30e6392b4911b95d8a9a342b1f', 'images/679b1794756e6c1f73c2e6e54dac3233.jpg'),
	('cbb4df8ad20e1526e75c1ec70a3385fc6c294a51', 'images/684f8e99419d2f8bc9a4eac6f798e22c.jpg'),
	('5f08a4571dc5b2eb0e2a1d974a7a9dfbe7e37073', 'images/69901303a56d04dbc120f63108a39633.jpg'),
	('8630d7f32acc360117f9b433b45c0b887db616a2', 'images/69d6ec3f8de871ba76f85d4a6b44107e.jpg'),
	('a813f01a5bc85c4d834bee3c559fc64279cdda8b', 'images/6ac9c6532bb9486a70b06e61ab2b603b.jpg'),
	('08dd5cb0e324cf769f4f680f794525a86c151f80', 'images/6af23823ce0ee886d0eca971a616e28e.jpg'),
	('b0826b7b774c19473f2cb27fde5c11bf24194c92', 'images/6b6a5313b6d01c9060d9e167b251fcf8.jpg'),
	('d8f826ec64d5175cffdde8e527e877df85a7c379', 'images/6b8b3acddffb45170329d6ffbefd7bbb.jpg'),
	('f3ce12aee56611d7092b20f73056c8464f56a4df', 'images/6c1fd1707bd3fe8ffb0734e4bbb70c1a.jpg'),
	('2d939f6b2e6435f2a5e91de2fb59542546fd9eb2', 'images/6cd2f25df4bd8a965e55b47e08bb0253.jpg'),
	('18d262ff14ff322d4b61d6ca182d50a291a7fea9', 'images/6d71b51e19e68d50268915968a3b5945.jpg'),
	('04a5c8f464189d0df5c33b46255ff1af9c48878f', 'images/6db82a93cc31f1585c1e9cfda9cfe43a.jpg'),
	('b7cd2fcb085fb3e844c69ee91bfd3300e4380f1f', 'images/6de9f944f69b597cf1621800d8097a42.jpg'),
	('d7ac62663059be31982891cb49a08665d0c16107', 'images/6e94e7955ac3aaa9ceaa1db76618622f.jpg'),
	('83b168badc2f91c56e46532c4435f7e97076552a', 'images/6f1103671d8c4263e274519916f85604.jpg'),
	('0478a50d7cc49d41be9aaae7159aadb062baa0e6', 'images/6fb16be82febdbf45e0e4bedbbc0ef4e.jpg'),
	('40700c4b1851f0206f52ca2dbf00071cdf730fb3', 'images/700627875402dc79b35e5eff39e72d77.jpg'),
	('6648f9a69834c7fc867d3015b760e771c7a4aafe', 'images/704eb81fde8111fc1792bf09af8710e5.jpg'),
	('e63626d4534581700125f9fcfb75a411d3f4cf3a', 'images/705e7f9ea007be6072921973e9a7d3d7.jpg'),
	('97853797861cf925c496bfe9c299c46872e100c2', 'images/70e710d1170a98870d044bb4609a0f25.jpg'),
	('9cfae3497837c70c9c19cb5af73087a0a83c8ba1', 'images/7121228c1d8df5c82cadf3e27414420e.jpg'),
	('782b32c974ab41bce87ed5be7f0d0430f485039c', 'images/71595abeb5c6de444d660361f1f758b1.jpg'),
	('d65acca3cb175738e47ec22ea72c7e84ebd02eae', 'images/719eda980efa5673a3440b33af6cb656.jpg'),
	('7e56daccb5782ac6a42425229c0d95ddb8c00e14', 'images/71d8f0afbb7880da9bc17f11b82bf906.jpg'),
	('9f44506e4a438f616210ef5416099d4c3d58b197', 'images/71f3418d3985c063f1d9087ea8aa89db.jpg'),
	('0194ed0d24782428ba4092c2c833a54a8f2d37e3', 'images/723f3c040aba9610dae2414c1d043feb.jpg'),
	('ba57f61400c0d60ba126d51d35874f70b570c3aa', 'images/726e35afecbcb250214763ca6030b15c.jpg'),
	('4a8bbad783e9ffff794116846dc537cfcccf8458', 'images/72d54e919447fc784cb5b3837e744190.jpg'),
	('593a162662cec28d02c1107a96893c33ca75c8e1', 'images/731c72adcab7ed598826119383b16239.jpg'),
	('8ab3e272531f2f3e633d5e40c47b24efe4140569', 'images/733048fc4b42534481e20b0c803a94c1.jpg'),
	('589d9240fcd76cdf747df494a233baf316746fbe', 'images/73ae41688585002b0fe9f893bdc949f0.jpg'),
	('32a702991da98391d509e0f3421b0a69a4b98a97', 'images/7400e572f59da0225888c6320506bb6d.jpg'),
	('76e088508ca44290c4ac431ed13007bd4c0633b5', 'images/740aec630a19e291fbc59213acbef71b.jpg'),
	('733616f895915b8985ed54292fde0e54d1b4dbe3', 'images/7429fa722d41dc7567a50d164e1d1455.jpg'),
	('5eb082e28e115a0baaa437de5c01e0b399792e71', 'images/74f9916478134f81dbac1130241357aa.jpg'),
	('430f5cad24fb1d1a5d9cd12cec2cdfc1409a0e67', 'images/756d120aee38ee9a0cc41fd8b5cca5e1.jpg'),
	('f393304892c6b418b3acb10af8c0de7abb86bddb', 'images/758abb302740a1833ac4b61c90b9b703.jpg'),
	('b564d417e2b10b0023d2ae0d07aba6cc0a66d662', 'images/75a85398abd88c03815364e2ff73babc.jpg'),
	('19150133fe7236e78b2d294ea70bad12d3c1b408', 'images/763683bafa5cf115f9acbb019418da24.jpg'),
	('9b75d013b27395dc5590c7beb0f6061e567a9501', 'images/7690519f6377d6c7c2dc85c8af1edaf3.jpg'),
	('0f5a2d65191b63bc011879e4bc50cb5fa42168e0', 'images/7693996a59a9c03b6f3271820639b32a.jpg'),
	('80545224d8845e00c00b84fe74f8c711bfb8d223', 'images/76ddd5200f7a8b0a59a16c4e74be62a4.jpg'),
	('c6fdd44d6982f0370e9e95735c95f1ca20d95172', 'images/7773c1b22a5900ac6c4f311093044909.jpg'),
	('8f558c9b6f3b6fb07025fd4ac72885e043827d97', 'images/778f31921adcd1b830276d5370ef31fa.jpg'),
	('23b8ece021ed749465cacd51908c46764b686d96', 'images/7861519850b0518581ea9550f1202cda.jpg'),
	('8914f162bd7b51e9041fc1a4ad2671aa491ab30d', 'images/78d42861adf5fb8c60896d0edf4272d3.jpg'),
	('780d9ec8fa876b80f454e1c79b93b2ac30e3c7c9', 'images/78fa5361c2afcb368e088af0b707179e.jpg'),
	('2bc72a04269bb0fe2a58e0ceb5ada74c86853196', 'images/78fc7625fa7b18009495c60ed2472bf4.jpg'),
	('b00888dd97acd84b15394b28a1ca4eb5485907be', 'images/7996284c63ab0000f35d0cc83ee64a50.jpg'),
	('372354f1f4751d180532c2ebe4fff8fdaca93451', 'images/79b6d6d3a315e4400312d4e8209ce500.jpg'),
	('b303e4ffbca6d6d2be09b219278ececfe40a34f2', 'images/79b9b858c591f2652aad83930e03bbca.jpg'),
	('050796b89d62a7f4119db0456ca2c6309448041e', 'images/79c5771caf5df4b1688ba34399cdc678.jpg'),
	('64f39ded3445ff6d80ba0b03bc5c0d067494005d', 'images/7a4eb096741842587f2ee5c00c550897.jpg'),
	('06795fd28184bc1ee6bc8c36d0cbc351d3d1eaed', 'images/7a58fdb400523fb05c567ee8e8ad5ca5.jpg'),
	('07e84ff2019082d8cc2c4bd3b0361a78d1704983', 'images/7a77b3380b62df85af0eb0704eaaa407.jpg'),
	('10aceb7fa6f799967f028dd8fcd9e076392e9a88', 'images/7b4949c22d5cfed1994de02a5e0bfbc3.jpg'),
	('212b49ab131177e09e5f80d6006788b0dd94a503', 'images/7b6441b8434b53b2ab5f1cf8bcc8153a.jpg'),
	('7e8034b61fb284e47ad978fd92d56bffbe98bfeb', 'images/7c31abe5b04c29eaff642648f45d7004.jpg'),
	('07378b5ccd3d4ccf607232679e7b798392fa100d', 'images/7ca786df213f8c7d75492be1218f22fa.jpg'),
	('275660b23e25c1906ffac50c73dda74ee18b6d18', 'images/7d7b72072160322c827c7512e6636c01.jpg'),
	('f197264c517a66e97ab45787280fe851a80bf939', 'images/7d8b2669e668fe2ab397822edab619f6.jpg'),
	('cc68701a83341273d1d28037c670fd5188785574', 'images/7e262ae51eb2982db314c3a23f24963b.jpg'),
	('117e7481892e6bb9bfb4bce5541793fd34888653', 'images/7f78ec285839d11beee68c7bd53abd7f.jpg'),
	('8e9f8bef4cbd1a40aa4669e7ee854759364502fb', 'images/7ffeab6901460f1b7993f0c264291f35.jpg'),
	('9caac24e24a7690684fd5e473bf70caf66fa0ee1', 'images/801706b9db88f3957a6dc3b10bc657a9.jpg'),
	('9fe570e4c4877966ebcae36c8671ccefaf500d74', 'images/803a783ad2dc0b1ec8a9768fa5d9d9e1.jpg'),
	('41878996588c31632dfcaa54079a83a29a4daa25', 'images/8091267111e1d61a964b5734547d1e53.jpg'),
	('9c4985cc36d3d7810fa1fa8b639af11760097041', 'images/81a57955b70d0e160262a2564aa02d31.jpg'),
	('fb0769979087bc0741a57ba75ac4869e84701c8c', 'images/82a038bd2a0e99e59121dea53c02a9d6.jpg'),
	('207629d82a46a525cae04dca518ad12fe7ea1644', 'images/83274e4172ad1f95ae3f34ae2d553c1d.jpg'),
	('1bbe043b0ac5addac5b051c905e2eeb9b9c909ac', 'images/83aa3f52f7b78f4c36f783c9923755ab.jpg'),
	('f7418fe3c3644e57290c7f95207bdee6e3259ddb', 'images/83ab9df7e7305be15c8d9ce6f33d6f70.jpg'),
	('81d948205ece52071c4819a1201232944a6dec01', 'images/846d9d25b819252f644c6bcbfce597af.jpg'),
	('da4ea97eb4f7f516a57734c7028e0756c6f1caca', 'images/85586c8a085851bd46ee9de872490d88.jpg'),
	('9cdaba58036d361c006d0888bb74e295363fa73c', 'images/85863a5d5f01ff11e928fad883e5dfc6.jpg'),
	('c5a3b76104870fa3f64560af5cd2e1d50550d113', 'images/85ac489e8ca3242192d1c6197194410d.jpg'),
	('0d0c896e30726370a54c89f993b65aaa1c146ebd', 'images/85d47b0a63f88acd414c2671a9196148.jpg'),
	('f4777a3b4a9ba97f6921098495c44061c3b9f121', 'images/86030d1d1f1f97ca19b1434089627db2.jpg'),
	('b8c67164c07e3ecaff2c8510b9dfadab17b603ee', 'images/860d970129b2c5c675898fb702686fa6.jpg'),
	('89cdfeca970a72e9a3819b76b0d0c2cc12ab54af', 'images/8639cb6580204ce560aca5fdbca0cf54.jpg'),
	('098e4b88fb692b7e4ee72e6c11b68b6713fe5bb3', 'images/86b2451845a6eac238a56823bd3b6dce.jpg'),
	('1a2e2cb33d6d1a33e66cb63a152d6df64d70d7bc', 'images/86f95c2fe3162178941893797d781c51.jpg'),
	('3d0e68760fbe5776b9f2c943f3872f887fc7264b', 'images/87d8360ad5d0acbaaa082511fe354e21.jpg'),
	('487585ea067cc6e2eca9dcf4658dbaa581e7f319', 'images/87df77d2fe6f46f3cd4e26e7c2b4e1d5.jpg'),
	('325d381f8f4dbc5de44000bac835a2b8d317efd1', 'images/891b776c59c3e5cfd0313d4179b4c6d0.jpg'),
	('d3f517d49169c2696a0a810d7c3d4cdf0d021884', 'images/89f6276b151117fe49c439d1f7adbdcc.jpg'),
	('81656fa0a2365a0f93a083dc597853fcba2f1128', 'images/8a16f9b9c05e07bfa36073cbef707563.jpg'),
	('4d2674ccda89c8c7d21724de22efb12dcd146964', 'images/8a29326d929be11fa4d955f756ff1c69.jpg'),
	('441127ea39cf5192385d7a357fb70ee6f6d8f534', 'images/8a62311810f5c07c3c5af2ffdaec1cc4.jpg'),
	('99788475d5f9c0ad994ab58c3cb2351c4dc16943', 'images/8bdfca6cf872c2a5c800fd8390fb08e7.jpg'),
	('b18155877ca3b4c1acbcbe5cf3d89a2df172b472', 'images/8bf1edb423bb2bd92fe5616dfaec9235.jpg'),
	('7b0a5a0e37f04672fe750c1865c85941a7d8a26e', 'images/8c3b741a2cb98039c516e6d9fafa2ad5.jpg'),
	('e07c8815b7116ce74588f6d771c608648c853d04', 'images/8c5964399f01775784bba1141d6ffd7b.jpg'),
	('3c23c3734492943ecd0e6a10a148fe136f4b26b7', 'images/8c9d1b8ecdacd438d4a2f38952aef6ab.jpg'),
	('cd8238095a6ae22694c8b784c0e28dcbb47ead91', 'images/8cb21c219f293b47f9dd5b52599ec695.jpg'),
	('65423ebed51564d0d47ca4543639a360da4aeac5', 'images/8cbf7b98c38869c4e59974ba86aba07f.jpg'),
	('89135e886ea29110afd753d26c361414c4672154', 'images/8d8090ae4dc25b5a2f98ea6e0424411b.jpg'),
	('22e4d08774c7502920c0d057417f9f05fde73cc7', 'images/8dbd181eae01b8d9f6bfad35dfb02b79.jpg'),
	('3a38fc922bfd8df702fc2894d069d1dc6c9ac3bb', 'images/8e1b3d48133cbb4e3fa63f52fde2a64d.jpg'),
	('48df18077bbf4ec01daf320eaeda13e9b076aca4', 'images/8e3fb81036233f622b31ca4aca3e53f0.jpg'),
	('00d6655d5492440ada0aea87dc2c92e69a5fe111', 'images/8e69b36d47ea5d6bf5c22eff7441ee0e.jpg'),
	('cb1488a5fb2303897a9804cb597081461fa86f44', 'images/8e716166b54e86006ba79639d0a2c84b.jpg'),
	('1a3894daab0802cfe955d2771749a1779a5ddd7d', 'images/8e93105aad18ae194cfb9067b90d5b34.jpg'),
	('6cc5d64f763e82cd6da6cb2a80c433f4025182c0', 'images/8ef7924c758ae9d8423b7c1e0f6050e9.jpg'),
	('2a01d30195b5f16ae909e783fb4b2e09279e4c39', 'images/8fea0a4a11d808373d1d850fd4364cef.jpg'),
	('f7f0da890372fb9c60944915e7b3e83360835bc7', 'images/908d16da6908b19218ccc72a58ce8dd1.jpg'),
	('c5837482811c37f23e101b7c2ec0a50d57399ed9', 'images/91bd2e437a5fce0e6896a8824d8dacd1.jpg'),
	('9be9ce37aca7a90e2a0bd518446a84de8649e632', 'images/91c613af32ddd526f92a572c9d6d6085.jpg'),
	('0191fd1757acb3c3f087fe9c93d7c359f212e6a9', 'images/91eff33d6f23351a9cf64641e79fedc2.jpg'),
	('652612781d7e6d94570fd96f6d6222241852f972', 'images/928403243c22b26912ea44f207a2864a.jpg'),
	('b9cd0d11088456d28f6fd18836c5dc7dc2868287', 'images/92845ff5f570d0683fa45c628359ebd9.jpg'),
	('9ce42f3b9370d1802db329f9c378770faff587b1', 'images/92b531a814d852c742c2ffe1b3b2b47b.jpg'),
	('b27e8d6b23541c613642e21d3dcf6a16add66986', 'images/92ed8ed922229fd53fd0e926430163c0.jpg'),
	('b49b80cac2aa50d1c99b7d5fe0c1e3529fca80ad', 'images/93a64fe146f7f96faa4cc4e9c07e99a1.jpg'),
	('f111dd04dbe845caf959e85c4bc851fd4edbfc20', 'images/93d952e720e2448ccd0f2615517d0e3f.jpg'),
	('c5852ffd8f93548927a8720636562632f1171c6d', 'images/9445c05b292f9bac4a9cb596da1f52cc.jpg'),
	('6cd86854bf03db71cbbaa1eb09d3f8d71911aa81', 'images/944a3ba9c67c7bc0206e2d5372b45ee5.jpg'),
	('49cc0c0d3798eb5e8d5ed1598658f2ce30946007', 'images/94c4e278044c85f903a23df54ce295ac.jpg'),
	('423ecd7d1500ee5202d81d008a10f44a95f96cdb', 'images/953bd71fbd45b52a4a08be77bdd01e1c.jpg'),
	('e286da7afb8e0af2885b9dce375a5563c73f8ef9', 'images/9545101b9dcc666f99ccdba709df2b8e.jpg'),
	('b2b33d1177f54e4368576b63f27520372d9fb6f7', 'images/954bd44915dbd182653d6f8ddadca591.jpg'),
	('2345958e6563a8b35f6faa6fcca5b59d45de661b', 'images/961161b74c860bfc64549e364a4d7814.jpg'),
	('8c9f2857c72b3d0562e8b54729ab40c8bb663d6a', 'images/962a022281c653803338a6f82e7887c9.jpg'),
	('932f181671659df66c25bc74e39c51e1ed2e9ca9', 'images/966f5e27e2b7f24317ef4385966f6bf8.jpg'),
	('92ca030c82179294d8f3e4d303fd99516fc65a08', 'images/96d9b7f31779bf265b7ec90e7bea87a5.jpg'),
	('2d8e1f8577b3f3c70d425918657d1d8af9be2822', 'images/96fd534e99cfbaca7501fae649ab7fa9.jpg'),
	('72be69cc7cf1ff3b0806f548907e3d808245ed24', 'images/97166ca07e57da5a03ea11492a2ba167.jpg'),
	('3e321533d8e8db8b56db337c78614f146193a7c4', 'images/97b1eb4f742988463953de01f9639d57.jpg'),
	('d59fdc9ddbf476a6b7704e4ab259d37a2c27fa14', 'images/9858302c08eb3b430c37ee0fe3479c8b.jpg'),
	('986d42f19cdf0980ee361b4a6cbfb5021199fca3', 'images/98ef2ab3459dce0828a9bd095a210d9a.jpg'),
	('c201d4db19556448973acdc85df448520c88ab21', 'images/996cb72f38eb34a7826a078991717faa.jpg'),
	('8c07eff76fdd01ebed9d732349ec8fe3437bcd5b', 'images/9a65cc84f99e802bf381ff52eb433201.jpg'),
	('dd6e00e1d590dabe5b72311f8a3db8af38e8de7c', 'images/9a82fbaa9ef1f9af05a46b179bd4025b.jpg'),
	('8f46f99e7fc65b5940477d52d5e29b58f571a519', 'images/9a83e6e9d911e649faffcab58895c6df.jpg'),
	('dcd49e5300950a360b0ab59cc04ac25b392d7d7b', 'images/9a9b92ea322ae46d3b797025cd6a0267.jpg'),
	('33034b1812ed42acfa9449f61201d7ee6286c69b', 'images/9aa4f3b14e0e2be2ffafce81485a28e6.jpg'),
	('e5be03f503f3cfcff56cba747045434d26c9f93b', 'images/9af14fcbdfba307cd3660760d7c45e9f.jpg'),
	('c02eac344c610d38fac7879091eb74d89bbcc7e2', 'images/9bbc7173e0249e5498ab28fe92898eb0.jpg'),
	('88ed6eed24aa642303d39dc4fc8ce4b673f2fc3a', 'images/9c0be7cde2e1a706d8ead05c6a8c1035.jpg'),
	('2418cb6d50be099ef2dde1285767f4550b125d9d', 'images/9c8dd9ed679bc1267106e77a75c894fc.jpg'),
	('9df6b2816c90a9281d0f5ba50302fc06ebe18617', 'images/9c9bb0158b016cf51fec9b2d865f87da.jpg'),
	('5bfd16156f7629fc38420ccc70848fe4e83188df', 'images/9cb038c07d26b00985ad567454ca5a00.jpg'),
	('e7ca0405625b02768d03d81f16f9c02d08272d45', 'images/9d04f6c2aaeae49126ed4956967215fd.jpg'),
	('489ed26d724c3191ddfa68fd4078f76a45f9667c', 'images/9d6620c1957320f883143623badbe130.jpg'),
	('11970ec6d9a01c4dc1caa314ee19ad6a0205e3bd', 'images/9d87cc9d3b4a83b23c04c49167b098e0.jpg'),
	('b80472f19d3f87dce5500248d322c92423089292', 'images/9d9aef9a73a20e2627b7d7f808db0675.jpg'),
	('9d58fdd00a8711612f573c399f3ceb8281ea1cfb', 'images/9dc0e4c1e122a507d0f0cdc32f8a662b.jpg'),
	('af9b1078486e9b97fe8a6b01f03fce95b1f718ca', 'images/9df1de2c608e295a7d403fadd7c60a91.jpg'),
	('47dd747aa4864b94126d199b23911ee68dac56fa', 'images/9e27b53d9759f463e79353fd998548ca.jpg'),
	('46b31b3bce95c18be700144e303f74e0f0e5f123', 'images/9f25f33298f94c62721016e9b68b0120.jpg'),
	('958e2f3e3f648c8a2cad1b9a05ff9e048c90f1a4', 'images/9fc41138dc1b502df7aa2741879e9e0c.jpg'),
	('61c07fcd69b88e54e782b9f5b85e503468a79caa', 'images/9fcb166324d8a50e1f7354345054a8b2.jpg'),
	('ac06f70646e59de369b3f581714179be4787f126', 'images/9fd134c8bcd1540e006f42de70805092.jpg'),
	('189ebe939ee9303edfc424b5a7636a3c1635b285', 'images/9fefd0df88397bb65b88b21f25ebe222.jpg'),
	('b13be59d90622aa4c2f1ccc0cc183af708c18c06', 'images/a0429907348026ec302119855fbda9a5.jpg'),
	('8f5e6dafc5fafd06e5624583a3109f0a8b4b83e0', 'images/a078de51eb048c01f9f7c9b3f12a975a.jpg'),
	('3d848b08e06f72fc484a4a5cbf14113bae7cc703', 'images/a0b9ab9eff9d2a00f8e37975038e408c.jpg'),
	('ce1662c860ebd83d54b675d1cb6af3115340ed5a', 'images/a1463c7912729a2969f193d4a7bdbaaa.jpg'),
	('d055ae808663405de5c2b8f3610308e518b9a2fa', 'images/a158c921b7c379ada51d8c7a132a7a9e.jpg'),
	('62511d8ac93af1f0678d83855af1d29166e56e75', 'images/a1609451b4685d86e5577416376ab302.jpg'),
	('3b8b0085cdcaa6f074c05a59e3ee674effcd968c', 'images/a181f1d628dc3d8f17f7d76d2b18b965.jpg'),
	('fd7872bd00df93c9afdd33107d5f8d446870c5f5', 'images/a19dfb851b2ca0627b1adaa4b171483d.jpg'),
	('ed7af6d9ef2273298060d77806d4a03d3a6de490', 'images/a1a9225fed98f8f8d125182be8d3eb4f.jpg'),
	('4bee4485ee06289370569e6e0c638b48849c56b2', 'images/a1b96d14aa8f5f6ef5cd7995fe200f74.jpg'),
	('2fd92af3fa0848277ce32f08b0640bef7e4e3602', 'images/a22f73acc6c8f6521b15c92876e9bdf7.jpg'),
	('cade339d7ded03bde0247b584c0a79d3d3f2319e', 'images/a24f0ff4b2ddf6955c7510186078cbe8.jpg'),
	('f43413a024beb6b6b43e222536aa1bfa8c7ffb28', 'images/a2947399f02d1bf94971b82820e410b4.jpg'),
	('0284053d70399a7535941b132843a01cfe8c4a85', 'images/a34f92996b56c3107168264b658bbbeb.jpg'),
	('dbef44392b6532d6e4d3611a48b67782cb0d1b6b', 'images/a3af7d17e5fdbec1665a371de91b744e.jpg'),
	('e210cba08009e3a72a185009d65db829d27a6697', 'images/a3d2dbc1badfded61843be788c475198.jpg'),
	('358b2705e2b387a3b7b0e3e1cce9018d2d5687a9', 'images/a45201168f334aea0ac8f8feb79c72b2.jpg'),
	('8d7eaa5f1c0e283625225d0790d2e26a9e7903cf', 'images/a4eacfdd2e802b5e58731632aa90a872.jpg'),
	('da283670c1443955dc9248b92f626b06109430dc', 'images/a50f96ebbf5c2af2dfa90a6699d63d46.jpg'),
	('d20c6a2a04527892fed4a03f3dc194447423132a', 'images/a50fe6e71fb884b3f1787da0f5103b1d.jpg'),
	('cd2cc47aa8601cbf3418049e8022f713a6c00f0a', 'images/a5287f7d85f96e99c31b14a2b8e8f553.jpg'),
	('b8091dff543e6d54806bc684710278b7f3df160b', 'images/a67704fe90ae4b7b011deb5551bea847.jpg'),
	('a8b4b6462d40d1fca9d40d06b95d0632befcf048', 'images/a6aa697956efc872ce58761037d223be.jpg'),
	('e33bf5178068ebda138c1bf7d52f704952d2d9e3', 'images/a6ba77df7d21e1ee75ed360f33db55f8.jpg'),
	('4cd94c536d53a3af6a950a15016eeb090935f84f', 'images/a6c4ecbdbc39ed17ef582fc81bcc43dd.jpg'),
	('993547505aab21ff484a0531e6282816289f3d44', 'images/a83c30519ef4c3c740a0ffa37b50b505.jpg'),
	('b27b88a839671d1581e2b1a337c9f5f66c4f64ae', 'images/a83da62ad1ad901fefd8e3ade4e0d377.jpg'),
	('ef305c88777d97b2d672cf08c60720417416ee5a', 'images/a886de23bfc57e5d7241647966244a3f.jpg'),
	('5794f014d417e499a2f984aa9521180369c0d3bb', 'images/a9038cd30801e8a039bfb1c20c393f8f.jpg'),
	('c0942f9fa8867f4d6f27f7f91032936665ecef34', 'images/a91b92a5a603de490268aa42cab2d222.jpg'),
	('598db0d7271006f6f095ad57250738cdc325b784', 'images/a9973dbfc7ab2ad90c875389a4d59651.jpg'),
	('bf29c0291cf32f0c7b76684c054bcc2c302e5df1', 'images/ab2df2c5fa371cc069a7ff5b55b035cb.jpg'),
	('3191ffad0eac07e81cbac13bc60ad7496add0468', 'images/abb4a76998f78aca97108c5277dc6e3f.jpg'),
	('7e50e0503d00887521ed9b2b1a7272ea5ef233eb', 'images/abfdf0a69a5193a94b6d50b9221fe830.jpg'),
	('6a1559610de1a4ffdf79ecfafc979c4e487eafc6', 'images/ac6dbd98824be815f8e0ae7715657773.jpg'),
	('1dc326b116f22b9083f71a64928f4845bd0b47a0', 'images/ac9126a103a009db2de211ebe4cae9f3.jpg'),
	('26c72db916ec48642ac3cb1de1ad85a7ca2399cc', 'images/acad59f7aa477b2ebaef55300d54589b.jpg'),
	('40ac2316da57abec59a4471470c13c80dfb45ecd', 'images/ad3a1be07191ae110f6c46d8d7700bc5.jpg'),
	('09204c4e5e96bfb9a1776d081cd6096301bacddb', 'images/ad3c0e8989c426d5059444fe5234e0de.jpg'),
	('701ece387722cfba7e2050f4c03afccd4fd2e451', 'images/adc507d6f6389109ce17731f3435a87d.jpg'),
	('dabbc2ef5f7886dd54182451b2a9a90d86e68aa1', 'images/adf62506bc7afde76c9d005c27d6f0f3.jpg'),
	('056816e77009686afb3e634e9719b49e11ba073f', 'images/b04021a8af50f8d0933babb88f6e713c.jpg'),
	('0ac5320e86eb53b5ff7147b0776ce0cb12da8f02', 'images/b22a39b8b4504565755ff1d5731cfa32.jpg'),
	('10132ca92562db243453b9e18606b300d1754567', 'images/b2f12c6f310f79182730020c8627abc8.jpg'),
	('5505e6c48b68d262f7ad1c275ddae3ec0f276356', 'images/b340e6bf42aa6dfe99826e0c64f64b9e.jpg'),
	('be9128d3aceae674a27d80c4264075e19a3e9241', 'images/b3a58e9d80276e5c0731eb21c8cd96ce.jpg'),
	('886685399c7c9c1829e13427e02e2e531f8f9347', 'images/b3c8e4724a0c8f54d6999277f7fc1e3f.jpg'),
	('3c5ea748ddd713768c9a75e5b2af415b94121d9e', 'images/b3e5c2c99e4f5095c3b0b696dba15f49.jpg'),
	('4f8d3f515d43eff57e63cab4f1055dbb936ef912', 'images/b41aa2805059e75870a8caa5d52491a9.jpg'),
	('abe6192a84e23acde7d454f12e70c6edf714edd3', 'images/b426cb8c71dfc5e16cecdb5b5e8663bf.jpg'),
	('225be85975bf3584075122bb9b6cda4061b6271e', 'images/b457c5c3fab2d8082c1e80ea3cc54b28.jpg'),
	('cbe14cb8ccc9ad986fd31f32b431061ceda87f67', 'images/b46b07f40820ed9e8515ffe23771f947.jpg'),
	('8603e1ec13f4bb03bce99065faaaef7205a66c7c', 'images/b50181392b641600755e43a53ec63718.jpg'),
	('38dd954885ca29debd327993ddb0782d06ecf331', 'images/b58522de80edb9a4cf425d40121a57b8.jpg'),
	('b2e34d9342b99dde9ba4b11b54348f197a2db000', 'images/b5d9180ac0f23608011d62fd991b8e2d.jpg'),
	('ff7735fc4b720e49a16b9f16947e00a013d4f627', 'images/b6688b36c7efc88b3f58165162e5bf49.jpg'),
	('ef1e09bf613e3885cec949180e178b2336d6e142', 'images/b66d5f24904781fdb244b7183d208742.jpg'),
	('aaa773e5266d7b8727ce1b452ffc829d74aaf18a', 'images/b6afcb9fe78cd1f08aab2a9e07eae888.jpg'),
	('d7a30c46b6d377a9b804f39a878b4c33195e8484', 'images/b7705ad951187030d3fbc94e672b026f.jpg'),
	('23ea27103a963445e21ac6054842d23e750112c9', 'images/b79ea4b96ade3fb38189017bb85ce278.jpg'),
	('d951418299a03e1ee4553623c0b816f796b1625d', 'images/b82849858823d0a35b8f03334846e8e8.jpg'),
	('9574ae9f48631e133889e06ab96834e5b335fc82', 'images/ba3931c0ba79d605f91a9986d611d512.jpg'),
	('20752fd4c8de8334db383cc2b07589f105921e01', 'images/ba67032e293b4faf8866cf06b031725f.jpg'),
	('48c2657c96bd839a70b910babae73362e18d2fa4', 'images/ba7372fd9a1c250374e12adcddd8ff4c.jpg'),
	('76ba027228a66370962392eeafdf178f299ef6dc', 'images/bac730fcea1bb0f4753df798991251d3.jpg'),
	('8efb40267cef06c72891fc0ffec60b1d624888e5', 'images/bb23ca3129edd5ba126d1618c4d29b41.jpg'),
	('0d9eccee0c19b7578fe601394274ff2b5032c7e0', 'images/bbeba3a75ae3eff0143fa633ba55599d.jpg'),
	('bcd958dd51347577aada4096642887fe127be7a9', 'images/bc5b39159f4edec3e3d9cb6d1b6a6e31.jpg'),
	('01684713fd268bce428a763005844db78c3cc19e', 'images/bc5e209f04c4cafe14b4889ff7e3735c.jpg'),
	('e97462ed4141cebe2e9c1953552d95439f1c2d3f', 'images/bd3438a71292794abdffb1746e2ebed1.jpg'),
	('0cd8fb4d5ce1e87e7b839a8b06ecaf645af08df0', 'images/bd7bcdf1b257e8afa033bf1ed34eb7a3.jpg'),
	('8238cd4d36775e11373550a89c1b4cfb18025637', 'images/bdb0d09b0fc69604cdc43ddd454ccaac.jpg'),
	('8c6626ea40e1c6b6ffcab2a26936e3ab03911723', 'images/be4646d5813ca89ad5f02ee73652da1b.jpg'),
	('4c46044b624a79d06f330848fda4ebe8abfd34a3', 'images/be56ab00f8be49c7f367acd570bc6609.jpg'),
	('efe2b01f6afa489315a1f3d0a0ad3fa1d407577e', 'images/be8e31899febf2da8cc8cde30249b74e.jpg'),
	('8ebbd70e2ea53a11393962fa8fd28473745af796', 'images/be8f4c99e3d1abe4c0691e7c74b1b502.jpg'),
	('2655881b55621b33fdd1d5f0e81e60bf91b56eba', 'images/bfa8517e6af279143beeae14c2197df5.jpg'),
	('e3a17844c31cdb51447f7dc00be250c78651b546', 'images/c0bf098281e9269b611795b112cf9a13.jpg'),
	('ac30f03fdc15a82c41e49050c8f694850bbad734', 'images/c1274c32422bf66d918864f0c503f051.jpg'),
	('d0c750f5e32c30b14df3afc4a8896d6eea8f716d', 'images/c144888dc7ab37360a04f6fb3e6a5ec1.jpg'),
	('09221b47a4073ef51542f3c5e95d6168bd33f969', 'images/c18c7352ff2dbee0eb9eb0949384417a.jpg'),
	('b5239e4ef0079548d713dd0014fceee3ef2f18a1', 'images/c18dd67d3c482e14dc4836cf6bf69f5c.jpg'),
	('178742dcdcd6fd2b52c312d23caf8e1bd3e13906', 'images/c1f030ae76fd8417aa9290600e9511e0.jpg'),
	('ee25ea119930fc08d601df627803d39d8b9d519e', 'images/c1f92f35d0a09bb6593f334b5b8b2543.jpg'),
	('1bef4261e076142014650e9f9aba77ffb81c88ca', 'images/c23e0943b30fad0f855cf34d8abbd6ff.jpg'),
	('6077b99253bd46fd00061b0a2129df26d88dd6fc', 'images/c3cc59ee187d21f533a3f355c690184d.jpg'),
	('fee1bfebc3bf898308689b0aa9a20339a4ec21b4', 'images/c3d9bd7ded5fd06b1b7159523be76a0f.jpg'),
	('07874a2e88fcfa1dde0b2f9ecf1b384f86fdb806', 'images/c45af53d2e5da348651581dc23e58434.jpg'),
	('44bc029edbc71eec65a50ebca8e8e46355a04aeb', 'images/c4910b36480bc58fe75b6289425801d7.jpg'),
	('d09fd0a0bf99a2279d8795063d3c353562a3cd92', 'images/c49c2c98ff4c641249c2cbb57a0a75b4.jpg'),
	('ba336d1d66a5babe6cacbfd2c2affe1328e5bf60', 'images/c4c673b16577f26ce32543aad38a443e.jpg'),
	('72e87802434548775dbebc7525308ef4db7d2a14', 'images/c4ffb5281c3fd76d948d77e6bc0ab73e.jpg'),
	('eee554751d2d0f673d086ecee8782cc81e79dfa3', 'images/c5220741be6dc911b4a2eb1e7d0ad082.jpg'),
	('cae7eefad362761af78ec64ad95cfd406f381a45', 'images/c590c8947d1d11c9b7aaf33b6e434377.jpg'),
	('8f44277911daf858ad1707ee0b7609a991e274ef', 'images/c615d59e0a55b05dcc9239258ddab277.jpg'),
	('b5bba4cde6ac59d4cf78d11429d33a7a636fcb8d', 'images/c616b829f3c3481fba14f3a77b9cb255.jpg'),
	('b91a641b98666ebe55491d77537a02de07b22874', 'images/c6f0919488deff21d55badeebcdbc41b.jpg'),
	('f804e1fcebf49a6a79b3e71b290bfe147582ac8a', 'images/c7503f4a70f1c81dd6ea94f787270d99.jpg'),
	('2aa775fd4bb3d383d1ad7b405464328ddc1e10ad', 'images/c78767000b16b63c5157fdbd3c268621.jpg'),
	('8e6d982cc01cb0b6f04dbdee54f4266028dd4ce3', 'images/c799d1d65055130a45034188c812ff5f.jpg'),
	('1eda84ef76cb7ec2e9842ea98075c85593b35d2a', 'images/c7e9d0b34d928ee0418c0f839bfd8d08.jpg'),
	('96d26729f4f7b7ca33bde09b9a98ed420eb35f8e', 'images/c8301f5aa8ee66e389d30031a31df9ab.jpg'),
	('3a675f31fa22dacd74f1e5eca07135270c5d81b3', 'images/c8379dec7b17587932c4324199b2fa51.jpg'),
	('68a4f4675742682aed12e47c355ba2ec698587c1', 'images/c8413f65b65cd06d142de4caab3faa23.jpg'),
	('975d666d18c6a9d0a54b903a73772c2ae325245b', 'images/c87b09295964ae457e2d53f78b04c4a8.jpg'),
	('8624ae23ce8aeb7da20410b60e97e9d4823202e7', 'images/c8c87757715d5d47e050d1b4b876388e.jpg'),
	('81790cf8b13679ef1cdf191924adf51b5986ca3f', 'images/c9183cf4a366161e7f68e61a3331c4e5.jpg'),
	('17ed170740441f83f428f29ea3f01a5daf2ff2d9', 'images/c9bb6d4ac7497dec9173e052f23fe607.jpg'),
	('f080bc610fc43076c3a116bb35f53104acb3a9b0', 'images/ca57367c0a30c308a1e777ccc665001a.jpg'),
	('076ac60e96e4d3b558f763775ebd612f4ee0300f', 'images/cad18ec31413d737786784f84209cc80.jpg'),
	('72c0a1640c95a49056697e58a822915a2f14808b', 'images/cadbd5e05c9de43246e0915ef6bad471.jpg'),
	('c8c75352ea1dbaa037c1584c72a2249684c9275a', 'images/cbc7b0245b0756ef6ee1374b63723afa.jpg'),
	('724396c6c79db58641212593745ce04d6260f80d', 'images/cc04e48317342f75d5e428603bde86cc.jpg'),
	('eda0a21a033823d1849455fcf685ef3546b9f5b5', 'images/cc56d0a1d75ac48e3da8d71955d7fe98.jpg'),
	('f39d29b96085dc9115750ed85356e7c0bfa302c8', 'images/cc5b0e5e279bf5c385dc512e63bcf433.jpg'),
	('b838e71ce5565eac6e4ede94ebc061fcb5a37269', 'images/cc5fb7255319c68207d793874890868e.jpg'),
	('a284a7d8f2979ce2bb47b4f09220af284b9db84f', 'images/cc771fd855d59c0d952754efa4369c06.jpg'),
	('8a29c958b80aab9963e183a4baf5555d3bc9a6bf', 'images/cc9dedb48ab2647e9a10bdf1b47f81d0.jpg'),
	('40e984e62f1bdf8d83f32a76c8dd54ebfe40fc18', 'images/ccb5a415770fc7e7dcfd57261bb67c27.jpg'),
	('9755d383dbed704465af0b4dffae4ab545dfaa05', 'images/cd27f0836bfde6d15160e3490b283911.jpg'),
	('e4e21395c94fcf0a2f132050d39f6d0eb9177072', 'images/cd5f704f7e5b21366c567adf56b3fb24.jpg'),
	('7aab0ffc417d6d0aeec80164c6ea9af45eb1a64a', 'images/cd7ddb9cfdcb4abdaf8c4a7fcb5775d1.jpg'),
	('1d355f4ba3922fc60bcc58b24c4486f440897e38', 'images/ce144522d8ee18cb47bdccc90592c2fa.jpg'),
	('36ff2db47e59fa21b743f4c3d2525cb1451b1207', 'images/ce407f9f200a919db1d7ffcb400b887e.jpg'),
	('52cf063daf1ce867c1ed86f9195d4435a9a7422d', 'images/ce4598ed0e18ea9b5163ca0d9a4c4eb1.jpg'),
	('cedd38005929f3777133da7e810fadc0846e23c7', 'images/ce6caa2497b6b2f0d0ff6f2281309f61.jpg'),
	('9b2698767d5c7fecff2417b54c9ddb80db8c0b4d', 'images/ceea0e40f759cdcb46aba770a985babf.jpg'),
	('2334e275b54c5b674d01aaa2c8787a7343682cf3', 'images/cefa892c4bd852ba55d3300119b3de36.jpg'),
	('c072c9d27e013021b4dbf6e3ec7aa180d1e83bdb', 'images/cf0ab7b7c0664447f2bc81d2483a4e96.jpg'),
	('6c122426435fb522ff68b84ab9ea999c8b14e3f4', 'images/cf4ff090b27c12ebbdbd16b61fd57815.jpg'),
	('5cf22b90dc72cbc8b1994798f926671ae630f232', 'images/cf7b53026a93e3490d321d3c82a3aa7c.jpg'),
	('deab83f47d8b40823dd19a44fc8a90fac8151e74', 'images/cfbbee16dba2c6641c753310cae80d22.jpg'),
	('34fd2617b58e562e4253ab64f9c996089b312e73', 'images/d04259724365665d3c758ee84981d700.jpg'),
	('d8db0143ea8d41a968fd7a94b68134039b132c25', 'images/d1304aee5b42b1cbefa6d33f0d7afdde.jpg'),
	('faa87f9d296da0db27fb0dc04351904133ef2f83', 'images/d136c0098ce1d5b6d2812e2e030f064d.jpg'),
	('f004761db0e449e71dddd509782b475ab2148015', 'images/d1431ac1d5fe54087866a4e9909f7d03.jpg'),
	('db8818c32d3a336bfaf47a94d177ee20a7d97785', 'images/d1983a532176b05abbe23a6dcc492d1a.jpg'),
	('df123a01d03a6f2d4952b41936058891910ff917', 'images/d2461478025bd5e2e1aff3d62ed53027.jpg'),
	('c1ff22a9b4fea5ed4ab6610d8eca748560d5a5ee', 'images/d2908d4b0534221083623e2e8121321a.jpg'),
	('677d079151e59478750b998eb44a1a01a1adc38b', 'images/d33a00b2bdf04bd71d7d27580572b690.jpg'),
	('83f8142ea93766514fe7e3624070f5c84ade1b8f', 'images/d33be93a5bd1f4d696f512998d0fcc2e.jpg'),
	('8b6dff0a88b92d72909e28011c2c30eeed40c029', 'images/d341ad046ce2eb0c39dbf6cd919f1ebb.jpg'),
	('3676dbd90c906431d2b064c1ce7f45d120d0ebf5', 'images/d43079e15b20eb1b127ef6d92ddb760c.jpg'),
	('d0a7e25fc4454257939554f1d3633af4b0dfe783', 'images/d43b4d98dc252a00d9ce6c1e8b8301d2.jpg'),
	('112dd5f6395e4c3f67226c0ae4bfd02c97126670', 'images/d43e0eb9ad51a5b5086f390e4c4ea3ad.jpg'),
	('5b5e01fcd998b5e8cf12161db15b545f82bdfcdd', 'images/d4f6f6d493f5fddc888d4fce7bc93d64.jpg'),
	('3ddf74ce2db7edc7011ab6d31e64c28d1b9a1cf6', 'images/d546878db055b56754c5498f15808f03.jpg'),
	('5ca10a44c24e3634672c2a1b6e4224d1f5c5d9a8', 'images/d562034af06f52283b9a5f0ed9b76fb0.jpg'),
	('4288802f037c89e9b0df358af9baf3562b52e35e', 'images/d5b3d21c734bd117f93007d88fe02e5e.jpg'),
	('7ea04394587e6f21e3e5069a858465dd20f796db', 'images/d5ea15a745d5196d59c67d425c190f02.jpg'),
	('ce10d5e1481499f4cc43ab871af319f3ca3b5c21', 'images/d6342196269b77575a18792c6932b4b0.jpg'),
	('b57793411b16149aa6b25085c0b6b0674a709fdd', 'images/d6e9221bbfb00aa44bf140579c004d5c.jpg'),
	('13c10625c3e1f2694831fd152931de41a70bd6a6', 'images/d80a7c2ff2eeb6d3e3071e8e71ab9d7a.jpg'),
	('ab013af4abe7eaf4919d53196e53295786f3a991', 'images/d85bc7e3816a0d6a1b4447cadc64ab58.jpg'),
	('971aa3447c06998d6c1842941acb4e2da47aac78', 'images/d8ab8512d9829fb6d4ba9c4f188a3fd0.jpg'),
	('6a2789d6814af5196b1a2705f35249c02d978220', 'images/d93cf9e2ef1821e475bf769861c4337a.jpg'),
	('2335d700d21fb8eb7f8ecebf4a24a897ad91b932', 'images/d944066ac1af54d96d4da0e87c816f6b.jpg'),
	('bdef8e4d4cfa064ef45b15fa4daa5a3535da5d2e', 'images/d961803069fd43bae79731b732fe0250.jpg'),
	('03bcf79ad3fc2bb204f9767cbd33a4612f818b0c', 'images/d966ea2282b5abe6b43885cebc53e6b0.jpg'),
	('108a421425026cdae7241331382577da8feca836', 'images/da11492aaa4ff2286160e4139ed0fdd4.jpg'),
	('0222050792c3e47b7d6324560c4a8d9efdf045df', 'images/da30101369299a30bc517f9223765d56.jpg'),
	('2a5480c8ec81bfafcb272423463502de91125813', 'images/da703b73fbd22928297bb671a3899f0d.jpg'),
	('c4d14bb3d79173dcfbeeda604ad555e922ddd13a', 'images/dade4de86dd0447ee02708df7cccac59.jpg'),
	('06c721ca7b6694f2e5ee7f9906d68ff08476604e', 'images/daecf7a134146704c8492727a25573e7.jpg'),
	('747854a564769660f5106cbcf3ad7ccb52cd213a', 'images/db01cb7d6a630473ae194c120a9b8365.jpg'),
	('6a2c791d6c3dc82698c9bc66b2b4f744567a748b', 'images/dbf19918e598d218f1579a8ab0ac3aad.jpg'),
	('5ef629ede85003385b497ef2f866c811004f437d', 'images/dd384cfef18cfdc5222d998eb94ccb76.jpg'),
	('4d166d220d48858058a7a55c3046cb6d87cf3070', 'images/dd3e05e924267f4289d0e8c8633fc885.jpg'),
	('cd9ff07e565c3c32df534dd00a31eec1d4c4d91a', 'images/dd6ad615aba1c58aceab80eff3b44abc.jpg'),
	('f9dfbe190990e3bb0e54f6f621b9604fd889dab1', 'images/dd8ad03447af619eaddb6de8f05d42ad.jpg'),
	('a3604c958dfc7f7bd62af53067a88cadb3a7ba71', 'images/ddaff91639a3d0a4ad64bdf268f70f27.jpg'),
	('201d1230fa7afb60d447720d4bf122c3b27a365e', 'images/ddba4eed961474ebc8b2efd655488643.jpg'),
	('5d4996f5f652935b647dea43a96bd551f498ca56', 'images/de93a329bce18bfdd95b9d3d817a93d9.jpg'),
	('550dd1a267243b9d9a6b0e81e5d31ff60518ecd6', 'images/dee6c2c87d865352009d28189d75d78c.jpg'),
	('3e82f13464d35dfa00f94b3fbba796b664e74ceb', 'images/df4e7f8ee2419116678cd916c3318d77.jpg'),
	('6e8d70c9d24e7f2f8ed4379792be8258f5fb5fcf', 'images/e0570e1ef8a99580608c6fcd39ac2f75.jpg'),
	('3be7ca5c7c082ae604940469757abf0da3a3ac69', 'images/e132b440f33b7675b22778faf4f1a72a.jpg'),
	('1c752dfa931928ab84f015bc21fd1911695fe359', 'images/e1a7ca11486e2d889c8acc764d902e6d.jpg'),
	('07a854e4b2f5b7d9f399cb3c5fa1fbd50f6d777c', 'images/e1db01a2b3a1a1acf932cad23deb5d1b.jpg'),
	('252cceb6a838714ee60c9727bee4422a0580c2e1', 'images/e2c624f63053ca7c61f2e08aae47c28a.jpg'),
	('61a5af72e58ffa9f9db2c036aca7808e94ba8fb7', 'images/e397ca75483dcb769275ffb44d409145.jpg'),
	('75c0e78ec8881a34741639d3e88574d5537cb094', 'images/e4311b383184e88d133a430ca46bb82c.jpg'),
	('aef061da1ade3f17788d691a4ef9afb98f7da255', 'images/e50be6f817819063a447687868ae73c2.jpg'),
	('76dc48cd5db4c04455780e0526b05a3416c0c04c', 'images/e5ba95ebfdc0ac5a30975fb2ae226ab3.jpg'),
	('a94641ef70678e7b5b03d1672e122855f0580f46', 'images/e5d83427465623f13d9744ac8c04d7b3.jpg'),
	('53bbd1e5c7134303343cc9b165026fb0122e14cc', 'images/e61f4a4f9fac3aa1e29461f24bbb28d8.jpg'),
	('09172ad0ed969225c42306139927d0dc3c83ee3a', 'images/e724f935fa1755497915a82532ae8ccb.jpg'),
	('8d816fabce63e3829e8860927f163d598d165326', 'images/e7400a38ae11b9f5661483f5a3164a3d.jpg'),
	('36e4c68b38c7fe7bd2d8698e3429364ba7592b46', 'images/e79773c2dbcaffe43c68cbc12e4b3885.jpg'),
	('bb08f121b480333202b7253eaac2772ab2ec9989', 'images/e880b53ad818b457c58a753918d39d99.jpg'),
	('e60afe3fd1ca215d8406784638cd0f6c3267605c', 'images/e8b2e410d5c3ca80fccc13ccc6a4fbdf.jpg'),
	('0a86fc39f69551e7e229d731ce6ee0eb570d100d', 'images/e93c013f7c239c8eeb706d14a45a4d15.jpg'),
	('5cb6425a61d9dc9c30c49fc984a4ed946d9b909d', 'images/ea0d6f5452b1d3854abc9ff05d033a5b.jpg'),
	('f2e5a4b0bbe58c9b4b1e967a631b04d194768da0', 'images/ea64d4d43464c20283ba10b28da282c4.jpg'),
	('3b337eca552a1aa74778674db857bf345fbe128a', 'images/ea6bfac1676ba55ba8f7e1c8e22b33ac.jpg'),
	('20d41d2ca2071a42f26f603201f1dceeb804cf2a', 'images/ea82fba29dbf57e51c8f5720bd5d7521.jpg'),
	('d26f7b6c7ad202136f5ffe242c6370ff7a7b33cb', 'images/eac8e4e2e483286cdc082b8c1bf465f8.jpg'),
	('e906352d2953cc3482655c19c70ee1c0091c7bd5', 'images/eb2068c9ffb6ee8b67b581d19aa15e5c.jpg'),
	('d139313e73c7e5da9d3a9df40c6d4db7d571d2db', 'images/eb28e1725e24e6b14699e6db343509eb.jpg'),
	('a3cb8ef18b8048ff9fb50a1ed847cb273c03d24f', 'images/eb2dfa573a6007666c4ca4db8da3755d.jpg'),
	('1424d133a427a53654f168727874893332f98d93', 'images/eb797ef83f0cb55e50e628a7b215e7d9.jpg'),
	('8ed2387df948372ac3f76d2c659aea057fe4dd50', 'images/ebe577f0d9d9cd92d61fd6162005cde1.jpg'),
	('90b08bc529ded9dc9bb70d3618604e83dc397263', 'images/ec06a8a2842c84bdac6f600b5d9ee0cd.jpg'),
	('6de45c2773cc64089475c33daf0c44bba4b8805e', 'images/ec5c55d48db724077669286d761af6f6.jpg'),
	('3e5a63777df72201956aa6c10b99a7c41d27130c', 'images/ec7603013580eeddc2bad32fae3a0097.jpg'),
	('f0829472a6a344a082cbd6217bd7de19b48595a3', 'images/ecd6b5b2866340514aa89811671301b5.jpg'),
	('79fd760623d8aceda8440ca9d31752690f9258c4', 'images/ed05abd7fde389f23ba9a4306f759e8d.jpg'),
	('e2a1d536613e008e76880de67a04ae023ad18bc7', 'images/ed1f3dd530cc937aa6481e1413c77b4c.jpg'),
	('4d381337ceb484ebb15c22acab392ef7745437bd', 'images/ed1f9096568bcbcb515e32a27ecb460d.jpg'),
	('a944e86bfb86892abd2de90edbf58d12e8cf2ec9', 'images/ed48c301fb86dbb193fc4dcaff05e449.jpg'),
	('b2b417560bbd9174f4c813a7e2b548481b2c5f31', 'images/ed5e134db6d17da0944d9663a5a28d51.jpg'),
	('4e8b82805f4d17f96e8caaf650e42dd16a79f095', 'images/edf7ace8a9e54805b2fe3332c362130b.jpg'),
	('052ed32e3ca49a05b751533597dba64fd93a8eb7', 'images/eebec08c30d9f75da3ce0a95262a96c6.jpg'),
	('4c7b848999e5e4d2255fa482731c93a3fe9c6b63', 'images/ef17582fefeca4dd0a380e974616a92a.jpg'),
	('01d1532da42ed330f84f9dc691c524db3c2eab92', 'images/ef62f0aa44edf11c4eef43d420d7840f.jpg'),
	('6bb655cc47880904f24f10e8811f434aea2900dd', 'images/ef742cac69eab6f189e92509649b1336.jpg'),
	('bff1d3215dcf29358a7d81adc8e81a76c31447c1', 'images/f0ae96462d5c3a62f8432d0d08b07732.jpg'),
	('45c09b4af966fa5971518b8c1bf03e04555e6d72', 'images/f0b3a3f038c38b6b0f2610fef6135a21.jpg'),
	('239983e195b485d8843d489729bfff84cb3e03c7', 'images/f1118ba2f9cf3a4930264bb726495272.jpg'),
	('6ba84a0fe804955e07e6a77d688bc745de943499', 'images/f1ac2a3a42de7c23889b27f59afa24eb.jpg'),
	('a924c02ccec37093b2b445335f4d5fcd3d36db0c', 'images/f21e321e3bf540480105b34ee565162d.jpg'),
	('61058471cd4deb56ca7dc27d6392faf3cb0030ea', 'images/f2949d92604bb0c90beba61e295095f2.jpg'),
	('8b1099f92cab459853520c3d9e9c37de41429fbc', 'images/f2ecd19f902c2d667e988639a8566030.jpg'),
	('fed4e33dab5bfec0c41e4f7b23d0328bfc692c89', 'images/f3fc8dbf71c0a4a57f8349fbcd2fb5ee.jpg'),
	('910cd8f2789f42736bf61be3eedcaabd3fcef318', 'images/f4f77ad49c6cb0f1c4dae95f158dc45d.jpg'),
	('d042d9fcde3055bb214e298488bd4ee8098a3f47', 'images/f53b571cd3766115422ea8b389ff9dfc.jpg'),
	('c18d8b2802469df2ce3f8b7e1043aaa7ad705f3e', 'images/f75171ab341b0155fb9ad8c51dc5f6c5.jpg'),
	('9443604dd3ce901d910bec0ed4ad48fd1dd19535', 'images/f8001629bf85b9625cec0a82e43ef45e.jpg'),
	('e2f3dbb705decc9e94a197e5916ec435b93bcbb9', 'images/f807c767402589184392e0ba02fe3492.jpg'),
	('80fb34d5b7adaa289c16ca90e65fba4ee3b0f327', 'images/f8523ab818f7f396ede712dca712688a.jpg'),
	('c10331e6d51a86a3ba8e7764aa6e58cd874c4b20', 'images/f8e715d8523c247c174f86f789cc1447.jpg'),
	('6e7a12f4ece181a3da1ee53bd1d00630a7694589', 'images/f90a5ecc9edda1fb28a9a7ea2736e1bf.jpg'),
	('a9c8dfbc88ccef04871bec569e21c71392f06aca', 'images/f932a5a0f4f33d6cf3b698bbd271cca2.jpg'),
	('d7aaf4d54aa1c29795b0924d2a14a48dec101420', 'images/f97a3f78417f5ca6b4b3e240dd5f8108.jpg'),
	('1f4b18e077ee1be6ba9d6fa3cf2c3ee259114d1c', 'images/f9af10bc2c6ea1ad05c7e8f5da0c0986.jpg'),
	('3ea5d426f7d8c6008718139165f7c2185e1b50b6', 'images/fa111f3e89ea0435b08047768c8062cb.jpg'),
	('df05bc4fbe580cad082380d76f13465db8f2a8b5', 'images/fa13804739fa6ecdc57f1c932a30182a.jpg'),
	('13606a4c36af85ff3a7c39d9b541a90b0762d250', 'images/fa812e89ec0500f1bb6b1c4b85185f63.jpg'),
	('93c96136c645395e5b07b0045cd0d6e0e4e0d34d', 'images/fbe567ae7cc87e14c3e42e0f269261a7.jpg'),
	('436f53ddc20f76cf3414d8ff64f88fbc91b7aee4', 'images/fcffad39305b6e72b8ae2a332cea1c8e.jpg'),
	('54699e334ac27897864bf316edf0ec85cfab5987', 'images/fdb82bfad70db532d17f95f4d269febe.jpg'),
	('dbb09795264dd628ed327ebc5e2e0ed9c15d8167', 'images/fe37d2ee871e7787a89032291ed52b3c.jpg'),
	('626ac7aad96b25533358a275c2ffad24341e21d7', 'images/fe556a2cf7ea2620bf2ec3bb05d75ec8.jpg'),
	('df582014308ad93d1202848e6bdf508563e61c63', 'images/fe56b7c31d5ef332843e225def7733ec.jpg'),
	('47a9abfcb5e8eafb77f886b56ceb7614d59df790', 'images/fe8cf9364f4babaf8e73384297f818fe.jpg'),
	('f65f321dae3718cfda885bf571b98111f3837375', 'images/ff1aaea7a8a6740b20411dfbe2fbe6a2.jpg'),
	('a51bf90d368a8295081c722688529449d237de07', 'images/ff2487147d6a026dbbb06b073b33d3da.jpg'),
	('0702a05bf772589a44fe8da7648716087df3b506', 'images/ff54d674df37661bbbdb517298b8ea38.jpg'),
	('1e2d67dbd1568f093be05d2dba811dddd0469937', 'images/ffa58dff35e2f9f08b3b7de502be7811.jpg');
    
INSERT INTO media (name, description, media_type_id, user_id, size, metadata, files_hash) VALUES
	('A esse esse accusantium mollitia quidem dolore dolorem ratione vero.', 'Quam dolorum necessitatibus ipsa quaerat. Temporibus minima dignissimos nostrum aut.', 2, 25, 90990342, NULL, '1bef4261e076142014650e9f9aba77ffb81c88ca'),
	('Ab est est saepe vel eaque aut ab.', 'Et qui ut voluptates corrupti autem odit earum. Quod culpa animi sed quis deserunt sunt. Dicta aut ea atque omnis libero. Eum voluptatibus quos ad eos temporibus.', 2, 40, 621872, NULL, '13606a4c36af85ff3a7c39d9b541a90b0762d250'),
	('Ab in sint ad in.', 'Eaque aut ut excepturi similique. Ad deserunt in occaecati asperiores. Numquam nobis qui eos ab. Accusamus aut non nihil.', 1, 66, 2, NULL, '423aeabe76d80035eabe7db2776d74c10c55b56a'),
	('Ab quo ullam voluptatibus exercitationem corrupti commodi.', 'Tempora qui delectus consequatur nobis quisquam. Sapiente non autem a voluptatem recusandae voluptatum nihil. Aspernatur veritatis aliquid nemo qui quos magnam.', 2, 90, 621428, NULL, '80d56bc9ed794ec512fae59bd29b08c425e56fe8'),
	('Accusamus blanditiis veniam voluptatem et quia consequatur maxime officia nostrum.', 'Quis et labore blanditiis minus pariatur dicta. Vero sint similique eaque porro. Nulla aut dolores cumque officia deleniti ut tempora.', 2, 81, 92764, NULL, '2eb31ea7ab35bc908fbee856c80585372f6483e4'),
	('Accusamus et numquam quis itaque.', 'Sed voluptates deserunt et voluptas ea nulla id. Officia aspernatur facere consequuntur voluptatem rerum excepturi maiores.', 1, 30, 54819060, NULL, '780d9ec8fa876b80f454e1c79b93b2ac30e3c7c9'),
	('Accusantium cumque laborum ut aliquid consectetur aut quasi et.', 'Et sed cupiditate eum saepe qui sint perferendis. Iusto iure blanditiis ut similique quibusdam cum. Fugit commodi aliquam dolores voluptatem eos nisi. Adipisci necessitatibus dolor qui dolorem explicabo qui vero.', 3, 24, 79411, NULL, '8713803e4de6efea426e964792446a7204f3cf52'),
	('Accusantium sed architecto vero corrupti eligendi nobis quisquam.', 'Similique omnis exercitationem cupiditate qui. In sit facilis aliquam praesentium ea ut consectetur.', 1, 31, 8585, NULL, '8d816fabce63e3829e8860927f163d598d165326'),
	('Ad maxime aut quam enim et nihil autem animi sed.', 'Eius et porro vitae unde velit ipsa non. Et tempore qui incidunt.', 1, 89, 883, NULL, '199e3b36a3cf79c7196d7e41ed1f6e3c53572e70'),
	('Adipisci ipsum et sed deserunt quibusdam.', 'Reiciendis sint aspernatur sapiente dolorum distinctio. Voluptas qui eum est ut perspiciatis. Rerum distinctio non id dolor architecto. Qui aut molestiae debitis tenetur.', 3, 92, 98, NULL, '00d6655d5492440ada0aea87dc2c92e69a5fe111'),
	('Alias asperiores cupiditate molestiae ipsa inventore.', 'Provident ipsum laborum delectus voluptas. Ipsa qui a eveniet error voluptates. Ullam quisquam fugiat eius accusamus voluptate. Sed sint numquam inventore minus maxime porro ut.', 1, 59, 0, NULL, '8f44277911daf858ad1707ee0b7609a991e274ef'),
	('Alias porro sint a sapiente ratione qui ea.', 'Quia error nihil quis quidem. Quisquam animi et hic dignissimos quidem voluptatem omnis. Consequatur est fuga repellendus quis ipsa rerum aut sint. Nostrum voluptatum autem fugiat ut.', 2, 62, 0, NULL, '201d1230fa7afb60d447720d4bf122c3b27a365e'),
	('Alias unde placeat quia est magni est eos culpa consectetur.', 'Velit perferendis voluptate consectetur temporibus. Nulla eveniet doloribus esse iure. Accusamus aspernatur quia sint dolor.', 3, 76, 7, NULL, '2115580f3eac029765cd8b5f9448a1a49d384a2d'),
	('Aliquam tempora nesciunt assumenda quos et autem officia alias dolores.', 'Dicta illum blanditiis quae autem. Atque perferendis culpa aut excepturi enim asperiores placeat. Eius asperiores voluptatem quasi temporibus.', 3, 42, 7901412, NULL, '4bee4485ee06289370569e6e0c638b48849c56b2'),
	('Aliquid qui velit voluptate ut libero occaecati maiores.', 'Nobis in voluptatem sed consequuntur. Autem consectetur eos minus porro qui eum quasi. Quibusdam expedita harum architecto. Rerum illum ut fugiat nemo delectus tempora.', 1, 78, 5272374, NULL, '20752fd4c8de8334db383cc2b07589f105921e01'),
	('Amet distinctio laudantium excepturi consequatur.', 'Perferendis esse placeat quia totam nam. Adipisci cumque maxime ipsam ab sed nisi accusantium. Dignissimos aliquid et voluptas repellat quo nisi voluptatem nihil. Ducimus et molestiae in qui nemo dolore.', 3, 10, 6220665, NULL, '3e82f13464d35dfa00f94b3fbba796b664e74ceb'),
	('Amet dolor sint dolores dolorem.', 'Aut voluptatibus aliquid ipsam rerum quasi non. Inventore sed dolores earum architecto officiis accusamus quam.', 2, 81, 67650, NULL, '10aceb7fa6f799967f028dd8fcd9e076392e9a88'),
	('Animi autem et eum voluptatem laudantium quo ab.', 'Fugit autem ducimus nihil quam. Soluta corporis quos laborum rerum. Perferendis porro blanditiis laudantium ut id deserunt.', 3, 32, 137, NULL, '07e84ff2019082d8cc2c4bd3b0361a78d1704983'),
	('Animi harum quo perspiciatis officiis quis qui dignissimos.', 'Velit inventore sunt sequi perferendis. Non quo exercitationem necessitatibus eligendi. Molestiae aut exercitationem ipsum est. Et et magnam ad modi.', 1, 59, 881301, NULL, '47a9abfcb5e8eafb77f886b56ceb7614d59df790'),
	('Animi perspiciatis rem dolor et ipsum dolorem eligendi ut.', 'Delectus voluptas qui fugit iste commodi aperiam deserunt. Aperiam rem ut dolorem cupiditate quam. Ducimus enim dolor voluptas et. Vel quos corporis voluptate et minus. Et rerum eos expedita quia eligendi voluptates.', 1, 34, 771173441, NULL, '2d939f6b2e6435f2a5e91de2fb59542546fd9eb2'),
	('Animi quo molestias voluptatem omnis autem accusantium est.', 'Itaque delectus modi et dignissimos ex. Autem officiis qui reprehenderit accusamus in est. Error eveniet molestiae deserunt quae. Culpa vel rerum non libero.', 1, 35, 1224, NULL, '37693a21e1ff5e665c59156c0e7993d3007cbcd0'),
	('Aperiam est porro ipsam ut cum in.', 'Ab est aut eos non non in. Beatae magnam ut facilis assumenda occaecati voluptates.', 2, 14, 47, NULL, '0b155939e791c40b0e7a8ee08868028e53064a40'),
	('Aperiam neque aliquam et eos ut et nulla consequatur aliquid.', 'Et magni praesentium et voluptatem officiis voluptatem. Temporibus eum officiis et et odit ut accusamus. Fugiat nihil totam earum quia a.', 1, 96, 133352, NULL, '5016c4f43fd6167b35dc8f30c0673a33e4359981'),
	('Aperiam quia dolore aut iste velit nam.', 'Voluptatem et aut vero rerum sunt ipsa. Reprehenderit iste tenetur deleniti sapiente. Tenetur facere est id et fuga corporis. Ex debitis rem officiis sequi minus placeat nam.', 3, 86, 46572, NULL, '19150133fe7236e78b2d294ea70bad12d3c1b408'),
	('Aperiam sapiente consequatur ab et.', 'Nulla nam et non impedit quia nostrum consectetur. Odit ipsum dicta atque quia velit. Voluptas reprehenderit vero est dolores qui.', 2, 27, 666423810, NULL, '40ac2316da57abec59a4471470c13c80dfb45ecd'),
	('Architecto at corrupti ea optio.', 'Adipisci ipsam consequatur sed doloribus culpa libero in. Deleniti non esse qui voluptate est quisquam. Est dicta quibusdam ea voluptates dolor quia voluptatum ut. Alias praesentium expedita odit dolorem nam doloribus incidunt quia.', 3, 56, 64790, NULL, '09c129976771082d561849ffb808fa9baf5ee074'),
	('Architecto doloremque quis nihil sapiente porro laborum.', 'Ut quia non maiores possimus distinctio earum doloremque. Explicabo a vel magni voluptatem aut aut. Labore provident laborum cumque aut.', 3, 8, 46, NULL, '99ab15be85a17de1d26e0e1972fbf2d3d22980bc'),
	('Architecto repellat at et ipsum aut quia.', 'Nisi distinctio rerum rerum quis dolor qui in voluptas. Ipsum nemo eum facilis voluptatem optio. Sunt excepturi temporibus corrupti sit quam ut.', 2, 66, 2600, NULL, '5f27a662ec09fccbeb09a96c28d4965baf0dfbd1'),
	('Aspernatur impedit soluta quam porro.', 'Et velit eos libero dolores repellendus eveniet. Nulla non omnis aut dolor eligendi. Dolorem ea deleniti pariatur unde soluta.', 3, 60, 118, NULL, '2335d700d21fb8eb7f8ecebf4a24a897ad91b932'),
	('Aspernatur maxime occaecati enim consequuntur officiis occaecati.', 'Perspiciatis commodi dolore autem pariatur error eum. Odio commodi facilis voluptas in quo maiores. Facilis ipsa qui rerum nesciunt. Incidunt inventore quia incidunt voluptatem voluptatem.', 2, 92, 405405, NULL, '2a01d30195b5f16ae909e783fb4b2e09279e4c39'),
	('Assumenda et pariatur suscipit odio eos nulla.', 'Commodi repudiandae et magni debitis. Aut omnis harum aliquid assumenda. Magni aut earum aut et vel voluptas est. Illum quasi id porro sint quis qui.', 2, 72, 0, NULL, '4c7b848999e5e4d2255fa482731c93a3fe9c6b63'),
	('At non et autem sit autem.', 'Mollitia fugiat eveniet et aut ipsum possimus porro. Aut quia est tenetur cum. Rem molestias et voluptatem consequuntur est labore voluptatem. Aut excepturi et est.', 2, 15, 289224, NULL, '87fde0872d7800c4cb9c48f36e121e5b4e92749d'),
	('Atque at enim aut expedita.', 'Earum optio qui harum minima suscipit et. Vel ut aut dolores non et porro veniam. Sed nihil et voluptate dolorem quo vel cumque. Recusandae esse ullam aut quaerat aut ut qui suscipit.', 1, 12, 9159, NULL, '274c96b834619d8e20883c167e24903fd70529e8'),
	('Atque id natus mollitia mollitia nesciunt autem est vel.', 'Iste sed accusantium laboriosam minus recusandae autem. Aut incidunt quam nesciunt. Saepe ea quo ratione excepturi labore est.', 2, 6, 965515, NULL, '6cc5d64f763e82cd6da6cb2a80c433f4025182c0'),
	('Atque occaecati alias aliquam numquam occaecati.', 'Quaerat dolore ut id mollitia nam rerum. Necessitatibus quae ea ex qui maxime ad similique sed. Veniam provident quam rerum dolorum consequuntur necessitatibus sed.', 3, 10, 5717616, NULL, '2ae9dec8ece61b6dc89a2ba5a0d16c0f04f643d7'),
	('Aut ab hic dicta accusamus ab quis.', 'Amet sunt voluptatibus sunt. Cupiditate mollitia blanditiis iste quis.', 1, 97, 0, NULL, '0284053d70399a7535941b132843a01cfe8c4a85'),
	('Aut ad possimus perspiciatis deserunt aut optio.', 'Reiciendis tenetur accusantium dignissimos qui. Voluptas at beatae vel velit qui. Iure non qui ab sed.', 1, 18, 36, NULL, '0bb950e9a4ff22451a547af0d9f6c78e7671a456'),
	('Aut distinctio expedita itaque optio sequi cum.', 'Excepturi est illum dolore. Tenetur labore et unde aspernatur. Numquam odit ut pariatur aut aliquid.', 2, 48, 7366882, NULL, '717cd68439b48f025edbd893f4896a21af69479a'),
	('Aut eius et eum voluptatibus laudantium.', 'Asperiores quae pariatur libero accusamus. Impedit vero est quis. Beatae est veritatis labore a minima. Voluptas dignissimos officiis possimus dolore dolorum porro at.', 2, 85, 0, NULL, '03df38ff47118a59d0bcf1b6881d4831939625ed'),
	('Aut est quibusdam rerum et qui.', 'Sapiente et facere ad architecto veniam quo ratione. In ducimus tempore molestiae odit voluptas. Sit hic doloribus ullam voluptatem nostrum.', 3, 67, 99, NULL, '2418cb6d50be099ef2dde1285767f4550b125d9d'),
	('Aut et et et ut sunt quo.', 'Officia qui in asperiores doloremque ipsa. Consectetur accusantium aut voluptatem est laboriosam corporis. Voluptates quam non in non.', 2, 41, 24866, NULL, '1d1d6866eff3f3952e539929e5c9a29ec7ad7cab'),
	('Aut minima et quia repudiandae omnis numquam.', 'Cum rerum earum facere aut vel. Veniam vel aut aliquid. Dolorem enim consequuntur deleniti qui provident nihil.', 1, 6, 554, NULL, '90b08bc529ded9dc9bb70d3618604e83dc397263'),
	('Aut nihil in officia beatae incidunt omnis.', 'Est molestias cumque eligendi odit nostrum dolores dolorem. Ad est alias vel natus rerum. Perspiciatis reiciendis illo et totam autem.', 2, 93, 30980, NULL, '72738a9ccd928dbc6ec9c3ed881651be32d98311'),
	('Aut nisi aut expedita cum ullam architecto.', 'A corrupti perspiciatis quae voluptate aspernatur dolores. Aut corporis vel error suscipit error tempora amet. Doloremque error ea corrupti accusamus aliquid. Totam eum totam quo.', 1, 3, 79, NULL, '652612781d7e6d94570fd96f6d6222241852f972'),
	('Aut non voluptatibus ut eum.', 'Aspernatur quis consequatur et corrupti non eligendi. Deleniti architecto neque corporis architecto vitae dolorem. Ipsa magni dolorum ut perferendis quod amet nulla. Maxime commodi at ratione sed. Est inventore officia voluptas necessitatibus molestias porro voluptate.', 1, 57, 3559, NULL, '06795fd28184bc1ee6bc8c36d0cbc351d3d1eaed'),
	('Aut omnis qui et eligendi et.', 'Et quibusdam sint aliquam quia autem omnis. Ea minima qui vel qui consequatur soluta officiis sint. Fugiat omnis sequi mollitia quae.', 2, 50, 86455, NULL, '1f4b18e077ee1be6ba9d6fa3cf2c3ee259114d1c'),
	('Aut reiciendis est suscipit sint quia incidunt reiciendis.', 'Quis enim eaque nemo. Eaque sit distinctio illo eaque eligendi. Nisi deserunt facere vero consequatur.', 3, 46, 213, NULL, '6de45c2773cc64089475c33daf0c44bba4b8805e'),
	('Aut ut vel inventore temporibus similique maxime repellendus soluta.', 'Ullam occaecati non molestiae doloremque asperiores. Neque sit praesentium iste sapiente consectetur earum. Deserunt est animi quo non ab et velit.', 2, 55, 0, NULL, '5ca10a44c24e3634672c2a1b6e4224d1f5c5d9a8'),
	('Aut velit quia et dolores dicta.', 'Aut aut fugit dicta ducimus rerum accusantium. Perspiciatis autem minima veniam saepe quis dolorem et eum. Cumque architecto voluptatem et aut minus sunt. Laborum natus velit et praesentium.', 3, 23, 73054872, NULL, '44e6ff888acdce211b37a81f57c177058fb915ae'),
	('Autem aliquam accusantium nulla dolorem autem fugiat.', 'Aut numquam ab eos libero corrupti. Dignissimos et ut animi dolores deleniti. Reiciendis doloremque quis non.', 3, 68, 4998, NULL, '07874a2e88fcfa1dde0b2f9ecf1b384f86fdb806'),
	('Autem aut necessitatibus fuga mollitia.', 'Explicabo blanditiis qui nisi est asperiores minus commodi eos. Qui necessitatibus soluta qui occaecati. Aliquid cum at illum quaerat.', 3, 89, 7130516, NULL, '9ce42f3b9370d1802db329f9c378770faff587b1'),
	('Autem labore molestiae nisi et et est incidunt.', 'Est repellendus totam ea aut. Non dolores enim illo dolor. Sint inventore praesentium qui quaerat aperiam.', 3, 8, 647, NULL, '8051b1e1bbcbd63c4c52c4e034a96ffc0743e552'),
	('Autem tempore totam quos alias rerum.', 'Vel nobis ad debitis quam quaerat excepturi consectetur. Est ipsam et earum et et enim.', 2, 64, 89, NULL, '0a69bff33d178efb83ee47c791f16b5455951c03'),
	('Beatae qui porro nemo eos et.', 'Rem eos iusto nihil voluptatem cum laboriosam. Minus in exercitationem eos et. Consectetur occaecati ut accusamus molestiae magni. Et corrupti omnis voluptates.', 2, 11, 544786, NULL, '430f5cad24fb1d1a5d9cd12cec2cdfc1409a0e67'),
	('Beatae quo ipsa molestiae amet veniam aut nisi inventore quisquam.', 'Qui velit rerum qui sint dicta tempore. Sequi ipsum non id ad. Debitis iure odit officia numquam provident id. Voluptates ullam nemo voluptas neque ex sint similique.', 1, 7, 0, NULL, '3f10eb9fd185c9ec98d7244013498d9d94ab0eeb'),
	('Blanditiis dolore officia omnis quis consequatur autem rerum id maxime.', 'Unde aut eveniet sit qui commodi. At ipsa dicta a. Illum possimus minus provident facere et possimus atque.', 3, 40, 3428, NULL, '6e8d70c9d24e7f2f8ed4379792be8258f5fb5fcf'),
	('Blanditiis ea cupiditate et quasi deserunt quas.', 'Nihil consequatur tenetur ut in repudiandae alias. Est ipsam voluptatibus est quis. Quia eveniet quo occaecati velit eius.', 3, 21, 15406, NULL, '038e11a2de5ac4d77b7e4ae410cecc5be58e619d'),
	('Blanditiis sapiente et consequatur reiciendis.', 'Debitis voluptatem in aut vero dolores. Minima quod vel aut cumque voluptatum quia. Repellat earum ipsa voluptatem consequatur voluptas sit cumque vel. Autem tenetur sunt et provident.', 2, 68, 3346, NULL, '77467eced05cd135f4149fcc0173928475eb138c'),
	('Blanditiis sequi corrupti inventore ipsam eum porro voluptate necessitatibus.', 'Placeat quidem quasi ratione et consectetur. Harum tempore ea ad adipisci occaecati est.', 3, 87, 745003979, NULL, '3cb4cbb8e36fac5ed07db305b85842bf27dee1a4'),
	('Commodi voluptas voluptatem quasi voluptatem enim est culpa.', 'Aut eveniet assumenda voluptas quaerat velit. Quas et omnis voluptate quod deleniti sit. Nesciunt itaque omnis omnis sint ipsam enim. In amet id suscipit totam. Ea laboriosam illum accusantium est quia.', 2, 44, 1525276, NULL, '2213fbe4f532d63d10e06f4efdbcc79d38e0a4d2'),
	('Consequatur dolor dolorum iure possimus.', 'Quis accusantium quo enim est numquam. Qui adipisci quis cupiditate officiis deserunt. Nulla sapiente mollitia deserunt omnis explicabo repellendus.', 3, 62, 9, NULL, '06c721ca7b6694f2e5ee7f9906d68ff08476604e'),
	('Consequatur illum esse ut fugit animi odio.', 'Aut non error dignissimos architecto. Iure officia dolor laborum dolorum facere cupiditate.', 2, 26, 95625530, NULL, '8ab3e272531f2f3e633d5e40c47b24efe4140569'),
	('Consequatur odio dolor numquam rem pariatur architecto ad possimus.', 'Quae omnis nihil quos eum voluptatem consequuntur. Cupiditate dolor fuga quia dolor consequatur voluptatibus. Animi ipsa aut nobis fugit dolorum. Eligendi dicta nulla dolores molestiae minima. Non aperiam omnis esse ut vel.', 2, 66, 71134343, NULL, '2430c3b1bdb4254b2cc2c38f7d28f4abe0508285'),
	('Consequatur ut eligendi quia et delectus possimus beatae a sed.', 'Sed aliquam sequi nemo. Iure maxime possimus nihil excepturi. Placeat laborum tenetur dolor.', 2, 46, 11722164, NULL, '372354f1f4751d180532c2ebe4fff8fdaca93451'),
	('Consequuntur architecto mollitia qui qui.', 'Necessitatibus reiciendis est ut eum nostrum aut. Qui facilis in hic nisi ut fuga. Sed enim cumque voluptas sed nemo nemo cumque. Tempora voluptate quia aliquid eveniet sequi sapiente possimus. Tempora est qui esse.', 1, 86, 5538, NULL, '88ed6eed24aa642303d39dc4fc8ce4b673f2fc3a'),
	('Consequuntur sit eius dolores magni eos vitae.', 'Facere officiis soluta omnis excepturi doloribus molestiae aut. Quo laudantium culpa quidem modi dignissimos. Laudantium assumenda expedita magnam eius perspiciatis enim. Provident qui est est et at.', 1, 24, 8590, NULL, '3b1b58ca51007500c866aa43835fd915afc29509'),
	('Corporis natus hic reprehenderit dolor totam.', 'Et eaque repellat hic facere. Omnis id minima suscipit. Quis molestiae maiores ut tenetur repellat debitis.', 1, 6, 4, NULL, '227c5d22af8fd6a3b4e28b3928d2db9038e6c0e6'),
	('Corporis quia eum impedit tempore.', 'Eos labore molestias et enim natus aut eaque maxime. Labore officia neque placeat qui. In alias fugit ut ut iure.', 1, 25, 86478354, NULL, '3b8b0085cdcaa6f074c05a59e3ee674effcd968c'),
	('Corrupti harum atque quia soluta ut.', 'Qui qui repellat architecto. Impedit suscipit in soluta commodi modi voluptas mollitia. Culpa eum reprehenderit cupiditate.', 3, 20, 618725984, NULL, '4c6cb65ca45aeb19952251e2327d557ebb3b1c00'),
	('Corrupti minima omnis ut rem.', 'Ipsa numquam est quam saepe. Sunt voluptas sint voluptas et eos autem deleniti. Autem voluptatem est enim magnam id aut velit et. Dolorem aperiam eum voluptas quas.', 1, 60, 279683686, NULL, '275660b23e25c1906ffac50c73dda74ee18b6d18'),
	('Culpa est ab non voluptatem.', 'Quo vitae dicta et. Enim eos nemo voluptatem cum non qui dolore. Natus deleniti laudantium itaque quis. Culpa magnam pariatur ut velit.', 1, 61, 206997273, NULL, '35de85346ab9a832e823d540eab01274ca684373'),
	('Cum nam voluptatum aut eum sed eveniet.', 'Quae tenetur facilis dolorem nam. Excepturi eveniet et dolor quasi.', 1, 66, 365116, NULL, '491ce1a3681b5abf21df2c79b3cdeb037b83f74a'),
	('Cum odit quae doloribus non.', 'Ut omnis doloribus repellat sit voluptatibus. Voluptatem vel aliquid ea error recusandae pariatur. Nam molestias error animi. Beatae amet nam debitis ut adipisci eligendi distinctio.', 1, 53, 187703595, NULL, '49cc0c0d3798eb5e8d5ed1598658f2ce30946007'),
	('Cum repudiandae in reprehenderit molestias velit vel.', 'Cum aut quisquam facilis. Aut inventore dolor aut voluptates quisquam. Voluptatem esse occaecati unde omnis. Culpa enim cumque perferendis impedit dolorum voluptatem.', 3, 68, 8508355, NULL, '78b07cd7b40d74fa0709ae13efdb2ded015abc2a'),
	('Cum sed omnis maiores reprehenderit blanditiis.', 'Nobis cum alias omnis fuga quo qui. Veritatis natus consectetur dolore voluptas ratione. Molestiae at vero et quae est adipisci mollitia. Quia corporis aliquam illo dolorem eos est repellat sapiente.', 2, 67, 765486, NULL, '6a1559610de1a4ffdf79ecfafc979c4e487eafc6'),
	('Cupiditate sit non adipisci illum officia voluptatem quae.', 'Molestiae at exercitationem magnam consequatur voluptate. Libero perspiciatis possimus repellat tenetur dolorem. Recusandae aut nulla voluptas excepturi rerum.', 2, 93, 978762, NULL, '22bcab4149fba8a7bb12e5847e40b21add613987'),
	('Cupiditate tempora laboriosam in ex ab animi aut deserunt non.', 'Sed et dolor consequuntur quibusdam et. Iusto quia ullam quae. Sequi et quisquam architecto molestias eum. Aut expedita praesentium tempora quia quidem.', 3, 39, 6683879, NULL, '23ea27103a963445e21ac6054842d23e750112c9'),
	('Debitis incidunt beatae perspiciatis veritatis repellendus blanditiis dignissimos debitis.', 'Quia voluptatem accusantium aliquid quasi sed voluptatem. Maiores est cupiditate occaecati. Recusandae et nemo recusandae et vel fuga. Est qui dolores error dolorem autem.', 2, 36, 7, NULL, '8fcffcc0a986d830c4f16bbfb16cb6d19d02c0ab'),
	('Debitis quidem sunt ex sunt.', 'Laboriosam earum quo eaque aut modi cumque. Repudiandae sed sed aliquam odit et quia. Tempore et sed velit.', 3, 2, 5, NULL, '83b168badc2f91c56e46532c4435f7e97076552a'),
	('Delectus eligendi consequatur molestiae voluptas perspiciatis autem.', 'Omnis beatae deleniti similique. Omnis est dicta accusamus. Voluptas magni recusandae repellendus velit voluptatem quia. Recusandae illo sed aut quia voluptatem cupiditate.', 1, 10, 3670, NULL, '53560edd43e4a1c729861b83d1db41ab76d35550'),
	('Delectus iure quia cum porro nihil quia et.', 'Consequatur ipsa minus nihil sed illo rerum eum. Eos occaecati error aut est reiciendis assumenda ut.', 3, 81, 77065, NULL, '3d0e68760fbe5776b9f2c943f3872f887fc7264b'),
	('Delectus molestiae vel corporis totam quidem vitae provident dolores.', 'Quae et ad aspernatur et quis et nulla vel. Consequatur recusandae nostrum illo nulla fuga et. Nesciunt rerum et at qui facere nulla. Nulla nesciunt incidunt qui tenetur aut eos velit voluptatem.', 3, 14, 46, NULL, '498a5a0f61d960462c92409ff21dd39983779803'),
	('Delectus repellendus dolor laborum sit fuga sed nobis ut exercitationem.', 'Expedita sit iusto sed. Voluptas odio alias impedit dignissimos. Aperiam et dolores numquam.', 2, 4, 8, NULL, '07378b5ccd3d4ccf607232679e7b798392fa100d'),
	('Deleniti corporis omnis facere quibusdam quo inventore ut.', 'Quisquam aut corporis harum doloribus et totam. Corporis sed nulla aut voluptatem quia voluptatem. Deserunt libero sed magnam architecto asperiores pariatur.', 1, 65, 0, NULL, '821e94358c51bc0b9193222fa916a1d56289b963'),
	('Deleniti nobis eum soluta qui placeat debitis.', 'Quo ipsam sit tenetur. Temporibus sint sint et dolor. Cupiditate illo nihil necessitatibus architecto.', 1, 32, 279379612, NULL, '60fd73a7504bee6084a182b27a600a8efc119e11'),
	('Deleniti qui qui iure ratione.', 'Mollitia dolore quod temporibus. Velit molestiae ut sapiente accusantium expedita ut nihil. Eos dolorem voluptates nemo quasi temporibus sunt. Omnis voluptatem hic expedita amet molestias et esse voluptatem. Omnis esse accusamus eveniet.', 3, 94, 329407561, NULL, '766dbaa9f7468208197c42253a43052f13998192'),
	('Deserunt dolor ipsa quod nemo fuga repellendus ipsa quibusdam.', 'Quidem hic porro sit sed mollitia architecto. Tempora eos voluptas necessitatibus velit delectus non. Cum vel quae ut nisi.', 3, 80, 913, NULL, '39aae4c21d359d40fee5f7e1ede236ee1aa59148'),
	('Dicta doloremque quisquam provident sequi quis.', 'Et at commodi vel sit. Accusantium sed odit maxime. Officiis omnis et dolores. Vel at in repellendus cumque pariatur tempora.', 3, 25, 311378, NULL, '4d68274f914dfd6caf99e7950750c1431eef3d15'),
	('Dignissimos temporibus accusamus nam qui vitae placeat.', 'Ad debitis est cupiditate quas consequatur omnis. Voluptates velit reiciendis iusto expedita quia. Temporibus et tenetur dolor suscipit vel. Quo fuga qui ipsa. Doloribus occaecati ea qui quo eaque quae explicabo.', 1, 55, 44008843, NULL, '38422ce141166ea9dae17b897790e7dccce0149e'),
	('Distinctio sit et dicta explicabo quas corrupti.', 'Illo illum harum placeat exercitationem expedita quia quo quia. Rem quaerat et quia quos ipsum omnis culpa. Explicabo rem harum alias reprehenderit est nesciunt deserunt.', 2, 49, 2, NULL, '03bcf79ad3fc2bb204f9767cbd33a4612f818b0c'),
	('Dolor at distinctio rem velit.', 'Inventore cupiditate asperiores tempore est. Dolores iusto dolores quis dolor. Sapiente aut ab minima expedita culpa consectetur. Non beatae nisi sit eum laboriosam tempora.', 3, 72, 74, NULL, '3b337eca552a1aa74778674db857bf345fbe128a'),
	('Dolor ducimus sunt eius est in inventore animi culpa.', 'Sapiente ratione maxime qui consequatur et qui possimus modi. Est dicta aut quis libero ratione. Illo nisi placeat eveniet voluptatem enim.', 2, 4, 0, NULL, '09172ad0ed969225c42306139927d0dc3c83ee3a'),
	('Dolor ea consequatur sunt fuga ut quo.', 'Laborum quis accusamus maxime quidem commodi consequatur. Molestiae et quia odit at. Ut itaque odio iste debitis distinctio ut facilis eveniet. Pariatur rerum totam minus voluptatum et.', 3, 63, 2398995, NULL, '5cb6425a61d9dc9c30c49fc984a4ed946d9b909d'),
	('Dolor quaerat ea cum voluptatem delectus consequatur iusto.', 'Inventore magnam rerum delectus. Maxime sint nihil quibusdam beatae praesentium aut reprehenderit iusto. Corporis illum atque officiis consequatur. Ut sed totam totam accusamus ad.', 1, 3, 909, NULL, '993547505aab21ff484a0531e6282816289f3d44'),
	('Dolore accusantium corrupti sed et sunt et.', 'Ducimus mollitia aperiam quis autem eum perspiciatis. Vel magni voluptas quis voluptatem omnis est architecto autem. Error eum quos et qui hic quaerat. Perferendis voluptatem placeat voluptatem alias.', 2, 43, 7722026, NULL, '53bbd1e5c7134303343cc9b165026fb0122e14cc'),
	('Dolore nulla qui qui aut iste similique.', 'Quae odio accusamus quia doloremque. Vitae tempore est dolores blanditiis. Quaerat beatae consequatur enim sed.', 1, 59, 933, NULL, '1eda84ef76cb7ec2e9842ea98075c85593b35d2a'),
	('Dolore quam iste dolor velit ipsam aut.', 'Dolores voluptatem odit soluta quo aliquam in qui. Omnis magni sit eaque ducimus voluptatibus eligendi. Debitis molestiae nam ab est ullam. Tempora illum deserunt beatae sunt assumenda sit quibusdam.', 2, 2, 91938165, NULL, '1f49dc52321f0c04119dde7d8de9ec5d71ad0d7d'),
	('Dolore quo cumque est incidunt ipsa quas dolore voluptatum omnis.', 'Dignissimos architecto quo similique aut. Commodi quidem laboriosam et blanditiis doloribus. Architecto beatae omnis eum animi id debitis. Quaerat itaque dolorem sunt autem et tenetur neque cum.', 2, 78, 76084795, NULL, '13bd708bdf5d0a8fb4fe358cf7ba67bdcbbb3eeb'),
	('Dolorem debitis explicabo consequuntur nemo aliquid voluptatem est.', 'Ut quia autem sunt eum. Tenetur odit inventore iste. Quaerat veritatis nihil odio perferendis. Eveniet temporibus recusandae sunt qui fugit beatae qui quia.', 3, 1, 8797013, NULL, '9755d383dbed704465af0b4dffae4ab545dfaa05'),
	('Dolorem in velit porro maxime sit.', 'Nisi vel tempora distinctio accusantium praesentium. Optio atque eveniet voluptatem quo omnis ipsa soluta. Blanditiis a nemo ipsam quis pariatur vero occaecati. Magnam rerum nihil sit quia qui.', 1, 67, 590, NULL, '33463d0b7c0139ffa775ac400bcf1ed99e3534fc'),
	('Dolorem repudiandae nam veniam sed similique qui quas.', 'Facilis ut culpa dolore cum aut et. Quisquam adipisci et labore ea. Et rerum est provident laborum aperiam est omnis.', 3, 77, 282597317, NULL, '3e321533d8e8db8b56db337c78614f146193a7c4'),
	('Dolorem rerum temporibus recusandae consequuntur.', 'Ratione doloremque repellat iusto incidunt ducimus. Reiciendis eum ut qui quis sit.', 1, 21, 837127044, NULL, '3a38fc922bfd8df702fc2894d069d1dc6c9ac3bb'),
	('Dolorem voluptas ipsa a tenetur omnis.', 'Non cum iste unde. Est quo sunt molestiae quia.', 3, 61, 93268, NULL, '32a702991da98391d509e0f3421b0a69a4b98a97'),
	('Doloremque ipsam officia cum consequatur voluptatem.', 'Qui excepturi debitis et dolores dolorum aperiam. Velit cupiditate possimus et quaerat placeat tempore. Est quia quia magni dolorem qui et aut. Sed fugit porro fugit maiores.', 2, 42, 875, NULL, '28a735f79c857494576a5e529c3b5b267a700c10'),
	('Doloremque nihil quia consequatur ratione non aspernatur quas.', 'Consequatur voluptatibus eligendi iure exercitationem. Quia commodi eveniet voluptatum sapiente. Quaerat qui sapiente libero animi eum rerum.', 1, 71, 2479, NULL, '252cceb6a838714ee60c9727bee4422a0580c2e1'),
	('Doloremque odio ut eos minima ut nam.', 'Quia impedit est id quia est qui. Et ea perferendis dolor accusamus iste. Deleniti qui sunt explicabo illum dolorem.', 3, 49, 827850, NULL, '9443604dd3ce901d910bec0ed4ad48fd1dd19535'),
	('Dolores consequatur asperiores sit et ipsam voluptatem.', 'Et autem rem corrupti ipsam. Aliquid nam sit ipsum repellendus. Sunt corrupti architecto dolorum ut. Neque sint amet sunt et.', 3, 38, 12, NULL, '89cdfeca970a72e9a3819b76b0d0c2cc12ab54af'),
	('Dolores totam quisquam consequuntur vitae.', 'Facere atque dignissimos est atque. Ducimus at ut eum beatae. Minima voluptas ut veniam ea.', 1, 9, 605823, NULL, '9f758c5eaf51814ab70a44259622709be76b21eb'),
	('Doloribus dicta praesentium voluptatem odio.', 'Unde excepturi voluptatem sunt et pariatur voluptates. Et labore explicabo exercitationem natus iure quis.', 3, 19, 76417779, NULL, '48c2657c96bd839a70b910babae73362e18d2fa4'),
	('Dolorum asperiores temporibus quia similique.', 'Sequi quo perspiciatis enim pariatur. Fugit laudantium esse assumenda reprehenderit quia. Distinctio commodi qui nulla repellendus saepe et.', 3, 47, 0, NULL, '747854a564769660f5106cbcf3ad7ccb52cd213a'),
	('Dolorum esse earum blanditiis et odio sed eum.', 'Qui voluptates voluptates consequuntur eius ea. Nobis provident suscipit ipsa aut inventore. Alias nemo voluptas ut et expedita. Dolor sit eaque in ut aut.', 2, 87, 0, NULL, '970118d685233fb1c50b8d0aa5d807c13bf81e45'),
	('Dolorum nisi tempora rerum est quia illum nostrum sunt.', 'Iste molestiae facere ut et voluptatum magni. Minus voluptate et nisi minima facilis incidunt commodi voluptas. Fugit in nemo voluptatem autem accusantium.', 1, 26, 9119034, NULL, '239983e195b485d8843d489729bfff84cb3e03c7'),
	('Ducimus et ut voluptatem ex autem.', 'Nemo quis doloribus accusamus ipsum ut omnis totam tempora. Natus consequuntur itaque deserunt nemo. Earum cumque odit aut aperiam. Fuga commodi laborum aliquid quae eveniet ut et.', 1, 42, 823, NULL, '041172b580972ba63ae00483acaa4ac92112408c'),
	('Ea a perspiciatis sed consequatur.', 'Est culpa aspernatur officia autem incidunt non qui. Nemo ea occaecati est odit.', 1, 91, 299, NULL, '971aa3447c06998d6c1842941acb4e2da47aac78'),
	('Ea dolor sint tempora praesentium.', 'Blanditiis explicabo quia qui. Vitae deserunt velit vel ipsum esse ratione assumenda est. Quam error voluptatem sed. Voluptas voluptates rerum saepe nostrum et eum neque. Voluptates nulla voluptatem saepe beatae rerum voluptas sunt.', 3, 72, 3, NULL, '423ecd7d1500ee5202d81d008a10f44a95f96cdb'),
	('Ea qui consequuntur aliquam quod rerum similique non perferendis.', 'Praesentium ut ut et iure ut aperiam error. Consequatur laborum et beatae sed quam et ea.', 2, 96, 46495, NULL, '29725e3735af43ed32180316d77ef2608345916e'),
	('Eaque consequuntur libero necessitatibus enim possimus quis.', 'Laudantium quia et qui inventore aut repellendus. Quos maxime distinctio aut incidunt quis. Itaque ullam ut voluptas laudantium sint facere.', 2, 73, 0, NULL, '2c365494d9cd7caf5f8a076008208690a4e2174c'),
	('Eaque rerum aperiam est blanditiis reprehenderit.', 'Beatae sit deserunt quis quos fugit non. Ratione vitae sunt magni in earum.', 3, 55, 601993, NULL, '4ac5e1113a9277931b44ffafc9fdf79eca092681'),
	('Earum voluptatem eum atque sed et reprehenderit molestias odit.', 'Qui est culpa incidunt ipsam et. Dolore voluptates ea nam quo exercitationem quod. Odit corporis placeat sunt quia.', 2, 56, 0, NULL, '75c0e78ec8881a34741639d3e88574d5537cb094'),
	('Eius quia illum ipsa occaecati quaerat quia sit.', 'Qui et expedita qui sint mollitia non. Ab accusantium optio distinctio sequi veritatis aut molestiae.', 2, 72, 456058, NULL, '2cc08911618d16e2b8b4350c53da4f4f68a9e6ac'),
	('Eius rerum eos consequuntur est eos quasi.', 'Maxime voluptas inventore quis. Ratione voluptas cumque ipsam. Maxime facilis sequi in quisquam qui laborum. Est quidem saepe nihil quos error corrupti amet.', 3, 51, 7173104, NULL, '1f4f5c41096104cd7d147be8399bdc3baa842178'),
	('Eligendi cumque consequatur sint quasi facilis tenetur ullam quia.', 'Similique ut aut eius quis. Tempora aut mollitia corrupti ipsa porro optio. At sit ea optio voluptas. Fugiat omnis distinctio quae perspiciatis minima.', 1, 72, 9642629, NULL, '724396c6c79db58641212593745ce04d6260f80d'),
	('Enim sed eaque rem accusamus pariatur et natus.', 'Consequatur sit voluptas voluptatem cupiditate eius commodi eius. Velit illo id in illum consequuntur. Molestiae exercitationem in vel quae voluptas voluptas.', 1, 4, 63269420, NULL, '7c0653bc1a404d574c9decac3e6a396a0d501ff2'),
	('Enim voluptatem laboriosam ea dolor.', 'Dolores in tenetur voluptas. Optio et possimus neque deserunt.', 1, 70, 5153, NULL, '21f8c18fa56b7387449a5d8d96a077a7b8ab892b'),
	('Eos dolorem nam omnis commodi perspiciatis fugiat odit aperiam quibusdam.', 'Ut facere vitae dignissimos beatae facere. Assumenda quibusdam atque repellendus. Rerum dolor maxime vero nobis.', 2, 67, 7, NULL, '61c07fcd69b88e54e782b9f5b85e503468a79caa'),
	('Eos pariatur quas modi suscipit magni et veritatis.', 'Omnis et consequatur soluta numquam inventore. Ducimus dicta rerum eos voluptatem recusandae iusto. Cum voluptatum aut illum aut nesciunt.', 2, 32, 7028179, NULL, '1bbe043b0ac5addac5b051c905e2eeb9b9c909ac'),
	('Error dignissimos ducimus consectetur hic possimus in voluptas aut tenetur.', 'Doloribus alias nesciunt repudiandae. Consequatur in ea sint doloremque. Saepe sed a ducimus voluptatem aliquam commodi dolor.', 3, 48, 0, NULL, '1158f004c329cab3733610f3ef7ccb783de03528'),
	('Est adipisci molestiae qui ipsa eveniet reprehenderit repellendus eaque optio.', 'Est id deserunt autem mollitia cum corporis. Illo tempore enim deserunt dolor velit debitis doloribus. Sint placeat eius laboriosam illo aliquam in.', 3, 37, 0, NULL, '2733881dbf99b3250bd566d2f6dbd1c85395ad2a'),
	('Est aut sed ad ad molestiae fugit ut impedit.', 'Nesciunt eligendi perferendis omnis quia illo. Debitis et consequatur quo excepturi nam sint. Rem saepe voluptate tempora dolores. Autem nostrum aut corporis quos.', 2, 93, 41764, NULL, '41e5c945f9a13484c5d1742e9f479acf6f088d76'),
	('Est consequatur necessitatibus corporis sequi.', 'Enim aspernatur corrupti doloribus iure velit dolores eos. Id ad ea ut et voluptatem quia. Nostrum fuga et modi voluptas.', 3, 7, 776, NULL, '40700c4b1851f0206f52ca2dbf00071cdf730fb3'),
	('Est culpa ex quae est ducimus et labore aut.', 'Assumenda ab quibusdam officia numquam est expedita vel. Ratione et incidunt vero illum voluptas voluptates. Deserunt sunt libero cum voluptas ea laborum dolor.', 3, 59, 374322, NULL, '8efb40267cef06c72891fc0ffec60b1d624888e5'),
	('Est deleniti numquam praesentium quo quisquam.', 'Nihil perspiciatis eos voluptatem qui saepe. Aperiam magni soluta perspiciatis expedita suscipit eligendi praesentium. Excepturi iusto ipsa a perspiciatis error optio.', 3, 53, 2395526, NULL, '4d166d220d48858058a7a55c3046cb6d87cf3070'),
	('Est dolor molestiae eum totam.', 'At suscipit facilis occaecati occaecati dolores error omnis. Vitae quis tempora et blanditiis facilis saepe aut provident. Maxime voluptas optio illum qui dolorum nihil rerum. Nulla consectetur aperiam quas vel.', 3, 10, 44, NULL, '0cef595ab49b7a8274953a337ed5dd406b59fe88'),
	('Est et ad sit aliquam at.', 'Quia rerum amet quia maxime esse temporibus. Reiciendis provident perspiciatis est dolores reiciendis delectus et. In est deleniti corrupti ut explicabo eveniet magni. Ut cum et dicta neque aspernatur.', 1, 57, 5407600, NULL, '2dd9dc69dad425de257e1bf7841b2c93bc5d9ec1'),
	('Est suscipit rerum similique beatae molestias.', 'Deleniti itaque eaque libero distinctio. Nisi eligendi consequatur unde nam vel laudantium necessitatibus. Et debitis ipsa et consequuntur reprehenderit aliquid.', 3, 37, 4657109, NULL, '108a421425026cdae7241331382577da8feca836'),
	('Est voluptatem natus aspernatur nihil dicta velit.', 'Sed eveniet autem praesentium dicta nostrum quidem. Non delectus est temporibus consequuntur aliquam. Atque reprehenderit nulla est nisi. Ipsam aliquam reprehenderit aliquid laborum ut dolore incidunt.', 3, 28, 79731841, NULL, '6d919725bdcf737c7b12fe02df9e9e41b6e114e1'),
	('Est voluptates qui ab distinctio a earum.', 'Rerum sequi ut id ea voluptatem. Animi tempora quia voluptates hic. Saepe aut cum architecto vel qui.', 2, 59, 511202576, NULL, '41878996588c31632dfcaa54079a83a29a4daa25'),
	('Et aut ex aliquid accusantium.', 'Natus perferendis et aspernatur tempore. Repellat doloribus fuga maiores provident laboriosam. Dolorum sequi tempore quia quia. Eum esse praesentium accusantium.', 2, 65, 93937670, NULL, '7547eb44fada4f2e2ed5747a6692389423abd8bc'),
	('Et autem esse dicta aut nobis ipsa impedit.', 'Non maxime vel autem deleniti quas accusamus. Consectetur officia unde veritatis voluptatem. Voluptatibus molestiae alias aut qui ratione ut. Quibusdam consequuntur reprehenderit id dolorem distinctio animi.', 1, 96, 615344726, NULL, '33034b1812ed42acfa9449f61201d7ee6286c69b'),
	('Et cupiditate natus consequatur sed voluptatem voluptates quia.', 'Et quidem consequuntur voluptatibus ex fugit. Ut quis tempora amet fugiat voluptas. Assumenda est ex deleniti consequatur unde repudiandae id. Et dolorem nulla eveniet omnis labore ex.', 1, 24, 155, NULL, '96d26729f4f7b7ca33bde09b9a98ed420eb35f8e'),
	('Et deleniti aliquid numquam quia.', 'Hic nihil reprehenderit voluptatem a eligendi. Aspernatur similique incidunt esse harum. Adipisci et quidem voluptatem autem autem. Odio excepturi illo accusamus cum consequatur neque voluptatibus.', 2, 60, 5998883, NULL, '52cf063daf1ce867c1ed86f9195d4435a9a7422d'),
	('Et est in accusamus harum aliquam beatae.', 'Veritatis voluptatum similique aspernatur ea deserunt atque voluptas. Quia harum inventore distinctio cumque. Consequuntur sequi ut earum nam doloremque est quo est. Facilis delectus distinctio ipsam dolorum.', 1, 59, 290015, NULL, '0baed39848db0093170af29314ba06e7f4aee920'),
	('Et illo eaque optio fugit aliquid exercitationem velit.', 'Vel nesciunt vel sed. Illum quisquam in molestiae neque occaecati. Officia officia omnis at voluptatem voluptas voluptas. Officiis consequatur dolores deleniti autem.', 1, 19, 78946108, NULL, '497f9b69ea96031daec8b348b7d46966b0c3f2f4'),
	('Et numquam est aut deserunt ipsam illum dignissimos sunt.', 'Aliquid necessitatibus consequatur earum itaque veritatis maiores placeat. Consequatur est nemo soluta hic et. Ea aut vitae nemo asperiores quo. Voluptatibus mollitia rem blanditiis alias impedit mollitia.', 2, 7, 0, NULL, '7e56daccb5782ac6a42425229c0d95ddb8c00e14'),
	('Et placeat autem beatae ea voluptatum in.', 'Est ut voluptatem incidunt nesciunt quia sed sed ut. Sed perspiciatis velit natus ratione quia qui. Quasi sed nihil delectus corrupti qui temporibus quia rerum. Quaerat debitis aut et optio harum ratione.', 1, 6, 69260167, NULL, '5c53e2964c28e9740d286bb15cf0165947350b4b'),
	('Et quis unde expedita eos aliquid qui sed.', 'Architecto iusto et labore impedit amet ex. Esse error et exercitationem ducimus laudantium. Error sed facere maiores repellat.', 2, 59, 66807, NULL, '8630d7f32acc360117f9b433b45c0b887db616a2'),
	('Et repellat sunt eveniet facere expedita et eligendi cupiditate.', 'Facilis ab qui sed qui tempore. Voluptate voluptatum veritatis et voluptatem rerum architecto inventore. Non aut accusamus porro est explicabo quam fugiat. Dolore unde omnis esse exercitationem reprehenderit.', 3, 97, 70657, NULL, '050796b89d62a7f4119db0456ca2c6309448041e'),
	('Et sapiente possimus nihil quae blanditiis quas nobis.', 'Iusto incidunt sed mollitia nam accusamus dolor. Et nobis qui aut pariatur reiciendis autem expedita. Placeat unde accusamus id libero. Omnis qui sunt sapiente inventore.', 2, 84, 30861, NULL, '48287e2ab52cf5660040070c9d7e20a667e6d200'),
	('Et voluptate aut cumque aspernatur nam ducimus excepturi ut sapiente.', 'Voluptatem qui vitae aut natus reiciendis et. Optio nostrum voluptas cum sed quia esse. Laudantium tempore accusamus optio quae suscipit aspernatur aut. Numquam architecto dolorem voluptatum porro accusamus aperiam.', 3, 15, 23, NULL, '0d9eccee0c19b7578fe601394274ff2b5032c7e0'),
	('Eum consequatur repellendus cupiditate itaque.', 'Quas quo voluptatibus et qui numquam illum quasi hic. Perferendis et odio culpa doloribus aut qui laboriosam. Dolores quas non unde maxime omnis fugiat atque. Cupiditate earum delectus nisi nulla velit laboriosam cum et.', 1, 89, 7489, NULL, '7ea04394587e6f21e3e5069a858465dd20f796db'),
	('Eum dolorum inventore distinctio rerum provident.', 'Illo ut omnis aut necessitatibus dignissimos inventore impedit. Doloribus nisi officiis repudiandae itaque.', 1, 49, 0, NULL, '93c96136c645395e5b07b0045cd0d6e0e4e0d34d'),
	('Eum enim perferendis tenetur sint officia enim aliquid ad.', 'Tempora quod ut unde quisquam ab voluptate exercitationem. Eaque harum accusamus ad qui exercitationem assumenda. Commodi a fugit iusto maxime. Minima aliquid vero dolores quia corrupti.', 2, 9, 42154, NULL, '34d130b2da949f5c134bad669e774f12c56468e3'),
	('Eum similique ab pariatur iste reiciendis aut et ut aut.', 'Enim placeat sapiente perspiciatis porro ut. Quaerat dicta dolorum corrupti sed reprehenderit.', 2, 45, 0, NULL, '64c82b4df0f106a6f55d3bef761df2fff3ed8a52'),
	('Eum similique natus tenetur itaque omnis eos perferendis consectetur facere.', 'Repudiandae labore et accusamus voluptas est sequi adipisci. Cupiditate sit nemo aut quia nam. Ipsam doloremque iusto occaecati laborum aperiam placeat minus enim. Sit illum aliquam ut ipsam facere officia facere.', 1, 51, 393769, NULL, '207629d82a46a525cae04dca518ad12fe7ea1644'),
	('Eum sit et reprehenderit culpa consectetur voluptatibus qui.', 'Et expedita laborum est iure. Assumenda quis hic consequatur qui. Nam id necessitatibus ut quo.', 1, 34, 2, NULL, '26c72db916ec48642ac3cb1de1ad85a7ca2399cc'),
	('Eum soluta eius accusantium ut non consequuntur architecto perferendis.', 'Laudantium in ad corporis velit voluptatem. Molestiae aut pariatur non. Nihil quos explicabo rerum magnam quia cupiditate quasi. Qui maxime et atque mollitia enim.', 3, 14, 7, NULL, '74dd9aa76c51184e1c6f79bf57801f898f6dc1e4'),
	('Ex itaque non sed aliquam non ut sit consequatur rerum.', 'Doloremque iusto dolorem quia aut eaque ut. Id quia est id est. Facere minima rerum quo tempora nemo atque excepturi.', 3, 28, 0, NULL, '86adebd3859fa4a3923dbc02a0714fb5cc4dc365'),
	('Ex sint quo facere officiis saepe quia omnis quidem itaque.', 'Quam nesciunt nihil perferendis velit id id debitis incidunt. Ut voluptatem deserunt iusto magni labore ut voluptas. Veniam hic voluptatum placeat doloremque.', 1, 88, 6, NULL, '38e077812229066c0bebf95f8446b37033a7e176'),
	('Excepturi sapiente at sit aperiam deleniti.', 'Rerum est ea voluptatum. Et necessitatibus ducimus qui doloremque quia. Id id sequi amet voluptatibus perferendis quam quia. Quisquam magnam ratione ut in.', 3, 100, 30798786, NULL, '38dd954885ca29debd327993ddb0782d06ecf331'),
	('Excepturi velit omnis fugiat aut est illo sed.', 'Rerum rerum assumenda esse voluptate. Voluptatibus omnis non rerum. Eveniet consequatur voluptatem ullam ut explicabo eius.', 3, 46, 0, NULL, '036599f6ef3e0cffab96bb1dcad149ea8fc365a3'),
	('Exercitationem facere animi magni praesentium tenetur aut voluptatibus.', 'Cum voluptate ex illo ex est optio labore at. Voluptatem quis nemo voluptate ad totam itaque. Quam facilis esse necessitatibus quia voluptatem. Sunt id sit ducimus quibusdam et et.', 1, 68, 0, NULL, '9cfae3497837c70c9c19cb5af73087a0a83c8ba1'),
	('Exercitationem libero dolor temporibus fugit minima earum autem.', 'Dolores eveniet sit beatae doloribus aut asperiores. Qui commodi ut eum maiores. Alias ut amet quisquam cum accusantium. Nam exercitationem sed eligendi ea quasi dolor.', 1, 31, 890, NULL, '9bbafe1c5bdecee032c051fbf0af216c43e56813'),
	('Exercitationem voluptas hic fuga architecto voluptatum.', 'Incidunt cupiditate magnam dolor nostrum vitae earum assumenda dolor. Consequuntur quaerat tempore eum. Est et est dolor perferendis fugit dolores impedit. Est suscipit sequi ducimus sint et in.', 1, 58, 812, NULL, '866e7d9c578ca63b355d1ffe542b4226f2e01d70'),
	('Facere repellat quae voluptas praesentium.', 'Culpa minus blanditiis eum amet nesciunt. Dolores sint cupiditate eos inventore nihil voluptatem mollitia. Hic aut nulla enim reprehenderit.', 1, 24, 3, NULL, '910cd8f2789f42736bf61be3eedcaabd3fcef318'),
	('Facere repudiandae ut eaque eos praesentium qui maxime quibusdam quis.', 'Rem maiores quibusdam tenetur corporis impedit est. Esse et quam aut sed aut. Nulla recusandae quo quia ut impedit eaque voluptas ex. Nam praesentium nesciunt tenetur quas corrupti illum.', 1, 29, 71974605, NULL, '5ef629ede85003385b497ef2f866c811004f437d'),
	('Facilis laboriosam et facilis magni.', 'Soluta sequi dignissimos a consequatur laudantium eos. Cum dolorem eum voluptatem eveniet alias quia. Officiis minima veritatis porro illo animi dolorum. Nulla temporibus eveniet laudantium maxime in deserunt.', 3, 16, 9184490, NULL, '8494207f47f93679cff1866839136aa0de17380b'),
	('Facilis quia aliquam dignissimos commodi praesentium et cupiditate.', 'Nulla adipisci provident non minus est sunt. Fugiat nemo omnis inventore quis quam molestias temporibus. Deserunt expedita reprehenderit cum est odio nesciunt labore. Debitis sed distinctio blanditiis.', 1, 40, 16564, NULL, '098e4b88fb692b7e4ee72e6c11b68b6713fe5bb3'),
	('Facilis rerum iusto consectetur illum et harum et adipisci.', 'Est voluptate et nostrum voluptatem temporibus aut quia. Sunt rerum delectus non molestiae unde. Itaque sed ipsam maxime voluptate.', 1, 71, 897289, NULL, '3b48749539fc9183699abb2baaec06cb3866299a'),
	('Facilis veniam magnam ut repellendus totam laboriosam.', 'Aut est est sapiente ut modi labore fugit. Ea sequi reiciendis qui animi quibusdam pariatur. Minima ex magnam id optio aut. Dolore qui ipsum consequatur iure. Incidunt aliquid corporis quos beatae inventore.', 1, 8, 79639, NULL, '9d58fdd00a8711612f573c399f3ceb8281ea1cfb'),
	('Fuga ut non perspiciatis hic recusandae ut quis repellendus et.', 'Aliquam distinctio provident debitis aut facilis est aliquid id. Ea ad debitis qui saepe saepe. Repellat eum ut reiciendis. Est possimus quaerat nisi illo.', 3, 93, 746, NULL, '61a5af72e58ffa9f9db2c036aca7808e94ba8fb7'),
	('Fuga ut quis rerum dolor tempora sequi occaecati.', 'Temporibus explicabo et consectetur consequatur nostrum at. Itaque totam omnis saepe totam. Sed optio esse dolor perferendis quia totam.', 1, 37, 815, NULL, '4e8b82805f4d17f96e8caaf650e42dd16a79f095'),
	('Fugiat velit atque dolor aliquid dicta.', 'Et illo fugiat aut et quod assumenda vero. Modi cumque eaque et corporis rerum iste dolor non.', 2, 92, 1584103, NULL, '322f9982e3e7c6031b9b2a720d5577f71841ecc4'),
	('Fugit consequatur totam sunt similique sunt occaecati et error.', 'Et laborum ut qui assumenda sed non harum. Eum earum nemo saepe veritatis reprehenderit perspiciatis molestias. Occaecati voluptas sint quos vel voluptas. Velit rerum fuga dolor provident quisquam.', 3, 70, 129414815, NULL, '6a2c791d6c3dc82698c9bc66b2b4f744567a748b'),
	('Fugit doloremque et blanditiis et doloribus atque asperiores.', 'Incidunt aut doloremque quia ut magnam minima. Ea qui est eum esse. Labore eum harum et in optio magnam. Voluptatibus sunt saepe dolor eos qui aliquam. Natus vel debitis nam et totam.', 3, 48, 7643895, NULL, '3a675f31fa22dacd74f1e5eca07135270c5d81b3'),
	('Fugit nulla numquam officiis recusandae et ad non.', 'Omnis voluptatum exercitationem quia. Sed illo quibusdam cupiditate qui maxime quis. Iusto qui assumenda voluptates cum.', 3, 51, 6, NULL, '3e5a63777df72201956aa6c10b99a7c41d27130c'),
	('Harum molestiae deleniti sunt voluptate corrupti quidem harum officia ut.', 'Rerum corporis voluptatem dicta quod sapiente. Nisi repudiandae perferendis inventore voluptas laudantium natus doloribus. Rerum laboriosam non expedita tenetur labore.', 2, 42, 412426422, NULL, '1424d133a427a53654f168727874893332f98d93'),
	('Illo nobis voluptatum sit ducimus aliquam in ex.', 'Sit consequatur et consequatur non aut. Laudantium et minima fugit vitae.', 3, 2, 9521695, NULL, '5505e6c48b68d262f7ad1c275ddae3ec0f276356'),
	('Illum hic vero magnam nostrum qui.', 'Et ut fuga rerum repellat non. Rem praesentium est labore maiores. Voluptas nemo iusto assumenda exercitationem qui quasi qui et.', 3, 19, 0, NULL, '27e879e07e328801b8963227a068b2465ee8a208'),
	('Illum quisquam asperiores optio pariatur dolores praesentium.', 'Placeat et dolores id aspernatur autem nisi odio. Quaerat recusandae impedit reprehenderit rerum quisquam voluptatem consectetur. Nobis itaque est numquam molestias cupiditate voluptas. Recusandae cum quia dolore ratione quis earum aspernatur.', 3, 75, 392, NULL, '342d94be39679b55fa6cd04fead8fffeaa0424c5'),
	('Impedit quidem eos quibusdam enim ipsa eligendi explicabo.', 'Sit ratione illum natus. Iste fugit explicabo numquam suscipit nihil. Nam qui dignissimos voluptatibus aut.', 3, 30, 2958659, NULL, '8ebbd70e2ea53a11393962fa8fd28473745af796'),
	('Impedit ut sint sed a officia alias nihil iure aut.', 'Recusandae dolorem praesentium at quasi quis aperiam minima. Aliquam nam nostrum qui quia. Ut quis reiciendis non iusto quisquam. Dicta nemo quo rerum ut unde.', 2, 93, 0, NULL, '0cd8fb4d5ce1e87e7b839a8b06ecaf645af08df0'),
	('In ducimus ipsa voluptatum distinctio in.', 'Cumque qui quia voluptatem voluptates eos quos. Consequatur rerum sit minima aliquid natus accusamus nihil. Delectus animi nesciunt omnis neque quod.', 2, 69, 9987712, NULL, '10132ca92562db243453b9e18606b300d1754567'),
	('Incidunt necessitatibus qui quo doloribus dignissimos soluta ab voluptas soluta.', 'Aut tenetur atque occaecati eos ratione. Voluptatibus quae laborum sunt. Quibusdam ad accusantium aliquam consequatur iure. Necessitatibus deserunt saepe vero ex minima optio.', 1, 61, 366, NULL, '51b45581bfece736dac2ba6cdf49750327f6fd67'),
	('Incidunt nisi corporis ducimus quam cum sit occaecati ut.', 'Perspiciatis repellendus tempora est animi enim ut tempore. Magni quae nihil deserunt eos.', 2, 92, 91, NULL, '0191fd1757acb3c3f087fe9c93d7c359f212e6a9'),
	('Incidunt voluptates repellat voluptas deserunt voluptate quia quo dignissimos nostrum.', 'Qui et sit eius quo ratione aperiam. Aspernatur laudantium perspiciatis sunt id necessitatibus deleniti. Esse natus facere qui et asperiores aliquam. Nobis optio suscipit repellendus omnis. Veniam ratione corrupti delectus explicabo quia inventore qui.', 2, 47, 48375094, NULL, '23b8ece021ed749465cacd51908c46764b686d96'),
	('Inventore sit quae ducimus ex ex dicta quod consectetur.', 'Unde rem vitae quos sit hic doloremque beatae. Architecto est ex est alias sed. Delectus nulla ut nam error veniam quas id. Quaerat ut nemo ut ut.', 1, 4, 26156682, NULL, '733616f895915b8985ed54292fde0e54d1b4dbe3'),
	('Ipsa deserunt et repudiandae esse nam pariatur.', 'Quia modi voluptatem dolorem in aut quia quos et. Qui sit iusto ipsa explicabo voluptas quis suscipit. Magnam sit deserunt quis id in. Rerum nesciunt et id quibusdam dolorem.', 2, 82, 56934637, NULL, '56a46b7a4beae957c860eb0a10472b63c00190fb'),
	('Ipsa vero nam cum tenetur sint rem.', 'Inventore voluptatibus sint aut ab omnis eos et. Reiciendis minima quis voluptatum iusto aut debitis. Possimus est sed corrupti nobis in enim autem. A commodi quo qui eum consequatur eum.', 2, 74, 53, NULL, '763e34123a796cf6e37a95ff38ea09f4641f16eb'),
	('Ipsam enim illo quod et consequatur hic molestiae.', 'Mollitia consequatur autem cumque occaecati. Nobis veritatis excepturi rem non. Harum esse praesentium voluptatibus eveniet. Facere rerum nobis est dolor esse nobis.', 3, 90, 4991536, NULL, '5bd459d1ea20206d04e6f4240c6169e5abf32d28'),
	('Ipsam maxime quos est non animi nemo pariatur.', 'Animi numquam qui vel recusandae esse qui. Quasi saepe suscipit laborum est rerum est. Voluptatem harum autem recusandae sequi vitae nulla tempore fuga.', 3, 80, 9073, NULL, '72be69cc7cf1ff3b0806f548907e3d808245ed24'),
	('Ipsum facere soluta non dicta iure a autem eum.', 'Aut quia corrupti odit necessitatibus impedit. Rerum rerum rem distinctio aut voluptatibus. Maiores similique consequatur quibusdam cumque. Temporibus voluptate a modi quidem consequuntur dolores.', 2, 26, 839899, NULL, '36e4c68b38c7fe7bd2d8698e3429364ba7592b46'),
	('Iste id voluptatem qui sed consectetur aspernatur.', 'Quasi unde commodi rerum id accusantium et. Iste id tenetur est earum ut vel. Sapiente perspiciatis et voluptas quaerat est nulla.', 3, 99, 366, NULL, '407dd80ccdb85f584dca46621e2b0533f5f3d9b7'),
	('Iste minus sapiente in consequatur quasi.', 'Nihil distinctio vero accusantium. Ea voluptas ullam consequuntur praesentium sit. Tenetur molestias voluptas vel.', 1, 96, 5, NULL, '80fb34d5b7adaa289c16ca90e65fba4ee3b0f327'),
	('Iste nostrum ut sequi nam sequi.', 'Quae non repellendus sed repellat voluptatum. Veritatis qui perspiciatis autem sit harum. Corrupti dolorem et deserunt. Perferendis odio commodi quis eum est incidunt.', 1, 36, 48689, NULL, '071da3a126dfb27d891db97d0612ad095062f600'),
	('Iste pariatur eos perferendis voluptas et.', 'Voluptatem explicabo earum corporis molestiae eos. Et cum reiciendis omnis dolores. Rerum ut ea et ipsa et.', 1, 13, 184684285, NULL, '8a29c958b80aab9963e183a4baf5555d3bc9a6bf'),
	('Iste voluptates est voluptates in aperiam voluptatem fugiat culpa.', 'Accusantium omnis ut est et ea quo velit placeat. Saepe voluptate voluptas ipsam hic non natus esse. Doloribus nihil velit nobis est ipsum similique qui.', 2, 55, 257, NULL, '7979116ba1594ae745078c545faa32ae1a5f9718'),
	('Iure est perferendis temporibus totam iusto repellat blanditiis qui.', 'Qui esse quaerat et laborum molestiae quisquam ut. Rerum est est quis ea itaque. Ab ratione vitae iusto.', 3, 64, 17, NULL, '10d377b8ba6ce7f517cb99abefdeb5bb8b4e9311'),
	('Iusto dolorem hic similique et sequi blanditiis.', 'Aut voluptatem qui sed quia rerum nisi. Perferendis eos molestias repellendus repellat. Quia quia molestiae repellendus unde tenetur facilis. Quia sed fugit aspernatur sit inventore repellendus et totam. Autem sit minus molestias ad.', 2, 38, 45, NULL, '1c752dfa931928ab84f015bc21fd1911695fe359'),
	('Iusto inventore in est et laudantium.', 'Est ut eveniet voluptatem. Accusamus neque ab aut voluptatem quisquam et veniam. Dolor eum maiores velit sunt.', 2, 66, 7, NULL, '5c7028fb1ec416d537dd7d292deba108afcaa98d'),
	('Iusto officiis quia qui quae.', 'Omnis ducimus quos hic provident nihil. Quisquam illum dicta a fuga ullam ut. Nihil optio laborum adipisci eligendi nostrum dolores.', 1, 77, 0, NULL, '8b1099f92cab459853520c3d9e9c37de41429fbc'),
	('Iusto velit minus ipsam libero ad provident iusto inventore tempore.', 'Fugiat vero aut delectus itaque ratione impedit. Corporis impedit magnam molestiae nisi. Qui veritatis beatae officiis explicabo. Non autem nisi qui dolor adipisci corrupti. Sunt doloremque quia unde eveniet.', 3, 1, 391408058, NULL, '9df6b2816c90a9281d0f5ba50302fc06ebe18617'),
	('Labore aut enim consequatur ducimus voluptas.', 'Nihil voluptas nesciunt ut quis aut tempore atque. Blanditiis similique voluptas incidunt soluta. Facere non cum animi reprehenderit in nulla dolorem.', 1, 51, 61052343, NULL, '2655881b55621b33fdd1d5f0e81e60bf91b56eba'),
	('Labore iste eaque error in quidem nostrum quidem.', 'Repellat quo et asperiores. Alias id quaerat ipsa id et qui. Consequatur magnam id ab tenetur sunt vitae eos explicabo. Quasi debitis eos in ut.', 3, 69, 286880855, NULL, '9c4985cc36d3d7810fa1fa8b639af11760097041'),
	('Labore non est unde cupiditate qui totam.', 'Harum consequatur esse eos et soluta possimus sed. Vitae cumque vitae amet qui sit quidem.', 1, 47, 18318791, NULL, '249468ddb1bac5c5a8993bad70ae52112902e024'),
	('Labore qui aliquam velit voluptatem quas eligendi quidem.', 'Itaque qui ullam provident. Sequi rerum rerum sed repellat debitis ipsa veniam. Distinctio repudiandae pariatur enim esse facilis porro.', 2, 4, 9, NULL, '76e088508ca44290c4ac431ed13007bd4c0633b5'),
	('Labore quisquam nihil non laudantium corrupti sint culpa quia.', 'Sint alias culpa a voluptatum. Quas ut excepturi praesentium sunt. Et sint vel ut dolor. Et dolore blanditiis omnis deserunt.', 2, 45, 1460924, NULL, '1a3894daab0802cfe955d2771749a1779a5ddd7d'),
	('Laboriosam qui blanditiis est laudantium sit consequuntur.', 'Asperiores ducimus sed labore debitis sapiente aspernatur labore. Incidunt quam aut repudiandae harum sed est. Veritatis mollitia est voluptatibus odio. Minima perferendis vel sapiente doloribus sunt quo quidem placeat.', 3, 86, 4, NULL, '3193be55cbdd4d597caf2be56c318c27eadf833c'),
	('Laboriosam saepe quaerat voluptas nisi facilis.', 'Nisi deleniti id ipsa repellendus in ut. Delectus odit qui et aliquid eum impedit. Voluptatum et cupiditate aliquid reiciendis.', 2, 61, 515, NULL, '72c0a1640c95a49056697e58a822915a2f14808b'),
	('Laborum eveniet sapiente et vel sit sint occaecati asperiores labore.', 'Impedit saepe aliquam deleniti maiores non. Fuga est dolorem quas enim eaque dolor. Ut accusantium tenetur repellat ut blanditiis. Pariatur et aut dolorem dolorum.', 2, 74, 0, NULL, '8b6dff0a88b92d72909e28011c2c30eeed40c029'),
	('Laborum hic repellendus non aut aspernatur neque ipsa est.', 'Similique quod sequi facilis ipsum et officiis iure ipsum. Et fuga fugit quibusdam accusantium sint consequatur ut ratione. Saepe sit molestias qui omnis. Doloremque quas pariatur vitae excepturi quia neque vel.', 2, 43, 312, NULL, '6a2789d6814af5196b1a2705f35249c02d978220'),
	('Laborum saepe ad possimus neque.', 'Et inventore qui blanditiis error exercitationem. Eaque non ut quis facere deserunt. Debitis voluptatibus totam dicta voluptas. Cum laboriosam aut minus saepe.', 1, 40, 480385120, NULL, '9574ae9f48631e133889e06ab96834e5b335fc82'),
	('Laudantium consequatur alias ipsum rerum dolores sed facilis eos sed.', 'Autem officiis accusantium iure. Dolorem occaecati dignissimos et ut eos.', 1, 87, 345839740, NULL, '0478a50d7cc49d41be9aaae7159aadb062baa0e6'),
	('Laudantium dolorem magni quod et impedit sint distinctio sed nulla.', 'Impedit unde autem totam nobis error earum expedita id. Ad porro ipsum ut dicta expedita eum ut veniam. Necessitatibus quia sed quis qui et vel in.', 2, 76, 478880, NULL, '3c24c204887a24686c16e69eb1104645afaa3193'),
	('Libero dicta sed maiores minus cumque non.', 'Possimus incidunt reiciendis et incidunt eum. Quidem explicabo facere eos ullam quisquam commodi quo. Velit itaque id sed tempora laudantium. Natus aut molestiae fugit esse pariatur. In mollitia adipisci molestiae doloribus sit aliquid vel.', 1, 14, 92, NULL, '9add9bf606370cc6fd1282e8925712e9aa42e71f'),
	('Magnam alias quaerat eligendi vel cum.', 'Assumenda et nihil ratione quidem fugiat. Esse distinctio amet aliquid quo eum repudiandae voluptatem. Dolorum rerum consequatur aperiam officia quo. Accusamus et velit doloribus.', 2, 35, 7572, NULL, '9b9c59ebd0ccfd99ba472a8a8183fc4ddf06182d'),
	('Magnam cum architecto natus et.', 'Facilis ducimus et voluptate nihil vitae soluta. Nisi eveniet dolorum repudiandae qui.', 3, 26, 54366199, NULL, '9b9bbca219490390870a6d0abc56c1702ad89082'),
	('Magnam quo possimus laboriosam suscipit voluptatem dolores.', 'Tenetur est non voluptatem. Illo sunt dignissimos non ex. Autem omnis quod voluptatem et. Tempora consequuntur perferendis eos voluptatibus blanditiis ut quo.', 3, 99, 44, NULL, '7b85aff75f5f12caffbe1a837ff12055e1ea0b42'),
	('Magni earum non possimus vel aut.', 'Cupiditate recusandae accusantium sed corrupti qui ratione maxime. Sint est maiores necessitatibus ipsa occaecati voluptates. Rerum aut et esse placeat ipsum nisi eaque sed.', 3, 26, 17, NULL, '0702a05bf772589a44fe8da7648716087df3b506'),
	('Magni quidem recusandae voluptate facilis voluptas sapiente possimus.', 'Laboriosam tempore aut officiis ab aut praesentium qui numquam. Aliquam et aspernatur autem eum libero aperiam. Modi et cum sequi maiores. Et id nihil laudantium laudantium sint deleniti et.', 1, 75, 52218530, NULL, '11b944572771ad66010319d5245d6d8116be5fdd'),
	('Maiores esse doloremque occaecati veniam.', 'Beatae qui dicta similique omnis ab. Vel et distinctio est rerum magnam. Qui dolorum aut suscipit eius.', 1, 51, 7, NULL, '5136269aa6e86860f89f31e72ba06210f4f994b6'),
	('Maiores tempora omnis repellendus nisi possimus ad temporibus eum a.', 'Alias sed molestiae praesentium ut laboriosam voluptas. Illo cupiditate deleniti velit officiis id labore commodi tempora. Cum fuga eos ab at qui.', 1, 86, 5, NULL, '633e1d98e0bc79d9079a5f635ae88fe29dfad3a8'),
	('Maiores tenetur aut numquam vel ducimus fugit et.', 'Repudiandae numquam earum rerum sunt illum soluta ut. Non et vitae expedita laudantium. Qui consequatur sint nisi distinctio vel. Dolorem voluptate consectetur ea suscipit commodi molestiae.', 1, 49, 16123, NULL, '4cd94c536d53a3af6a950a15016eeb090935f84f'),
	('Maxime cumque quia aut ex architecto dolores accusamus nihil quis.', 'Dolor et impedit aperiam ea quam. Hic ea suscipit delectus ad aut temporibus eveniet. Ad dolor sed numquam.', 3, 26, 621, NULL, '5d4996f5f652935b647dea43a96bd551f498ca56'),
	('Maxime in quae voluptas quia quaerat nihil.', 'Itaque et harum et autem sequi. Aut adipisci aspernatur ipsa. Eaque molestiae itaque vel quisquam quod provident nulla est. Consequatur quos dolores sit cupiditate.', 2, 63, 884137, NULL, '820a87db78ff9f6e591873a0af453d3d832e5903'),
	('Minima exercitationem quo beatae ea totam debitis aut ut repellendus.', 'Non provident perferendis sint est magni. Fugiat doloribus dolores harum distinctio excepturi sint quia. Sunt vero soluta dolor.', 1, 20, 72623722, NULL, '3172ab8d2bafde756c1e22c4b2fbbaf2072f36a5'),
	('Minus explicabo possimus fugiat ipsum velit.', 'Dolor labore necessitatibus suscipit aperiam et mollitia ullam dolorem. Ipsum laborum asperiores reiciendis.', 1, 6, 284, NULL, '78caf950b8c3eb4044c4904cfaced03a0f36a63a'),
	('Modi assumenda ducimus animi tempore odio perspiciatis officiis quibusdam doloremque.', 'Reprehenderit facilis id aut laborum aut modi voluptate. Consectetur culpa et cumque maxime sed commodi.', 1, 18, 0, NULL, '40e984e62f1bdf8d83f32a76c8dd54ebfe40fc18'),
	('Modi cum voluptas laboriosam nihil molestias.', 'Velit at est nostrum qui. Eos quis ut saepe nihil quae. Et magnam illo et.', 3, 71, 9952, NULL, '821b5386c4de47c8c585dcc95dcdaa70fa20ce56'),
	('Modi fugit hic nobis rerum suscipit error magnam quae velit.', 'Et libero id autem voluptates et. Accusamus molestiae nesciunt in ut. Mollitia rerum libero commodi iste dolores. Numquam tenetur nulla voluptas soluta.', 1, 7, 6013494, NULL, '1a2e2cb33d6d1a33e66cb63a152d6df64d70d7bc'),
	('Modi ut atque hic pariatur sapiente voluptate.', 'Et ex nemo beatae non sed et sed debitis. Sunt ipsum placeat at doloribus. Placeat dolorem laboriosam quia non omnis sit autem. Non voluptas eligendi blanditiis illum quidem. Sunt repellat nostrum reiciendis maxime quam occaecati suscipit.', 3, 68, 22195, NULL, '780562aaee6189158341d96aea8087f7c2bdfab2'),
	('Molestiae atque soluta vel vel vitae ducimus.', 'Sint molestias et eos et quia nesciunt cum. Eos nesciunt laborum et non nulla nihil vitae. Ex nihil assumenda odit quas. Rerum impedit est autem amet sunt. Voluptate praesentium nihil vel et qui cumque.', 2, 78, 5060, NULL, '34fd2617b58e562e4253ab64f9c996089b312e73'),
	('Molestiae dolorum quod voluptatum reiciendis quam recusandae.', 'Architecto tempore quia aliquid explicabo. Voluptatem asperiores non nam nemo et. Natus voluptatem voluptas natus quos. Sed fuga voluptates et omnis sit.', 2, 46, 3148795, NULL, '5bfd16156f7629fc38420ccc70848fe4e83188df'),
	('Molestiae est dolorem qui minima eligendi omnis dolores molestiae nemo.', 'Porro soluta exercitationem impedit nesciunt ut. Consequatur ipsa ipsa non omnis eius ab est.', 2, 61, 8, NULL, '18d262ff14ff322d4b61d6ca182d50a291a7fea9'),
	('Molestiae omnis aliquam vel tempore quasi voluptatibus alias alias.', 'Iusto eum voluptatem aut culpa minima voluptatem est. Explicabo soluta velit enim magnam sunt id saepe. Quia ut accusantium omnis mollitia.', 3, 48, 48741012, NULL, '0f5c311d920904704a9c97b3f3d03653bcb895af'),
	('Molestiae quo vitae temporibus ab.', 'Ea modi iusto quos. Iste corrupti aut sit dolor facere illo. Quibusdam illum quae ut ut.', 3, 32, 88042, NULL, '886685399c7c9c1829e13427e02e2e531f8f9347'),
	('Molestiae recusandae nobis consequatur sit beatae.', 'Minus qui ipsum velit placeat. Repellendus totam dolor id sint. Ipsam accusamus hic corrupti iusto ad dolorem id. Aut quia autem consequatur nihil.', 3, 62, 20302745, NULL, '76ba027228a66370962392eeafdf178f299ef6dc'),
	('Molestiae voluptatem voluptatem exercitationem minus et labore et laudantium eius.', 'Impedit non et sunt ratione soluta. Enim laudantium sed placeat. Reiciendis sapiente dolore voluptate occaecati reprehenderit. Adipisci at vitae accusamus et omnis.', 1, 41, 34, NULL, '4331788dbc22cb536bd89ac287c0828bdf7b3387'),
	('Molestias consequuntur quia et dolor.', 'Vel consequatur iure odit nihil ut. Velit dolorem atque sequi exercitationem voluptatibus quis qui. Ipsam consequatur animi totam nobis consequatur quidem est quibusdam.', 2, 16, 1610, NULL, '6648f9a69834c7fc867d3015b760e771c7a4aafe'),
	('Molestias numquam impedit dolores et.', 'Suscipit aut omnis voluptates dicta dolorum. Sunt nulla reiciendis necessitatibus animi ut. Eveniet a ullam neque dolores.', 2, 58, 67, NULL, '44bc029edbc71eec65a50ebca8e8e46355a04aeb'),
	('Mollitia aperiam est eos nemo sint.', 'Est aliquid dicta quia rerum dolorem dolore dolorem. Esse quam qui voluptatem officiis nulla sit. Ad numquam recusandae accusantium voluptatem. Impedit doloremque enim dolores unde.', 3, 80, 495308024, NULL, '19b8c0444840934a08e7fa22e26bb76dfd0f181b'),
	('Mollitia iste inventore voluptas ut nostrum nulla est.', 'Id corporis sed dolorem voluptates et voluptas. Aut eos sed dolore possimus voluptate saepe possimus. Sint est nisi debitis sint et quis quisquam reiciendis. Optio dolorum qui debitis dolorum incidunt aperiam aliquid.', 1, 81, 939835993, NULL, '971e7744175c4b43ae0f82cd9913785332608cb2'),
	('Mollitia nam tenetur qui rerum fuga ab enim.', 'Aspernatur nemo nemo repudiandae et dolores. In nulla ut ut.', 3, 3, 18053, NULL, '3ddf74ce2db7edc7011ab6d31e64c28d1b9a1cf6'),
	('Nam totam animi in recusandae ipsum voluptas explicabo.', 'Dolorem occaecati qui mollitia atque. Modi voluptas reprehenderit voluptas. Aut dolores error odit sit magnam. Qui repellat perspiciatis autem et. A qui est molestiae sint illo enim architecto.', 3, 30, 0, NULL, '2334e275b54c5b674d01aaa2c8787a7343682cf3'),
	('Necessitatibus quia accusantium vero voluptatem sit soluta voluptas velit.', 'Eos totam non facilis quis qui vitae nemo expedita. Non magnam aut quod amet dicta rem ut. Esse soluta voluptatem nihil in omnis omnis. Velit corrupti incidunt ea cum et vel non.', 2, 78, 124331678, NULL, '34753c2ffae162b050a821fd40e2f28adaed4ffc'),
	('Necessitatibus suscipit perferendis soluta esse suscipit sit ea.', 'Sunt ut rem autem quia qui harum. Eius a et reprehenderit quae hic blanditiis. Eius iste laboriosam quidem ipsum facere repellat. Rem aut quod numquam qui.', 2, 28, 11282, NULL, '858719bd8af07e0c7b6ddc8e3bd47f228c93f177'),
	('Neque ab quidem officiis voluptate iusto saepe.', 'Non delectus delectus quidem deleniti aspernatur labore vero. Ipsa sed sunt quasi ut et quasi quis quidem. Sint vitae laboriosam sit tempora quia error pariatur. Ex saepe tenetur ipsa assumenda blanditiis quaerat saepe.', 3, 71, 114, NULL, '3d4a972cbcf653e43070e8e818868ce1e1003bb9'),
	('Nihil et harum officia mollitia soluta ab.', 'Minus officia vero quae perspiciatis quae debitis. Aliquam quo nostrum rerum sunt. Cumque odio est et aliquam eaque illo qui. Repellendus accusamus odio enim autem aut consequatur nisi.', 1, 58, 42399, NULL, '76e03786d672868d33fd7f72ee868a71316d7343'),
	('Nihil perspiciatis nesciunt ea sint iste in quibusdam repellendus.', 'Officia autem veniam ut architecto reiciendis et. Sint voluptatem ipsum laboriosam non impedit praesentium. Neque nemo assumenda aspernatur officia officiis ipsam iure.', 2, 32, 0, NULL, '0508075a969417effbd92702c26bbede4367b018'),
	('Nihil sunt in molestiae dolor quasi tenetur vero eos.', 'Quod eveniet praesentium quae consectetur. Et fugiat ipsum magnam ducimus pariatur quaerat sit ipsam. Exercitationem ea dolor voluptates sit voluptatibus quaerat. Eligendi dolor exercitationem et rem voluptatum ut soluta.', 3, 92, 9, NULL, '076ac60e96e4d3b558f763775ebd612f4ee0300f'),
	('Nisi iste sint voluptatibus tenetur ea facere.', 'Est voluptates fuga animi ut. Quae similique exercitationem aut est consectetur. Asperiores perferendis sed ex dolore ut tempora accusantium minima.', 1, 42, 8746980, NULL, '1e2d67dbd1568f093be05d2dba811dddd0469937'),
	('Nobis ut quisquam harum mollitia impedit tempora.', 'Qui eius facere omnis nemo provident ipsa. Est qui voluptas velit error voluptatem sunt tempora. Dolores culpa animi ut quibusdam.', 3, 29, 41888, NULL, '9387d82448d323ca82f9ea89da881afc967904be'),
	('Non omnis sed laboriosam necessitatibus aperiam doloremque voluptates aut.', 'Laudantium facere nostrum optio facere corporis voluptatem. Atque velit molestias eligendi. Dolores expedita quisquam eos soluta. Earum qui doloremque consequatur.', 1, 28, 4253, NULL, '89d547dd625e85442949ded2d5fb2201a0f539ff'),
	('Non qui pariatur vitae illo et aspernatur.', 'Et corrupti doloribus voluptatibus repudiandae sint voluptas. Doloremque accusamus ducimus labore autem esse vero. Quisquam suscipit fugiat est commodi deleniti. Ipsam veritatis enim est facilis deserunt aut ea sunt.', 3, 79, 99298258, NULL, '8ed2387df948372ac3f76d2c659aea057fe4dd50'),
	('Nostrum modi deleniti rerum consequatur non aut similique corrupti eveniet.', 'Odit dolor qui iusto alias. Enim tenetur odit quia voluptatibus. Eveniet aperiam totam sequi repellat repellat.', 2, 73, 19660, NULL, '4d2674ccda89c8c7d21724de22efb12dcd146964'),
	('Nostrum quas similique mollitia ut reprehenderit minus et temporibus commodi.', 'Quas accusantium quasi fuga. Ipsam quia aut sed consequatur sit dicta laudantium. Officiis voluptas at ducimus doloremque magnam beatae. Tenetur alias eligendi sed voluptatibus.', 2, 71, 0, NULL, '489ed26d724c3191ddfa68fd4078f76a45f9667c'),
	('Nulla at nam facilis aut recusandae corrupti.', 'Saepe id dolor enim. Aspernatur sed ab veritatis ut molestias sit unde. Magni quaerat consequuntur rem aliquam. Cum neque et doloribus enim id itaque ut.', 2, 28, 682013, NULL, '611c97cd315c2ae7090776ff19f9c45d9e03dcfc'),
	('Nulla ipsam laborum sed magnam doloribus enim ut totam rerum.', 'Non maxime beatae occaecati in ea harum. Perferendis totam ad perferendis distinctio debitis sapiente non.', 3, 27, 6987339, NULL, '00317e825efd2e346dd9100a8c69d5bf1c3afa8f'),
	('Numquam mollitia provident delectus aut nam eveniet eos cupiditate quia.', 'Assumenda sint nisi laboriosam quas. Occaecati nisi non natus dolorem ipsa. Quis qui quod id eaque.', 1, 3, 9, NULL, '65423ebed51564d0d47ca4543639a360da4aeac5'),
	('Occaecati itaque asperiores dolorem magni aspernatur.', 'Sapiente maiores nihil blanditiis omnis. Quaerat laborum aliquid eos consequatur qui cupiditate quis voluptatem. Accusamus aut ad eaque dolores placeat suscipit consectetur odit.', 3, 100, 9717, NULL, '052ed32e3ca49a05b751533597dba64fd93a8eb7'),
	('Occaecati maxime aspernatur soluta quibusdam earum quasi aliquam.', 'Eum et quia et est. Et nostrum omnis quia quae repellendus rerum. Qui modi ab aperiam voluptas odit delectus officia quis. Vitae rem fugit incidunt quos quo ea tempora.', 3, 47, 30488962, NULL, '4d381337ceb484ebb15c22acab392ef7745437bd'),
	('Occaecati sit vitae perferendis iure autem voluptas optio neque.', 'Sunt consectetur maiores deserunt id. Voluptatem eos fugiat quisquam. Soluta rem commodi fuga ducimus quo. Earum magni assumenda minus et consequatur.', 1, 44, 634655, NULL, '3554339a3700891ef6cf0f7ddb9f05aed9b4e749'),
	('Odit et qui repudiandae quia eos repellat aspernatur.', 'Mollitia et expedita ea omnis rerum. Architecto eos tempora optio velit exercitationem autem. Eos illum animi minus rerum eum nam. Molestiae est et officia fugiat repellat repellat maxime.', 1, 33, 28, NULL, '46b31b3bce95c18be700144e303f74e0f0e5f123'),
	('Odit placeat numquam consequatur impedit in dicta cumque dolorem blanditiis.', 'Vitae inventore omnis adipisci ducimus perspiciatis ut sunt et. Et suscipit ipsa sapiente. Numquam rerum sed aspernatur explicabo.', 3, 59, 5827345, NULL, '9b2698767d5c7fecff2417b54c9ddb80db8c0b4d'),
	('Odit voluptate non a praesentium amet architecto.', 'Rerum deleniti molestiae consequuntur nam vel veritatis deserunt non. Est delectus debitis voluptas adipisci. Eaque et autem corrupti non.', 1, 25, 569, NULL, '6e9fa95a7489a35ba782c104edd7ab140f77391c'),
	('Officia impedit nihil cum deleniti et.', 'Reiciendis excepturi eos dicta deleniti. Omnis et dolor fugit facilis tenetur. Nemo praesentium quo non voluptatem ad. Qui suscipit magnam porro consectetur repellat qui corrupti.', 3, 69, 866632, NULL, '5794f014d417e499a2f984aa9521180369c0d3bb'),
	('Officia ut est nemo modi repellat ut sunt ut.', 'Deleniti magnam et ut illo dicta aperiam sunt. Ut explicabo laboriosam eveniet ut et quasi. Provident dolore cupiditate quam dolor eius. Facere et nemo sit ipsum quia consectetur totam.', 1, 75, 31781, NULL, '5b5e01fcd998b5e8cf12161db15b545f82bdfcdd'),
	('Omnis eum eius nobis nobis quis commodi.', 'Dolorem qui distinctio nisi id consectetur aliquid. Libero est expedita veritatis consequatur placeat reiciendis. Aspernatur amet ut corporis doloribus possimus.', 2, 79, 76, NULL, '6c122426435fb522ff68b84ab9ea999c8b14e3f4'),
	('Omnis excepturi nemo molestiae quo non.', 'Explicabo nisi earum reiciendis assumenda tempore est aut. Quia non quas omnis nisi odit cumque. Vitae quasi corrupti neque quas.', 1, 13, 11107, NULL, '589d9240fcd76cdf747df494a233baf316746fbe'),
	('Omnis exercitationem harum quisquam est adipisci necessitatibus consequatur est.', 'Esse aut est nulla eaque sed dolore iure. Consequatur fuga asperiores reprehenderit voluptatibus architecto et. Facere ea facilis exercitationem et officiis.', 1, 30, 24, NULL, '47dd747aa4864b94126d199b23911ee68dac56fa'),
	('Omnis harum autem qui iusto magni quo.', 'Et aut ullam sint ut dolorem ipsam. Eligendi autem molestiae sapiente veniam. Aspernatur soluta ipsum velit qui maiores nihil non.', 2, 82, 28, NULL, '2fd92af3fa0848277ce32f08b0640bef7e4e3602'),
	('Omnis id ducimus quis expedita repellat non quaerat.', 'Iure aliquid repellendus nesciunt aperiam. Commodi quas dolore ipsam aspernatur dolore aut. Aut voluptas excepturi exercitationem deserunt nihil. Qui aut error rerum.', 2, 77, 654616, NULL, '8d7eaa5f1c0e283625225d0790d2e26a9e7903cf'),
	('Omnis minima nulla voluptatem ut sint quidem est consectetur ut.', 'Sequi amet quas dolorum ut iusto. Blanditiis voluptate corporis eos odio omnis et excepturi et. Est iure quis et doloribus delectus saepe. Nulla accusantium tempore neque excepturi.', 2, 97, 4122, NULL, '6ba84a0fe804955e07e6a77d688bc745de943499'),
	('Omnis qui quis autem occaecati laboriosam necessitatibus suscipit aut.', 'Ad eum qui qui veniam tempora. Error facilis nisi non esse facere. Et optio occaecati harum aperiam temporibus corporis vel adipisci. Ab sapiente illo nostrum.', 1, 16, 0, NULL, '8e9f8bef4cbd1a40aa4669e7ee854759364502fb'),
	('Optio adipisci quibusdam sapiente amet qui.', 'Voluptatem soluta voluptas vel reiciendis. Rerum placeat reprehenderit nulla ullam est. Fugiat atque accusamus cum tempore est dolorem. Libero cum deleniti debitis.', 2, 93, 1, NULL, '550dd1a267243b9d9a6b0e81e5d31ff60518ecd6'),
	('Optio cupiditate totam in possimus veniam dolores voluptatem.', 'Iste est iste neque et exercitationem aut blanditiis. Sit aut provident laboriosam beatae optio impedit. Nesciunt quos earum molestiae sint ut.', 3, 64, 33, NULL, '3c5ea748ddd713768c9a75e5b2af415b94121d9e'),
	('Optio nihil voluptatibus minus veniam quidem dolorem sunt iusto.', 'Ipsam nemo minima sunt ab reiciendis. Eos est amet nulla voluptates. Nulla impedit vero quia molestiae facere quo deleniti.', 2, 8, 19909518, NULL, '54699e334ac27897864bf316edf0ec85cfab5987'),
	('Pariatur iure ea impedit molestias.', 'Omnis magnam quia illo labore. Nisi quidem consequatur mollitia est culpa. Adipisci exercitationem sapiente sit qui voluptatum.', 2, 67, 8418277, NULL, '986d42f19cdf0980ee361b4a6cbfb5021199fca3'),
	('Perferendis porro porro provident sapiente quod assumenda ut.', 'Necessitatibus qui eos excepturi vitae et totam. Voluptatum ut vel omnis rem nam et. Libero est qui accusamus non. Officia nemo sit esse hic.', 1, 38, 65260389, NULL, '2a5480c8ec81bfafcb272423463502de91125813'),
	('Perspiciatis aliquid sunt consequatur eligendi beatae facilis eos.', 'Repellat voluptas repudiandae atque perspiciatis at amet. Et voluptas est ratione qui dolor. Et quia labore et et ipsa reprehenderit saepe libero. Vitae voluptatem nesciunt est quis cum et.', 3, 95, 2322, NULL, '8c07eff76fdd01ebed9d732349ec8fe3437bcd5b'),
	('Placeat atque earum nostrum beatae sit sed voluptatem in.', 'Eos in illum qui aut rerum. Tempora fugiat quia eos accusamus repellat similique. Sit saepe reiciendis modi consectetur et qui. Assumenda enim ex laboriosam.', 1, 55, 0, NULL, '80f7a133f9242e64d83fce85ba5ddc6478967c6f'),
	('Placeat et corporis ea sint quis quidem.', 'Omnis mollitia dolor ut corrupti. Nam magni rerum hic quibusdam quos. Enim ut tempora natus voluptas quaerat eius.', 1, 6, 10103182, NULL, '1b734fd7fd4c9026f011c18d814dc3c1e8fe51be'),
	('Placeat omnis laboriosam dolorem ut.', 'Ea dicta distinctio atque optio. Ducimus enim fugiat molestiae voluptatum id.', 2, 1, 93590, NULL, '0f5a2d65191b63bc011879e4bc50cb5fa42168e0'),
	('Placeat repellendus eos sed totam natus quia est.', 'Pariatur modi nesciunt quas qui. Beatae voluptatem aut ducimus enim tempora ut. Consequatur eveniet qui animi odio modi. Occaecati non voluptas esse cum qui porro asperiores.', 1, 76, 25, NULL, '677d079151e59478750b998eb44a1a01a1adc38b'),
	('Placeat vel molestiae necessitatibus fuga et doloremque.', 'Minus id rerum non repellat voluptatem. Occaecati quos expedita quia quasi quo. Odio porro eaque modi aut.', 1, 39, 0, NULL, '8c9f2857c72b3d0562e8b54729ab40c8bb663d6a'),
	('Porro aut tenetur labore voluptatem.', 'Cum temporibus blanditiis quasi a fugit dolorum accusantium sint. Rerum dolorem sed nobis esse. Sed ab omnis qui quo. Impedit officia qui iste voluptatem.', 2, 12, 99784293, NULL, '2eb1f7012fad980fadf8bd87a390cd0de43f416c'),
	('Porro dignissimos quae dolorum voluptas ad.', 'Dolores enim dicta sed dolores molestiae commodi omnis. Molestias sapiente fuga rerum alias ratione. Eum perspiciatis rerum et quam voluptatem rerum. Voluptatem magni repudiandae velit sint qui. Aut occaecati ut sequi commodi omnis ab aut omnis.', 2, 17, 150013721, NULL, '2d8e1f8577b3f3c70d425918657d1d8af9be2822'),
	('Porro laboriosam id error sed et aut.', 'Aperiam similique possimus rerum. Laborum velit assumenda ab accusantium velit. Aperiam est sit adipisci quisquam aut voluptatem itaque. Ea qui dolores est minus quis eveniet accusamus. Corporis non minus animi non cupiditate sit.', 2, 41, 688, NULL, '7c6a3a3c48651e30abb96f5111f364c3f0a4927d'),
	('Porro non blanditiis velit ea.', 'Quis autem natus sunt aperiam quo praesentium nostrum. Repellendus quaerat dignissimos tempora molestias. Neque nobis tenetur aliquam.', 3, 53, 70, NULL, '83f8142ea93766514fe7e3624070f5c84ade1b8f'),
	('Possimus et dolorem neque voluptas ut qui non.', 'Sunt est earum maiores commodi dolor incidunt doloremque deserunt. Aut rerum autem unde et. Quibusdam natus ut dolor ea ullam ut consequatur.', 3, 79, 239132106, NULL, '79fd760623d8aceda8440ca9d31752690f9258c4'),
	('Possimus optio officia id cum quis.', 'Magni et sed perspiciatis eos atque minima quaerat. Voluptatem officiis placeat repellat tempore. Voluptates officiis eius atque velit et ea. Omnis modi adipisci cum eum.', 3, 65, 62586575, NULL, '518e1301f572a464562a78180c8a533273fba489'),
	('Possimus quo nesciunt rerum quidem velit.', 'Nihil et nihil natus reiciendis perspiciatis molestiae. Vel veniam repellat enim. Quis eius maiores qui minus.', 1, 4, 303059, NULL, '1dc1918747383acdd9bc793c5dc0d2ef50625426'),
	('Possimus rerum qui provident laboriosam et tempora distinctio est.', 'Dolorum iste voluptatem qui distinctio. Esse vero incidunt ut veritatis quia facilis. Officia unde labore ipsa.', 1, 60, 939, NULL, '7aab0ffc417d6d0aeec80164c6ea9af45eb1a64a'),
	('Praesentium doloribus laudantium quia est magnam amet labore.', 'Illo quo dolor perspiciatis. Alias placeat maxime odit nihil a modi quia. Non non et voluptates quibusdam aliquam velit molestiae.', 3, 86, 0, NULL, '9a273ae1bb7b409495e7b93a8fbe662b94a50877'),
	('Praesentium et facilis numquam tempora ipsa sapiente libero.', 'Ipsum porro maxime id. Dolorem impedit rerum minima quibusdam omnis et. Minus dolorem assumenda laboriosam beatae quae qui nobis.', 1, 74, 77, NULL, '7e50e0503d00887521ed9b2b1a7272ea5ef233eb'),
	('Praesentium ipsa sit excepturi veniam laudantium qui.', 'In sed porro numquam non optio excepturi cumque autem. Qui a est voluptas rerum est et. Nesciunt mollitia veritatis quia quo consectetur laboriosam cumque.', 1, 29, 943, NULL, '62511d8ac93af1f0678d83855af1d29166e56e75'),
	('Quae qui aliquam id accusamus voluptatem aut.', 'Natus vitae fugiat autem quo quo et. Velit porro reprehenderit voluptas accusantium enim laboriosam et. Similique similique amet dolore modi.', 2, 89, 34, NULL, '736b85dedf26a378dfbb1d78fc5b90ecc449e5b7'),
	('Quaerat eius atque nulla placeat doloremque odit.', 'Molestias earum voluptate eos similique dicta laboriosam animi. Laudantium vitae voluptatem unde est doloremque illum. Ex alias libero sunt veritatis consequuntur. Aut ipsum magni non voluptate reprehenderit quod qui voluptatem.', 3, 1, 59, NULL, '7ab6d1d3009bbca7b1c5d847fd7872dc770e1784'),
	('Quaerat maiores optio ea architecto exercitationem est est dicta qui.', 'Ipsa assumenda iusto quod sit. Reiciendis odit dolorem voluptatem itaque quis. Reprehenderit nihil provident eveniet rerum adipisci sint.', 1, 71, 8, NULL, '4c46044b624a79d06f330848fda4ebe8abfd34a3'),
	('Quaerat minus ipsum rem harum iste aspernatur odit.', 'Debitis corrupti possimus qui. Rerum culpa nisi sit laboriosam iure facilis accusamus. Porro aut quo voluptatem dolorem.', 2, 64, 921600, NULL, '56aa4419459b2ecf0361011734dd6b2a9c33b849'),
	('Quam aut ipsa id eos non.', 'Maxime qui iure alias. Officiis veritatis aut voluptatem ad corporis nesciunt velit. Unde optio ut consequatur vel quis et.', 3, 80, 8546, NULL, '3ea5d426f7d8c6008718139165f7c2185e1b50b6'),
	('Quas et nihil quaerat voluptatem itaque quisquam fugiat dolor occaecati.', 'Ipsam corrupti tempore dolore. Eum reprehenderit et laboriosam. Perferendis nihil incidunt saepe. Ab sit autem culpa aut reprehenderit harum.', 2, 100, 25722789, NULL, '09204c4e5e96bfb9a1776d081cd6096301bacddb'),
	('Quas id repellat dolores temporibus sit libero itaque assumenda.', 'Suscipit architecto amet qui est in. Nam qui voluptatibus est est ullam doloremque. Nobis aut illo harum eum architecto officiis. Rerum praesentium harum ut aut fugiat et facilis voluptatem.', 2, 13, 591397359, NULL, '8603e1ec13f4bb03bce99065faaaef7205a66c7c'),
	('Quasi accusantium magni dolorum voluptates quis itaque nihil numquam adipisci.', 'Sed voluptatem qui hic aut suscipit quidem sunt. Mollitia dolorem quis perferendis voluptatibus quia. Dolor repellat id qui ad doloribus consequuntur dolor ducimus. Pariatur quos quo corporis qui.', 2, 63, 79227, NULL, '2c15ff73f3a93aa251ff7ca04eb3625b01d4bc94'),
	('Quasi molestiae molestiae quas sunt corrupti tempora nihil sint.', 'Voluptas similique perferendis alias aperiam error reiciendis. Libero autem et vero laudantium iusto cupiditate. Omnis aspernatur iste et excepturi.', 1, 42, 394493, NULL, '07a854e4b2f5b7d9f399cb3c5fa1fbd50f6d777c'),
	('Qui ab consequatur dignissimos debitis.', 'Amet ea quo fuga. Autem ipsa necessitatibus voluptas suscipit soluta laborum quia sunt. Minus enim voluptate totam doloribus dicta.', 3, 21, 9661737, NULL, '82954712b58b743bb5019db01b5a5632c63ccb3d'),
	('Qui accusantium qui veniam fugiat qui.', 'Numquam aut autem quia a voluptate. Ipsam et expedita eveniet. Omnis rerum sequi quod non.', 3, 89, 827111221, NULL, '73a1f7d53e39237d061d50d8207ac35700cd1f23'),
	('Qui autem molestiae et distinctio aspernatur.', 'Mollitia sapiente reprehenderit ut ipsa doloremque. Vero voluptatibus molestias numquam tempore suscipit cumque. Rem similique officia quia eius qui repellat dolorum.', 3, 32, 3842504, NULL, '117e7481892e6bb9bfb4bce5541793fd34888653'),
	('Qui blanditiis unde possimus ut laborum est aut.', 'Harum id ea a quas quis quis nam porro. Magnam voluptates amet esse minima ipsam quis reprehenderit. Et atque perferendis neque nulla dignissimos.', 2, 61, 1, NULL, '8f157ca744935aa2027b416bb12514e3fd9ffed6'),
	('Qui doloremque quaerat quas voluptates architecto tempora et.', 'Labore ex esse neque accusantium. Eos dolorem quisquam vitae voluptatum. Optio expedita et porro est quae quos. Possimus minima id explicabo iste.', 2, 54, 65, NULL, '9be9ce37aca7a90e2a0bd518446a84de8649e632'),
	('Qui est in voluptatum praesentium consectetur molestias dolorem nihil corrupti.', 'Impedit voluptatibus tempore ipsa temporibus labore ratione. Quibusdam voluptate vel quia nemo cupiditate accusamus. Cumque id et voluptas nisi.', 2, 16, 904140454, NULL, '76dc48cd5db4c04455780e0526b05a3416c0c04c'),
	('Qui nulla iusto accusantium repellendus nihil quisquam consequatur tenetur.', 'Deleniti ut beatae molestiae est aut velit quia. Dolorem corporis quisquam quasi illum eos accusantium neque. Rerum est nulla est vel.', 2, 24, 746, NULL, '80545224d8845e00c00b84fe74f8c711bfb8d223'),
	('Qui omnis temporibus veritatis illo maiores qui eum repellendus.', 'Quo consequatur in molestias. Sed eos explicabo magnam. Saepe in neque aspernatur dicta alias autem. Ut consequatur autem minus et provident adipisci.', 2, 73, 9, NULL, '441127ea39cf5192385d7a357fb70ee6f6d8f534'),
	('Qui quaerat enim quidem dolor odio accusantium quis minus quod.', 'Veritatis minima iure officiis vitae aspernatur. Debitis veritatis laboriosam dolores facilis quos. Explicabo itaque qui laudantium quia aut fugit.', 2, 65, 868178, NULL, '5f08a4571dc5b2eb0e2a1d974a7a9dfbe7e37073'),
	('Qui quaerat et optio tempora laboriosam provident nam quis.', 'Cupiditate officia et accusamus. Similique adipisci accusantium accusantium et omnis reiciendis. Nihil dolorem iste aperiam asperiores optio. Velit vitae culpa tempora quaerat adipisci laudantium praesentium.', 3, 77, 884307, NULL, '3c5fdb37e64674b0e79afb17813686ec8bb25acb'),
	('Qui qui nemo tempore aut velit consectetur.', 'Placeat aut quae enim eos sint nihil qui voluptatem. Et labore mollitia autem ipsa animi iusto omnis natus. Et voluptatem iure laudantium occaecati maxime et dolorem suscipit. Velit quas est aspernatur ipsam consequatur.', 1, 62, 0, NULL, '0612ac2dd9ba152b977a379e4c03408d5bc50881'),
	('Qui ratione amet dolor cumque incidunt natus consequatur soluta nemo.', 'Vel tempora maxime veritatis debitis dicta enim repellendus. Consequatur aperiam molestias delectus vero odio porro. Quod illo et a quis explicabo dolorem quis.', 1, 59, 91, NULL, '81d948205ece52071c4819a1201232944a6dec01'),
	('Qui repellat odit recusandae iure fugit consequatur quo velit odio.', 'Blanditiis et odit illo ab impedit aut quasi. A voluptas inventore qui fugiat. Ad deserunt earum et beatae.', 2, 90, 54, NULL, '3e939025778d5f0675b63cf19468074d08b8e682'),
	('Qui sint impedit facilis natus.', 'Quaerat fuga minus voluptas est quo dicta. Ut possimus repellat magni et. Ut fugiat tempora officia alias necessitatibus tempore.', 2, 39, 6490, NULL, '21f10f0642d4c7b89f10e5bdb8f58316d5703204'),
	('Qui ut sit minus reiciendis officia facilis.', 'Unde sit quo libero earum. Error est quibusdam quae aut inventore velit. Odit deleniti tenetur doloremque mollitia et laborum delectus aliquam. In ab deserunt aliquam mollitia non sit quisquam.', 2, 20, 87702, NULL, '30bedec1ab6984bad1f7c3373b33099ab0f4ce72'),
	('Quia eligendi qui neque fuga et molestiae et alias suscipit.', 'Ad nihil et ut facilis natus molestias et. Non recusandae esse perspiciatis. Facilis ut architecto aut sed. Enim corporis quis sint est ut vel.', 2, 90, 7, NULL, '8b9fd1b15bcd825397d2643e00cf7510b853cdaa'),
	('Quia facere qui eveniet magnam quo rem recusandae quod distinctio.', 'Error laudantium id maxime et hic. Velit nobis maiores quam ut. Optio voluptatum laborum beatae quibusdam modi molestiae exercitationem quia. Ipsa tempore facere voluptatibus provident recusandae voluptatum qui veniam. Cum dignissimos quis maiores.', 2, 6, 12, NULL, '178742dcdcd6fd2b52c312d23caf8e1bd3e13906'),
	('Quia facere ut eos non quos minima.', 'Porro in iure in et quia. Et quos ut consequuntur dolor. Quae aspernatur dolor qui assumenda vel ullam fuga.', 1, 97, 38, NULL, '225be85975bf3584075122bb9b6cda4061b6271e'),
	('Quia sed consequatur hic repellat vero minima.', 'Et nisi tempore velit quia magni quae qui. Tempore enim excepturi qui sequi ut. Totam adipisci dolor sint et. Magni et sed corrupti possimus quo praesentium eos.', 3, 42, 76, NULL, '932f181671659df66c25bc74e39c51e1ed2e9ca9'),
	('Quia sed culpa neque numquam qui molestiae eius.', 'Consequatur nostrum id ipsa sed optio quia porro. Nihil qui iure minima iure autem. Omnis velit officia qui vitae maiores nam suscipit voluptatem.', 1, 92, 69, NULL, '4288802f037c89e9b0df358af9baf3562b52e35e'),
	('Quibusdam alias accusantium autem nihil fugit necessitatibus voluptatem alias ut.', 'Et aut illo tenetur tempore suscipit. Nemo velit corporis est eligendi quisquam quibusdam ipsam voluptatum. Quaerat dolores similique magnam aperiam qui officiis at. Veniam quidem dolore est illo sit velit.', 2, 92, 96, NULL, '1bb0b04b5fb1c9a6aa9b3803187f71c972425153'),
	('Quibusdam fuga debitis molestiae voluptatem fugit debitis earum.', 'Sit expedita perspiciatis repudiandae reprehenderit vel et mollitia. Neque placeat perspiciatis deserunt deserunt velit natus eum.', 2, 81, 558112823, NULL, '13c10625c3e1f2694831fd152931de41a70bd6a6'),
	('Quibusdam illum animi amet delectus.', 'Dignissimos aut explicabo modi qui. Magni commodi natus numquam numquam quia sequi sint non.', 2, 53, 541877617, NULL, '81790cf8b13679ef1cdf191924adf51b5986ca3f'),
	('Quibusdam modi non ipsam voluptate nisi facere laboriosam voluptatem.', 'Maiores quibusdam magnam voluptate neque sit atque. Ut dolor quisquam provident voluptate quibusdam blanditiis. Ipsa est libero explicabo iusto quas sint quia ipsum.', 2, 61, 60100180, NULL, '1a92cf69e9b6c6f7c860331fef6067559ca777b7'),
	('Quibusdam mollitia in et voluptatem rerum ab qui commodi.', 'In consequatur recusandae tempore libero. Dicta repudiandae totam eos est illum debitis. Eaque voluptate expedita veniam eveniet fugiat modi.', 1, 88, 0, NULL, '22e4d08774c7502920c0d057417f9f05fde73cc7'),
	('Quibusdam quo sint sequi qui aperiam porro et.', 'Rerum similique sint vero eos fugiat odit non voluptatem. Ex quo provident qui non. Veritatis dicta rerum necessitatibus. Autem eveniet vitae reiciendis aut modi molestiae quae. Quo itaque beatae officia nam sapiente earum.', 1, 1, 131612741, NULL, '3191ffad0eac07e81cbac13bc60ad7496add0468'),
	('Quibusdam voluptatibus veniam velit asperiores aut quaerat necessitatibus.', 'Eaque cumque mollitia eum nobis laborum. Officiis veniam ea ullam corporis quos. Ut hic magnam ratione dolorum hic iste et minima.', 2, 81, 515792199, NULL, '056816e77009686afb3e634e9719b49e11ba073f'),
	('Quidem alias sed porro et officiis maxime cumque.', 'Nam aperiam recusandae aut eos. Nesciunt voluptas et harum ut. Fugit dolor omnis ad asperiores et omnis. Est porro illum cum eos.', 3, 95, 91783583, NULL, '4f8d3f515d43eff57e63cab4f1055dbb936ef912'),
	('Quis eaque in recusandae dolorem eveniet nemo assumenda eligendi.', 'Aut facilis culpa quam repellendus tenetur aut. Aut magni facere reiciendis aperiam totam. Aperiam voluptates temporibus ipsum temporibus minima ut cumque. A delectus quaerat officia repudiandae quo. Consectetur culpa et neque placeat et aut quo.', 3, 21, 94, NULL, '8e6d982cc01cb0b6f04dbdee54f4266028dd4ce3'),
	('Quis et omnis tempora minima quos.', 'Quia dolorem reprehenderit ut consequatur. Quo molestias sit repellendus. Quidem recusandae adipisci laborum sint nisi adipisci cum. Id soluta nisi asperiores incidunt.', 3, 75, 410, NULL, '3d848b08e06f72fc484a4a5cbf14113bae7cc703'),
	('Quis ipsam et quasi est rerum.', 'Cumque alias quia asperiores veniam soluta. Neque incidunt impedit eveniet qui est hic. Totam nihil quia accusantium ea. Sed expedita temporibus iure itaque quia debitis hic et. Ut eveniet debitis quas beatae.', 1, 47, 0, NULL, '6cd86854bf03db71cbbaa1eb09d3f8d71911aa81'),
	('Quis minima laborum ad voluptate dolorum omnis.', 'Iure corrupti quidem culpa asperiores fugiat commodi est. Necessitatibus est quod odit sit atque odio. Saepe et qui tempora voluptatem. Voluptas vero sint dolorem doloremque incidunt earum. Quisquam beatae numquam doloribus placeat rem voluptate.', 3, 94, 193186028, NULL, '593a162662cec28d02c1107a96893c33ca75c8e1'),
	('Quis voluptates quas ab aut.', 'Dicta iure voluptas eveniet voluptatem aut ut perferendis accusamus. Voluptas aut eligendi vel distinctio. Beatae quas nobis iure.', 1, 34, 0, NULL, '7a8971de2a8ee48c13413e32bb16fe4cf8afabf1'),
	('Quo consequatur velit dolores ea et tenetur consequatur optio eos.', 'Ut molestias consectetur quis. Tempore natus sit dolorum dolore numquam sed. Ut rerum iure enim veniam non maiores. Magni est quisquam sit.', 2, 6, 146362, NULL, '34d45700515592be1621095205003e78fabb4409'),
	('Quo dolores quia dolor fuga unde.', 'Quia repellat tempore deleniti aperiam. Qui facilis eum voluptatem et cupiditate id ipsam. Sit repudiandae expedita commodi itaque.', 3, 35, 8, NULL, '45b869799b9218dd62a825005d505ad6a1700509'),
	('Quo perferendis ipsam ut sed.', 'Expedita tempore reiciendis debitis. Dignissimos quia nobis nesciunt quo sunt. Aperiam ad dolores maxime voluptas et. Autem magni ut cupiditate placeat molestiae quo.', 3, 96, 9063, NULL, '5cf22b90dc72cbc8b1994798f926671ae630f232'),
	('Quo sapiente qui nulla quod sed asperiores.', 'Et accusantium voluptatum cupiditate facilis veniam perferendis ut provident. Qui voluptatum eius fuga minima voluptas vel qui aspernatur. Enim tempore quibusdam et animi laborum id aut vero.', 1, 19, 7676, NULL, '7b0a5a0e37f04672fe750c1865c85941a7d8a26e'),
	('Quo tempore enim esse molestias doloribus culpa pariatur non.', 'Dolor error deleniti sed qui quod quo quo. Qui nihil et magni animi. Quas earum non occaecati quia sed. Sit et dolorum repellendus ut impedit mollitia quia.', 1, 87, 0, NULL, '598db0d7271006f6f095ad57250738cdc325b784'),
	('Quo ut id repellendus et.', 'Placeat quia repudiandae laboriosam consequuntur similique laudantium et. Aut quisquam voluptatem quas aut ut. Quia cupiditate sed laboriosam alias.', 1, 20, 4, NULL, '8238cd4d36775e11373550a89c1b4cfb18025637'),
	('Quod a cum veritatis quia.', 'Fugit aut in non ut. Quo inventore sit similique quia dolores et id. Ipsum ab est doloribus facere dicta. Qui dolor explicabo minus reiciendis veniam illo. In est sit accusamus.', 2, 68, 32499170, NULL, '80c9f82def1b2ae12c086cb21fe94a8e9c1451cd'),
	('Quod deserunt perferendis id voluptatem optio.', 'Laudantium quod impedit aut consequatur. Iusto et distinctio sapiente ut quisquam consequatur. Quibusdam iusto aut quia voluptatum corrupti. Maxime molestiae numquam dolores praesentium.', 3, 25, 685095, NULL, '89135e886ea29110afd753d26c361414c4672154'),
	('Quod ut consequuntur quia ut inventore similique qui.', 'Et est similique sint quia autem quod est. Tempore nemo eum natus ratione odio architecto. Aut sed accusantium tenetur autem error id libero. Quasi ut minus sunt quod.', 1, 5, 130884757, NULL, '11970ec6d9a01c4dc1caa314ee19ad6a0205e3bd'),
	('Quos quod molestiae perspiciatis similique perferendis sit sit occaecati.', 'Quis iusto magni itaque ut excepturi accusantium repudiandae. Fuga atque omnis dolor. Exercitationem aut eum amet aut quo id vitae provident. Est sunt porro dolorum.', 3, 27, 49602703, NULL, '3d7d048d194bf9c3718d015c7b765c7cffaf0390'),
	('Quos similique neque itaque officiis ipsum rerum.', 'Et quis excepturi exercitationem. Quia est ut voluptates ab occaecati. Sit eum asperiores atque consequatur numquam et. Est voluptatem ea nisi voluptatem.', 2, 66, 689, NULL, '2520f7cd47e32e977bac3d393dd29eb9a5f1e62e'),
	('Ratione deleniti autem dolore rerum.', 'Corporis rerum in cumque et. Ab provident id incidunt architecto dolor distinctio. Et qui corrupti ratione officia inventore cumque eos pariatur. Numquam rerum dicta enim et non at est.', 2, 72, 2189, NULL, '75a8f7d8c5ae519c87bd55218b9f1442b20780a8'),
	('Ratione minus et officiis perspiciatis consequuntur hic.', 'Exercitationem aperiam quia impedit. Ea incidunt quia unde debitis sit fugit. Similique quia sit cumque illum.', 3, 46, 302, NULL, '1fe21f781c2c17544083c0f72344f234ebee7577'),
	('Recusandae eos laborum tempora cupiditate voluptatem omnis commodi quaerat.', 'Qui rerum repellat dolores perferendis sit maiores. Deserunt magnam aut in doloribus aut cumque. Ipsum consequatur et eveniet sapiente. Similique nihil qui quis quaerat molestiae ducimus doloremque.', 3, 62, 401335344, NULL, '9b75d013b27395dc5590c7beb0f6061e567a9501'),
	('Recusandae officiis et molestias exercitationem ut laboriosam.', 'Ut dolor dolor pariatur corporis voluptatem ullam non. Adipisci non recusandae accusamus numquam et maiores.', 2, 37, 718821383, NULL, '6bb655cc47880904f24f10e8811f434aea2900dd'),
	('Reiciendis et iste omnis sequi libero sit tenetur.', 'Voluptatem excepturi omnis aliquam delectus repudiandae maxime architecto. Nam enim architecto voluptas ad reiciendis omnis facere delectus. Exercitationem temporibus incidunt accusantium similique facilis deleniti asperiores aut.', 3, 99, 2, NULL, '0ac5320e86eb53b5ff7147b0776ce0cb12da8f02'),
	('Reiciendis quae sapiente soluta ut deserunt qui velit sed.', 'Aut omnis et sed consequatur error laboriosam. Saepe voluptatum enim fugiat qui harum tenetur. Laborum aspernatur eaque dolor. Sed eum et fugit perspiciatis nobis sed quis consequatur.', 2, 65, 0, NULL, '7295754a61ae53ef76a4e00a7551d87e2b9f002d'),
	('Rem error sed quia accusamus.', 'Est qui repudiandae dolores quibusdam possimus veniam deserunt. Est dolores recusandae dignissimos quam doloremque vel. Id architecto id quo quis reprehenderit.', 2, 20, 367, NULL, '9caac24e24a7690684fd5e473bf70caf66fa0ee1'),
	('Rem itaque nulla sed rerum sequi qui quis quasi.', 'Harum eveniet aliquid facilis sit at consequatur. Aliquid ut earum officiis ratione veniam. Maxime dolorem quis eveniet voluptatum voluptatem odit velit.', 1, 92, 634072681, NULL, '7b3794ffd21405a5f11c2684ecae75d2821e80b0'),
	('Repellat fuga at veniam ipsum laboriosam unde qui ullam vitae.', 'In quis necessitatibus voluptatem facilis praesentium eligendi ut. Laudantium tenetur ut voluptas alias et ut.', 3, 90, 86257979, NULL, '79dd144c6a3cc24151ff6df232a14d40707deabf'),
	('Repellat impedit reprehenderit doloribus vel beatae et tempore.', 'Aperiam voluptas cupiditate et alias quas rerum eos quidem. Veniam cumque sunt alias quibusdam dolore. Voluptatem dolor et aut molestias dolores praesentium in.', 2, 99, 757829817, NULL, '368aef71fb6f8ee1d5bd7cbbd651f604ab05417f'),
	('Repellat vitae dolores error eveniet rem non expedita voluptas omnis.', 'Et et animi eos ducimus. Cum reprehenderit dolor quisquam dolore. Doloribus iure facere voluptas distinctio quo amet et. Suscipit commodi odit enim et impedit exercitationem veritatis.', 1, 49, 384350, NULL, '551808813916c4fe5667aff143b3bf2ce7ed5641'),
	('Repellendus vero optio dolorum inventore culpa.', 'Ut totam autem veniam cupiditate. Recusandae aperiam inventore dignissimos nemo possimus velit deleniti. Officia qui dolorum praesentium.', 1, 78, 3362, NULL, '08dd5cb0e324cf769f4f680f794525a86c151f80'),
	('Reprehenderit architecto quasi ea autem voluptas tempora.', 'Recusandae quod ut reprehenderit. Iste nihil aliquid cumque accusantium dolorem consequuntur amet. Sed sequi natus velit quaerat officiis qui et. Enim aut vero debitis nulla nobis.', 1, 58, 8675301, NULL, '3c23c3734492943ecd0e6a10a148fe136f4b26b7'),
	('Reprehenderit quos itaque architecto et.', 'Voluptas tempore velit est fuga earum quos quis quas. Maiores non excepturi sapiente illo odit itaque. Sapiente corporis aperiam ea quas.', 3, 10, 91, NULL, '5838031fc459b6952a50b50e127277cad71957b6'),
	('Repudiandae corrupti similique et corporis velit est.', 'Autem voluptatem qui provident voluptas odio. Tenetur labore quia dicta. Laboriosam quae ex ut voluptates molestias soluta. Eaque veritatis odit incidunt sed repudiandae molestias. Quaerat dolores quaerat neque vel.', 1, 53, 4, NULL, '0a86fc39f69551e7e229d731ce6ee0eb570d100d'),
	('Rerum corporis quidem repellat laboriosam rerum commodi quidem.', 'Officiis laudantium laudantium consequatur reiciendis non temporibus aut. Nisi iusto est magnam. Earum vero eligendi aut modi ab. Sed unde excepturi iusto velit odio iusto et dolores.', 2, 5, 1391311, NULL, '20d41d2ca2071a42f26f603201f1dceeb804cf2a'),
	('Rerum distinctio iure perferendis molestiae culpa est.', 'Necessitatibus qui ad consequuntur officiis. Tempora consequatur in ut quam odio.', 3, 37, 519, NULL, '57388b6330d6227351784e7dbb4e98dea2133442'),
	('Rerum est autem et rerum porro autem.', 'Exercitationem tempore laborum rerum at quo quibusdam qui. Sapiente recusandae voluptatem quia autem voluptatem rerum. Velit temporibus commodi enim explicabo quibusdam ut officia.', 3, 93, 411, NULL, '8c6626ea40e1c6b6ffcab2a26936e3ab03911723'),
	('Rerum et dolorum repellat hic excepturi eaque omnis.', 'Nam quis iure ad reiciendis. Nobis consequatur explicabo aut aut. Dolor qui expedita rem enim id aut molestias.', 2, 53, 929047870, NULL, '529f4f5569a12b35b1d49474ff6fa65990aca173'),
	('Rerum sed vitae impedit harum iure saepe eum qui.', 'Deleniti rerum explicabo at doloribus inventore nihil consectetur. Aut corrupti fugiat ut qui maiores.', 3, 78, 0, NULL, '8c665cf6b4d4d744ebb359f209b0fbcf666bcbab'),
	('Saepe fugit qui aut cum consequatur et velit.', 'Molestiae expedita ut perferendis error odit quis. Soluta qui laborum esse at quas architecto vero. Ad vero ea est est est quis amet.', 1, 81, 338286860, NULL, '4a8bbad783e9ffff794116846dc537cfcccf8458'),
	('Sapiente molestiae numquam iste illo quidem et hic.', 'Beatae quos et unde est. Repellendus at sed quo maxime. Omnis fugiat est voluptatem voluptatem molestias enim.', 1, 96, 65984, NULL, '7ace0b0b7779946c25fff37b6f137b4490cac88a'),
	('Sapiente officia consequuntur unde occaecati.', 'Et vero neque omnis temporibus reprehenderit quo. Et quasi aliquam cumque hic. Similique dolores voluptatem pariatur debitis ipsam vero cumque.', 2, 78, 980, NULL, '3af313ec1e4fb4622450a64aac43fa2f49fef472'),
	('Sed eos ipsam vitae labore assumenda consequuntur.', 'Aut error et officiis aspernatur. Enim iusto enim odio voluptas sit et accusamus.', 3, 19, 3452, NULL, '04a5c8f464189d0df5c33b46255ff1af9c48878f'),
	('Sed et modi ut quia praesentium at totam.', 'Nobis ipsam recusandae veritatis repellat soluta officia. Quia explicabo est blanditiis asperiores ea deleniti libero. Cum ea id molestiae. Rem voluptates autem nisi provident doloremque.', 3, 99, 58967804, NULL, '75d316fb7541d23d8ac35b92012347fcb6fc6fea'),
	('Sed ipsum nulla consequatur voluptatem rerum voluptatem voluptatibus et.', 'Laborum et assumenda tenetur minus amet commodi. Sequi asperiores ad rerum dolor laborum voluptatem est.', 1, 25, 1, NULL, '81656fa0a2365a0f93a083dc597853fcba2f1128'),
	('Sed repellat eum eligendi sunt commodi sequi et.', 'Aut et cumque magni quos. Voluptatem soluta et nihil eum.', 3, 3, 0, NULL, '72e87802434548775dbebc7525308ef4db7d2a14'),
	('Sed voluptatem numquam ipsam quaerat sapiente similique suscipit.', 'Hic sint eaque placeat placeat praesentium. Quam error in numquam velit et. Sit et aliquid est recusandae impedit rerum libero.', 3, 48, 0, NULL, '0264220e89a3e74280c5d662c30d4d79df93bc7c'),
	('Sequi et earum esse praesentium esse quas.', 'Ipsa aut id ad tempora id unde aliquid reprehenderit. Veniam maiores laboriosam ea est et ipsum. Temporibus accusantium pariatur quis ea distinctio consequatur nesciunt sit.', 1, 73, 1774, NULL, '8f5e6dafc5fafd06e5624583a3109f0a8b4b83e0'),
	('Similique corporis veniam est fugit sunt eveniet consequuntur laboriosam et.', 'Optio qui enim sit voluptatem reiciendis suscipit. Fuga porro voluptate magnam quo. Eum labore dolore quasi sed maxime aut libero. At qui voluptatem eum repellendus consectetur dicta tenetur. Placeat pariatur architecto nisi in veritatis.', 2, 60, 96634, NULL, '64f39ded3445ff6d80ba0b03bc5c0d067494005d'),
	('Similique molestiae veniam amet voluptas repudiandae beatae.', 'Nobis aspernatur id veritatis aliquid et. Aut corrupti sint similique. Excepturi nostrum ut quae.', 1, 67, 429006, NULL, '92ca030c82179294d8f3e4d303fd99516fc65a08'),
	('Similique tempora distinctio sed dignissimos sequi sit sed aut.', 'Autem neque nemo itaque voluptatem. Voluptatem non porro facere deleniti atque qui dolorem. Rerum earum quasi voluptate tenetur.', 1, 78, 364, NULL, '5eb082e28e115a0baaa437de5c01e0b399792e71'),
	('Sint aut illum qui ut.', 'Ut qui quaerat odit eveniet et qui qui. Sed nam aut quia exercitationem. Saepe odio iusto reprehenderit et perferendis non.', 2, 17, 19316613, NULL, '436f53ddc20f76cf3414d8ff64f88fbc91b7aee4'),
	('Sint odit quod est magnam at rem nesciunt sunt.', 'Tempora maiores ut qui eveniet vero quaerat labore. Blanditiis ut quos maxime veniam sit debitis praesentium.', 1, 91, 32, NULL, '1d355f4ba3922fc60bcc58b24c4486f440897e38'),
	('Sint sit quod aut assumenda modi sit corrupti quia amet.', 'Qui quaerat quia vel corrupti culpa inventore. Autem quis eum aut voluptatem.', 1, 100, 78800907, NULL, '0162b1b7aae3b9f3a44f68851c7fe5a189fe8911'),
	('Sit eos dolores ad in officiis quia aut.', 'Amet voluptatum dolorem in explicabo perspiciatis assumenda modi et. Quod iusto eos nobis corrupti quia beatae nobis. Neque possimus qui aperiam libero saepe. Exercitationem alias incidunt natus ex.', 3, 73, 962002, NULL, '358b2705e2b387a3b7b0e3e1cce9018d2d5687a9'),
	('Sit harum sint impedit eos.', 'Ut ipsam sapiente sed quos dolor nihil commodi. Velit quibusdam non sunt consequatur expedita. Vitae molestias dicta placeat sint.', 2, 81, 413631, NULL, '3be7ca5c7c082ae604940469757abf0da3a3ac69'),
	('Sit in impedit quia numquam et repudiandae id illum quibusdam.', 'Enim earum commodi sunt sapiente. Incidunt ut sint dolorum nesciunt. At aperiam et magni qui id qui molestias. Qui dignissimos facilis numquam sapiente consequatur occaecati ut.', 1, 82, 3256586, NULL, '461455d95945f56f434e76ad7a25426a5448dd48'),
	('Sit incidunt qui at occaecati.', 'Voluptatum atque voluptatem corporis dolore placeat. Omnis aperiam impedit tempora explicabo quaerat recusandae. Incidunt et cumque unde quo dolore.', 1, 80, 9798, NULL, '9f44506e4a438f616210ef5416099d4c3d58b197'),
	('Sit iusto necessitatibus unde omnis.', 'Nulla facere quis et nihil ab totam error. Veniam iure enim dolores commodi itaque enim aperiam. Voluptas nostrum nihil doloremque quos. Eveniet magni vel sed at esse dolores est magnam.', 2, 99, 54365, NULL, '958e2f3e3f648c8a2cad1b9a05ff9e048c90f1a4'),
	('Sit modi architecto ut molestiae voluptas.', 'Magnam temporibus consequatur aut autem. Qui unde tempora corrupti nemo quia explicabo. Sit maiores at sunt est sed.', 2, 50, 8357815, NULL, '143342203f3a54d30edcb4f8967ba7ca88526e52'),
	('Sit officiis earum ut excepturi.', 'Alias sed quam modi eligendi labore eum sequi. Omnis excepturi fuga accusamus corrupti. Id ut illum rem placeat omnis ratione fugiat. Eos ut voluptatem ipsa perspiciatis.', 3, 61, 51, NULL, '212b49ab131177e09e5f80d6006788b0dd94a503'),
	('Sit placeat voluptas assumenda qui.', 'Officia optio possimus voluptatem aliquid quia. Dicta dolores deserunt est cum odit. Alias debitis voluptas sed et. Deserunt eligendi suscipit et libero minima repudiandae.', 1, 94, 5152, NULL, '1e9f2a1ed7594d184d06a7d011b527e0f916c65d'),
	('Sit quo rerum molestias ut aut quos.', 'Possimus iure officia et voluptates beatae voluptatum. Ut omnis deserunt consequuntur adipisci enim fugiat. Et maiores at quasi eaque molestiae. Nesciunt necessitatibus explicabo vel consequatur.', 3, 18, 291, NULL, '975d666d18c6a9d0a54b903a73772c2ae325245b'),
	('Sit reiciendis dolorem facilis deserunt eius qui.', 'Qui nesciunt illo dignissimos ut a nostrum. Qui velit et recusandae fuga numquam reprehenderit molestiae. Numquam aut enim sint.', 1, 68, 8, NULL, '701ece387722cfba7e2050f4c03afccd4fd2e451'),
	('Sit repellendus et quidem unde ab reprehenderit.', 'Natus nihil et expedita amet modi a. Quam aspernatur accusamus quia eveniet pariatur in. Consequuntur nam optio sint. Ducimus fugit nihil quae nihil voluptates provident.', 1, 53, 269, NULL, '3676dbd90c906431d2b064c1ce7f45d120d0ebf5'),
	('Soluta voluptatem tenetur natus recusandae qui atque voluptatum.', 'Aliquam error repellat tenetur corporis eos nemo at. Hic modi quia consequatur provident. Laborum sed exercitationem neque quia nam excepturi vero. Inventore voluptas unde dolores voluptatem necessitatibus quos et non.', 3, 80, 66, NULL, '48df18077bbf4ec01daf320eaeda13e9b076aca4'),
	('Sunt cupiditate suscipit optio rerum distinctio consequatur.', 'Modi omnis nihil omnis dolores. Expedita qui quisquam eos quo fuga eveniet.', 3, 58, 91698, NULL, '45c09b4af966fa5971518b8c1bf03e04555e6d72'),
	('Sunt magni id unde dignissimos id ratione consequatur dolor.', 'Molestiae voluptatibus tenetur est harum laborum ut facilis repellendus. Quia minima provident rem vero eaque. Autem distinctio animi aperiam et non autem alias. Minus nihil deserunt vel et sequi amet.', 2, 70, 953, NULL, '51979316359be64371a85e511953e70548d031a3'),
	('Suscipit sed consequatur amet accusamus ut aut minus sed.', 'Provident dolorem voluptas eos consequatur consequuntur. Quo rerum totam incidunt accusamus. At aperiam impedit est nulla.', 2, 13, 906, NULL, '5e3e700ba58f8c7524bd7f40034e3f268d7b5bfb'),
	('Tempore dolorem minus eos corrupti consequatur voluptatem iste officia velit.', 'Est molestiae sed ut non sit. Non laudantium voluptate perspiciatis soluta iusto in sed. Sed accusamus est et eum ut soluta. Provident qui molestiae aut quia dolores aut.', 2, 9, 2, NULL, '4a97cddcc5d2a8f9078a3c46cc18f477b6bbc0b4'),
	('Totam dignissimos sint iste et eum qui.', 'Quidem voluptas dolores nihil dolores. Ex voluptatibus rerum distinctio aut ut suscipit in et. Eum ut optio eos nihil. Exercitationem id enim et labore voluptatem repudiandae recusandae.', 3, 20, 1, NULL, '921965f746e7dfb45c97aae8c8fcdde204add90f'),
	('Totam minima molestiae adipisci et exercitationem odio nostrum sed in.', 'Aut omnis corporis voluptas quia ducimus alias. Omnis in dolores quibusdam labore alias quia. Amet commodi dolores voluptatem autem impedit alias et sint. Consequatur ut aut id a.', 1, 55, 57266, NULL, '0f35f996622aff30e6392b4911b95d8a9a342b1f'),
	('Ullam fuga nesciunt sunt optio qui repellat sed.', 'Libero occaecati non cum quaerat sunt est nihil. Corporis quaerat optio quod consequuntur vel consectetur. Inventore et officia molestias voluptatum.', 3, 94, 352996, NULL, '1dc326b116f22b9083f71a64928f4845bd0b47a0'),
	('Unde autem ducimus est corporis dignissimos.', 'Et maiores enim ab consequuntur reprehenderit. Doloremque accusantium accusantium quia ea qui. Quia harum nihil aut tempora optio dicta est.', 2, 39, 56001706, NULL, '6077b99253bd46fd00061b0a2129df26d88dd6fc'),
	('Unde nihil totam eveniet quo temporibus rem vitae aut et.', 'Cupiditate qui molestias maiores ut sit. Asperiores est qui ullam nisi. Sint illo consequatur accusamus deleniti nesciunt ut quibusdam.', 3, 27, 81833, NULL, '83c6d26657aa9295e3910f24d826f087bc7ef57c'),
	('Unde sed amet libero id minima.', 'Corporis aperiam beatae alias nulla. Officia id qui quos. Ut natus aliquam id facilis quo ut rerum libero. Eos quas repellendus nisi iure.', 1, 92, 674294, NULL, '0bb160b523c00f3ad7500fe4fa3bd0e32e05f73a'),
	('Ut dolore debitis unde ut dicta ratione id quasi.', 'Rerum quia atque commodi vitae ut dicta eum quia. Similique saepe non alias deserunt ut similique. Ut deserunt aut et voluptatem voluptate sit quam.', 2, 87, 14, NULL, '836c47bfeb392a0d855d1744aeb4d41e8702f4eb'),
	('Ut error blanditiis qui expedita ipsa sit.', 'Nihil voluptate consequatur sed similique eum blanditiis. Ea sunt qui ut possimus odio nobis qui. Ex voluptas omnis ut ipsum quos qui. A aut excepturi est nostrum quaerat.', 2, 26, 12, NULL, '01d1532da42ed330f84f9dc691c524db3c2eab92'),
	('Ut et consequuntur deserunt error occaecati consequatur.', 'Rerum doloremque possimus molestiae est omnis dolorem libero. Ad at harum porro. Earum vero voluptatibus in aliquam vitae optio aut. Exercitationem similique recusandae ex et itaque fugiat.', 3, 12, 60633, NULL, '6e7a12f4ece181a3da1ee53bd1d00630a7694589'),
	('Ut et impedit eos enim.', 'Facilis reiciendis omnis consequatur vitae culpa eum in. Omnis corporis quae accusantium neque. Vel velit suscipit quae a asperiores ab aut. Assumenda facere qui optio accusantium mollitia.', 1, 54, 2177836, NULL, '8624ae23ce8aeb7da20410b60e97e9d4823202e7'),
	('Ut fugit voluptatem fuga quod nulla quos delectus.', 'Omnis asperiores inventore maxime vero animi quia. Mollitia aliquam eveniet repudiandae eveniet sed. Et voluptatem repellat error.', 1, 49, 98, NULL, '01684713fd268bce428a763005844db78c3cc19e'),
	('Ut inventore quo aut velit voluptas cum consequatur.', 'Repellat ut dolores velit et exercitationem qui. Incidunt necessitatibus reiciendis soluta qui dolores voluptatem. Recusandae qui eius reiciendis minus.', 2, 6, 46931, NULL, '30f76a0a21951e76f1d2fda06f1f40e466379332'),
	('Ut maiores alias magnam velit eum non in ea.', 'Est magnam aut beatae et ipsam explicabo. Cum ut quae molestiae qui sunt corporis harum tempore. Magni et commodi cumque velit officiis. Occaecati rerum iure quisquam et nobis.', 3, 78, 0, NULL, '7e8034b61fb284e47ad978fd92d56bffbe98bfeb'),
	('Ut maxime sed repellendus dolorem veniam omnis.', 'Provident suscipit atque sunt sit illum atque. Dolores iste odio praesentium a eum. Sed sed dolore corrupti quod qui enim. Qui veritatis in incidunt tenetur vel pariatur ratione sunt.', 3, 78, 93, NULL, '4a307f4581987cb644f0e97fe350a1c3e6135d9e'),
	('Ut nulla occaecati eos est id sequi quam.', 'Blanditiis voluptatibus debitis dolores sint qui itaque. Sit et eum dolorem est quas. Sit distinctio culpa quibusdam molestiae repellat.', 2, 58, 10, NULL, '2952d525cc009f7fa73b8e0745084ef06c1783df'),
	('Ut odio deleniti velit temporibus quia optio.', 'Sed quisquam aut omnis voluptas unde. Dolore ut laborum exercitationem excepturi eaque quam. Quidem aut praesentium dolorem fuga. Quod quas accusantium ut optio nam nostrum velit.', 3, 32, 4, NULL, '09221b47a4073ef51542f3c5e95d6168bd33f969'),
	('Ut voluptatum quaerat tempore nihil quis occaecati id earum doloremque.', 'Ad enim qui consequatur delectus. Consequatur ex suscipit repellendus qui nihil aut. Sequi occaecati nostrum aperiam est nesciunt voluptatibus reiciendis.', 1, 25, 1, NULL, '36ff2db47e59fa21b743f4c3d2525cb1451b1207'),
	('Vel architecto necessitatibus qui quis.', 'Ut et est vel quam praesentium. Earum maxime laudantium officia sed. Voluptatem quidem molestiae eum dicta omnis assumenda.', 2, 14, 156060127, NULL, '83237a81be04911cc849c703727e00e9aea9adeb'),
	('Vel commodi illo eos rerum omnis.', 'Nam ipsum voluptatem sed ut quis repudiandae eum. Perferendis et magni quos et nulla. Sed ipsa voluptas aut necessitatibus.', 2, 30, 669, NULL, '17ed170740441f83f428f29ea3f01a5daf2ff2d9'),
	('Vel quaerat et possimus quasi qui ea eos.', 'Nemo et velit delectus omnis debitis doloribus. Qui dolore quidem dolores ut. Sunt alias accusamus in fugiat.', 3, 50, 715557, NULL, '5cb333740c4e584c0ddc7ad6623a89a840787d01'),
	('Vel ut accusamus praesentium nihil fugit iure.', 'Asperiores veniam qui distinctio temporibus et optio. Molestiae labore tempore optio repudiandae. Ut illum autem odit animi repellat qui quisquam debitis.', 2, 83, 648971236, NULL, '0194ed0d24782428ba4092c2c833a54a8f2d37e3'),
	('Vel velit et fugiat atque consequatur corporis necessitatibus sequi.', 'Ullam debitis velit aut quis doloribus. Occaecati quod voluptas qui voluptas sed totam et. Ad consequatur est placeat cumque.', 1, 22, 0, NULL, '9cdaba58036d361c006d0888bb74e295363fa73c'),
	('Velit corrupti rerum occaecati nesciunt qui inventore sapiente.', 'Beatae aut officiis minima voluptatem animi in. Cum id incidunt quia non. Cupiditate et praesentium sit rerum. Perferendis voluptatem natus recusandae quisquam maiores tempora corporis.', 2, 47, 95, NULL, '68a4f4675742682aed12e47c355ba2ec698587c1'),
	('Velit dolor ut enim harum esse vero ut voluptatum necessitatibus.', 'Et atque adipisci ab quibusdam cupiditate. Officia corrupti magnam nam corporis reiciendis sint placeat blanditiis. Ea ratione id quia dolorum repellat quae eaque. Libero eos dolores harum et in suscipit.', 2, 100, 85310224, NULL, '8914f162bd7b51e9041fc1a4ad2671aa491ab30d'),
	('Velit dolorem et ipsum sit quis soluta.', 'Explicabo tenetur occaecati veniam nemo. Ut neque sapiente minus veritatis. Voluptatibus laborum iste voluptas at cumque incidunt. Ut corrupti veritatis quos et. Eos aut id error voluptatem voluptatum minima.', 1, 6, 424, NULL, '4b2da2cfb6a630f0ced76474b53a4ec77c46fc12'),
	('Velit excepturi sit numquam omnis facere quisquam.', 'Dignissimos tempora nostrum minima officia numquam excepturi commodi. Ut cupiditate eos in nemo quibusdam. Dignissimos omnis aperiam aut aut.', 2, 1, 938850405, NULL, '2aa775fd4bb3d383d1ad7b405464328ddc1e10ad'),
	('Velit odit dolorem soluta est.', 'Asperiores sint asperiores incidunt quas sapiente. Consequatur ut ipsum temporibus. Qui amet recusandae dolor illum cum recusandae officia fugiat. Consequatur velit ea itaque eaque sit.', 2, 80, 3075221, NULL, '487585ea067cc6e2eca9dcf4658dbaa581e7f319'),
	('Velit officia quia culpa molestias.', 'Ut esse natus harum ipsam quidem. Quis labore rerum suscipit. Suscipit distinctio quod voluptas sunt qui. Reprehenderit voluptatem aspernatur exercitationem quo.', 1, 37, 158772, NULL, '54ab7ca25140048d163cfbdaf6eefacf18cf55b9'),
	('Velit quibusdam laudantium quo eius facilis expedita.', 'Sed quos sunt non dolor id voluptate quas. Repellat maiores dolor corporis eos voluptatem quo beatae.', 3, 91, 472, NULL, '0fc8304bf26bf0393a93c47172fdaa3b6f1efa1d'),
	('Velit rerum ullam sunt voluptas.', 'Id eos est sit nulla dicta cupiditate aut perspiciatis. Molestiae quis consequuntur ab reiciendis vitae enim sed veniam. Sunt reiciendis temporibus nesciunt non minima ipsum doloribus.', 3, 15, 0, NULL, '8f558c9b6f3b6fb07025fd4ac72885e043827d97'),
	('Velit ullam consequatur vel facere est quibusdam quo a.', 'Placeat ea eius molestiae quaerat et soluta molestiae. Ut assumenda accusamus exercitationem qui. Quia aut odio voluptas voluptatem laudantium.', 3, 95, 4, NULL, '112dd5f6395e4c3f67226c0ae4bfd02c97126670'),
	('Veniam autem fugit ipsam reprehenderit nostrum.', 'Optio nesciunt commodi voluptas corrupti. Ut natus sunt atque non esse. Qui sed doloribus quia recusandae qui.', 1, 19, 1833322, NULL, '0c3468d2589fe9d56f7c122bd107402136540d1c'),
	('Veritatis eos minima quibusdam sequi id.', 'Est corrupti temporibus dolores vel sed. Ut sed beatae optio eaque in qui. Qui accusamus hic unde eius qui libero ut est. Deleniti et totam quia accusantium quis reprehenderit ipsa. Voluptatem quibusdam rerum expedita tempore quod.', 1, 14, 36, NULL, '0d0c896e30726370a54c89f993b65aaa1c146ebd'),
	('Voluptas est dolores deleniti asperiores qui et et illo.', 'Inventore voluptates est cum. Accusamus aut velit molestiae molestiae debitis nostrum consectetur. Est asperiores tenetur optio earum dolore. Saepe et rerum quidem.', 2, 51, 0, NULL, '45bc77f38f87b97ebb68a62dbde6df33b7b7e9ca'),
	('Voluptas magni necessitatibus suscipit omnis reiciendis consequuntur.', 'Laudantium soluta ea omnis sed harum eveniet similique. Dolore ut aut voluptatem accusantium. Assumenda debitis odio ad iusto. Ea aut ea repellat totam velit optio.', 2, 12, 3, NULL, '626ac7aad96b25533358a275c2ffad24341e21d7'),
	('Voluptas modi tempora cum voluptatibus itaque non dolorum.', 'Odio reprehenderit officia aut. Magni non velit repudiandae amet sint deleniti cupiditate id. Laboriosam quam eius in eligendi aut ut. Tenetur ex et amet. Unde veniam distinctio sequi molestiae iusto accusamus.', 2, 45, 63619651, NULL, '99788475d5f9c0ad994ab58c3cb2351c4dc16943'),
	('Voluptas tempora voluptates quia maiores ratione neque.', 'Impedit ea accusamus eaque non iure possimus dolorem. Nihil sapiente corrupti nihil nobis sapiente voluptatem. Rerum quos fuga numquam est dolores quibusdam.', 1, 41, 539, NULL, '61058471cd4deb56ca7dc27d6392faf3cb0030ea'),
	('Voluptate harum enim architecto et et architecto dolorem.', 'Autem dolores modi qui odio consequatur. Aspernatur mollitia quae vel non iure debitis ut. Non accusantium qui autem exercitationem quam molestias.', 2, 43, 21, NULL, '2345958e6563a8b35f6faa6fcca5b59d45de661b'),
	('Voluptatem ea amet reprehenderit voluptatibus.', 'Architecto nam architecto dignissimos et nulla reiciendis consequatur. Dolores ad quos necessitatibus non quo dolores aut fugiat. Natus et enim neque eveniet rem optio omnis et.', 1, 77, 85944, NULL, '25c0d2d7d8d9f1283e90a13ca35dac4d23630982'),
	('Voluptatem eaque illo modi qui.', 'Beatae dignissimos aut voluptas culpa et neque. Fugiat laborum ullam sed. Amet facilis molestiae enim quas exercitationem molestiae.', 1, 86, 681, NULL, '4bcc95550f1edfb6ee468ae7c252335b1daaf8c4'),
	('Voluptatem eum est labore ut libero delectus est.', 'Natus aut eaque nesciunt adipisci asperiores dolorem laudantium. Rerum et et et officia. Sunt neque reiciendis velit aut accusamus laborum. Perspiciatis vel sed eum delectus ratione ea odit alias. Velit similique fuga eos odio saepe.', 1, 56, 0, NULL, '12084ac9a94badb3d41085a52d4e8adcd0698082'),
	('Voluptatem facilis nam sint impedit aliquam ex eaque nihil eos.', 'Dolore non eligendi aut non omnis. Alias quia sit nisi qui rerum deleniti dolorem. Ut necessitatibus eligendi eos quia. Nulla nam est provident facere dolorum.', 1, 20, 33908535, NULL, '325d381f8f4dbc5de44000bac835a2b8d317efd1'),
	('Voluptatem id deleniti officiis fuga aperiam veniam ut.', 'Quis aut ducimus sunt omnis tempora autem sit. Quisquam fugit voluptates at ad. Omnis iure aut quod facere reiciendis est. Consectetur aut ut veritatis accusamus.', 3, 5, 0, NULL, '2bc72a04269bb0fe2a58e0ceb5ada74c86853196'),
	('Voluptatem modi minima voluptas nisi officiis aspernatur sint.', 'Et error amet nihil rerum excepturi sed. Fugit velit nisi non. Inventore quia quod eius. Tenetur consequatur vitae doloribus iste dolor qui.', 1, 58, 0, NULL, '8f46f99e7fc65b5940477d52d5e29b58f571a519'),
	('Voluptatem quam voluptas assumenda recusandae doloremque.', 'Voluptatem magnam quae sequi repellendus qui molestiae repellat. Placeat accusantium aliquam ut quas vel vel non. Est hic ut dolorem esse omnis.', 3, 3, 91959704, NULL, '97853797861cf925c496bfe9c299c46872e100c2'),
	('Voluptatem sapiente voluptatem dolor ut excepturi expedita.', 'Dolorum optio dolor aperiam ut vel eaque. Dolorum sunt quod qui similique omnis.', 3, 94, 11245, NULL, '4851fac577b750092670b4236f7416d4c4bdab60'),
	('Voluptatem soluta deserunt asperiores quas dolores.', 'Nesciunt fugit ea veritatis est illo. Et magni animi quasi rem eveniet deleniti non.', 2, 99, 980336085, NULL, '0222050792c3e47b7d6324560c4a8d9efdf045df'),
	('Voluptatem voluptatem consequuntur ducimus ad labore quas quo.', 'Facere est non possimus reiciendis illo id labore alias. In et aliquam enim voluptas repudiandae aliquid aut. Qui quis sit voluptatem ut cum provident est.', 3, 82, 808542476, NULL, '189ebe939ee9303edfc424b5a7636a3c1635b285'),
	('Voluptatum assumenda odio omnis corporis occaecati.', 'Aspernatur omnis asperiores magnam consequatur inventore. Temporibus qui et et repellat provident non. Quas repudiandae vel nihil sit.', 1, 60, 6033777, NULL, '0b27181b18998e9dac3e2122a1067d31bbbea1e8'),
	('Voluptatum consequatur neque et esse odio pariatur.', 'Sit iste qui laboriosam id amet. Numquam ipsam et voluptatum inventore rerum. Sed est dolorum ipsum cumque dolor. Sunt odio corporis minus et et accusamus fugit fugit.', 3, 47, 79216216, NULL, '782b32c974ab41bce87ed5be7f0d0430f485039c'),
	('Voluptatum debitis ex minus quaerat ut necessitatibus similique similique est.', 'Ipsum repudiandae assumenda unde dicta. Repudiandae labore molestiae perspiciatis alias id voluptatem occaecati. Sit ea eum animi est atque ut dolorem id.', 2, 73, 9057544, NULL, '397648a8782bf11c0b94031526008d1f57000d16');

INSERT INTO city (name) VALUES
	('Абаза'),('Абакан'),('Абдулино'),('Абинск'),('Агидель'),('Агрыз'),
	('Адыгейск'),('Азнакаево'),('Азов'),('Ак-Довурак'),('Аксай'),('Алагир'),
    ('Алапаевск'),('Алатырь'),('Алдан'),('Алейск'),('Александров'),('Александровск'),
	('Александровск-Сахалинский'),('Алексеевка'),('Алексин'),('Алзамай'),('Алупка'),
	('Алушта'),('Альметьевск'),('Амурск'),('Анадырь'),('Анапа'),('Ангарск'),('Андреаполь'),
	('Анжеро-Судженск'),('Анива'),('Апатиты'),('Апрелевка'),('Апшеронск'),('Арамиль'),
	('Аргун'),('Ардатов'),('Ардон'),('Арзамас'),('Аркадак'),('Армавир'),('Армянск'),
	('Арсеньев'),('Арск'),('Артём'),('Артёмовск'),('Артёмовский'),('Архангельск'),
	('Асбест'),('Асино'),('Астрахань'),('Аткарск'),('Ахтубинск'),('Ачинск'),('Аша'),
	('Бабаево'),('Бабушкин'),('Бавлы'),('Багратионовск'),('Байкальск'),('Баймак'),
	('Бакал'),('Баксан'),('Балабаново'),('Балаково'),('Балахна'),('Балашиха'),('Балашов'),
	('Балей'),('Балтийск'),('Барабинск'),('Барнаул'),('Барыш'),('Батайск'),('Бахчисарай'),
	('Бежецк'),('Белая Калитва'),('Белая Холуница'),('Белгород'),('Белебей'),('Белёв'),
	('Белинский'),('Белово'),('Белогорск'),('Белогорск'),('Белозерск'),('Белокуриха'),
	('Беломорск'),('Белоозёрский'),('Белорецк'),('Белореченск'),('Белоусово'),('Белоярский'),
	('Белый'),('Бердск'),('Березники'),('Берёзовский'),('Берёзовский'),('Беслан'),('Бийск'),
	('Бикин'),('Билибино'),('Биробиджан'),('Бирск'),('Бирюсинск'),('Бирюч'),('Благовещенск'),
	('Благовещенск'),('Благодарный'),('Бобров'),('Богданович'),('Богородицк'),('Богородск'),
	('Боготол'),('Богучар'),('Бодайбо'),('Бокситогорск'),('Болгар'),('Бологое'),('Болотное'),
	('Болохово'),('Болхов'),('Большой Камень'),('Бор'),('Борзя'),('Борисоглебск'),('Боровичи'),
	('Боровск'),('Бородино'),('Братск'),('Бронницы'),('Брянск'),('Бугульма'),('Бугуруслан'),
	('Будённовск'),('Бузулук'),('Буинск'),('Буй'),('Буйнакск'),('Бутурлиновка'),('Валдай'),
	('Валуйки'),('Велиж'),('Великие Луки'),('Великий Новгород'),('Великий Устюг'),('Вельск'),
	('Венёв'),('Верещагино'),('Верея'),('Верхнеуральск'),('Верхний Тагил'),('Верхний Уфалей'),
	('Верхняя Пышма'),('Верхняя Салда'),('Верхняя Тура'),('Верхотурье'),('Верхоянск'),
	('Весьегонск'),('Ветлуга'),('Видное'),('Вилюйск'),('Вилючинск'),('Вихоревка'),('Вичуга'),
	('Владивосток'),('Владикавказ'),('Владимир'),('Волгоград'),('Волгодонск'),('Волгореченск'),
	('Волжск'),('Волжский'),('Вологда'),('Володарск'),('Волоколамск'),('Волосово'),('Волхов'),
	('Волчанск'),('Вольск'),('Воркута'),('Воронеж'),('Ворсма'),('Воскресенск'),('Воткинск'),
	('Всеволожск'),('Вуктыл'),('Выборг'),('Выкса'),('Высоковск'),('Высоцк'),('Вытегра'),
	('Вышний Волочёк'),('Вяземский'),('Вязники'),('Вязьма'),('Вятские Поляны'),('Гаврилов Посад'),
	('Гаврилов-Ям'),('Гагарин'),('Гаджиево'),('Гай'),('Галич'),('Гатчина'),('Гвардейск'),
	('Гдов'),('Геленджик'),('Георгиевск'),('Глазов'),('Голицыно'),('Горбатов'),('Горно-Алтайск'),
	('Горнозаводск'),('Горняк'),('Городец'),('Городище'),('Городовиковск'),('Гороховец'),
	('Горячий Ключ'),('Грайворон'),('Гремячинск'),('Грозный'),('Грязи'),('Грязовец'),('Губаха'),
	('Губкин'),('Губкинский'),('Гудермес'),('Гуково'),('Гулькевичи'),('Гурьевск'),('Гурьевск'),
	('Гусев'),('Гусиноозёрск'),('Гусь-Хрустальный'),('Давлеканово'),('Дагестанские Огни'),
	('Далматово'),('Дальнегорск'),('Дальнереченск'),('Данилов'),('Данков'),('Дегтярск'),('Дедовск'),
	('Демидов'),('Дербент'),('Десногорск'),('Джанкой'),('Дзержинск'),('Дзержинский'),('Дивногорск'),
	('Дигора'),('Димитровград'),('Дмитриев'),('Дмитров'),('Дмитровск'),('Дно'),('Добрянка'),
	('Долгопрудный'),('Долинск'),('Домодедово'),('Донецк'),('Донской'),('Дорогобуж'),('Дрезна'),
	('Дубна'),('Дубовка'),('Дудинка'),('Духовщина'),('Дюртюли'),('Дятьково'),('Евпатория'),
	('Егорьевск'),('Ейск'),('Екатеринбург'),('Елабуга'),('Елец'),('Елизово'),('Ельня'),('Еманжелинск'),
	('Емва'),('Енисейск'),('Ермолино'),('Ершов'),('Ессентуки'),('Ефремов'),('Железноводск'),
	('Железногорск'),('Железногорск'),('Железногорск-Илимский'),('Жердевка'),('Жигулёвск'),
	('Жиздра'),('Жирновск'),('Жуков'),('Жуковка'),('Жуковский'),('Завитинск'),('Заводоуковск'),
	('Заволжск'),('Заволжье'),('Задонск'),('Заинск'),('Закаменск'),('Заозёрный'),('Заозёрск'),
	('Западная Двина'),('Заполярный'),('Зарайск'),('Заречный'),('Заречный'),('Заринск'),
	('Звенигово'),('Звенигород'),('Зверево'),('Зеленогорск'),('Зеленоградск'),('Зеленодольск'),
	('Зеленокумск'),('Зерноград'),('Зея'),('Зима'),('Златоуст'),('Злынка'),('Змеиногорск'),
	('Знаменск'),('Зубцов'),('Зуевка'),('Ивангород'),('Иваново'),('Ивантеевка'),('Ивдель'),
	('Игарка'),('Ижевск'),('Избербаш'),('Изобильный'),('Иланский'),('Инза'),('Иннополис'),('Инсар'),
	('Инта'),('Ипатово'),('Ирбит'),('Иркутск'),('Исилькуль'),('Искитим'),('Истра'),('Ишим'),
	('Ишимбай'),('Йошкар-Ола'),('Кадников'),('Казань'),('Калач'),('Калач-на-Дону'),('Калачинск'),
	('Калининград'),('Калининск'),('Калтан'),('Калуга'),('Калязин'),('Камбарка'),('Каменка'),
	('Каменногорск'),('Каменск-Уральский'),('Каменск-Шахтинский'),('Камень-на-Оби'),('Камешково'),
	('Камызяк'),('Камышин'),('Камышлов'),('Канаш'),('Кандалакша'),('Канск'),('Карабаново'),
	('Карабаш'),('Карабулак'),('Карасук'),('Карачаевск'),('Карачев'),('Каргат'),('Каргополь'),
	('Карпинск'),('Карталы'),('Касимов'),('Касли'),('Каспийск'),('Катав-Ивановск'),('Катайск'),
	('Качканар'),('Кашин'),('Кашира'),('Кедровый'),('Кемерово'),('Кемь'),('Керчь'),('Кизел'),
	('Кизилюрт'),('Кизляр'),('Кимовск'),('Кимры'),('Кингисепп'),('Кинель'),('Кинешма'),('Киреевск'),
	('Киренск'),('Киржач'),('Кириллов'),('Кириши'),('Киров'),('Киров'),('Кировград'),('Кирово-Чепецк'),
	('Кировск'),('Кировск'),('Кирс'),('Кирсанов'),('Киселёвск'),('Кисловодск'),('Клин'),('Клинцы'),
	('Княгинино'),('Ковдор'),('Ковров'),('Ковылкино'),('Когалым'),('Кодинск'),('Козельск'),
	('Козловка'),('Козьмодемьянск'),('Кола'),('Кологрив'),('Коломна'),('Колпашево'),('Кольчугино'),
	('Коммунар'),('Комсомольск'),('Комсомольск-на-Амуре'),('Конаково'),('Кондопога'),('Кондрово'),
	('Константиновск'),('Копейск'),('Кораблино'),('Кореновск'),('Коркино'),('Королёв'),('Короча'),
	('Корсаков'),('Коряжма'),('Костерёво'),('Костомукша'),('Кострома'),('Котельники'),('Котельниково'),
	('Котельнич'),('Котлас'),('Котово'),('Котовск'),('Кохма'),('Красавино'),('Красноармейск'),
	('Красноармейск'),('Красновишерск'),('Красногорск'),('Краснодар'),('Краснозаводск'),
	('Краснознаменск'),('Краснознаменск'),('Краснокаменск'),('Краснокамск'),('Красноперекопск'),
	('Краснослободск'),('Краснослободск'),('Краснотурьинск'),('Красноуральск'),('Красноуфимск'),
	('Красноярск'),('Красный Кут'),('Красный Сулин'),('Красный Холм'),('Кремёнки'),('Кропоткин'),
	('Крымск'),('Кстово'),('Кубинка'),('Кувандык'),('Кувшиново'),('Кудрово'),('Кудымкар'),('Кузнецк'),
	('Куйбышев'),('Кукмор'),('Кулебаки'),('Кумертау'),('Кунгур'),('Купино'),('Курган'),('Курганинск'),
	('Курильск'),('Курлово'),('Куровское'),('Курск'),('Куртамыш'),('Курчалой'),('Курчатов'),('Куса'),
	('Кушва'),('Кызыл'),('Кыштым'),('Кяхта'),('Лабинск'),('Лабытнанги'),('Лагань'),('Ладушкин'),
	('Лаишево'),('Лакинск'),('Лангепас'),('Лахденпохья'),('Лебедянь'),('Лениногорск'),('Ленинск'),
	('Ленинск-Кузнецкий'),('Ленск'),('Лермонтов'),('Лесной'),('Лесозаводск'),('Лесосибирск'),('Ливны'),
	('Ликино-Дулёво'),('Липецк'),('Липки'),('Лиски'),('Лихославль'),('Лобня'),('Лодейное Поле'),
	('Лосино-Петровский'),('Луга'),('Луза'),('Лукоянов'),('Луховицы'),('Лысково'),('Лысьва'),
	('Лыткарино'),('Льгов'),('Любань'),('Люберцы'),('Любим'),('Людиново'),('Лянтор'),('Магадан'),
	('Магас'),('Магнитогорск'),('Майкоп'),('Майский'),('Макаров'),('Макарьев'),('Макушино'),
	('МалаяВишера'),('Малгобек'),('Малмыж'),('Малоархангельск'),('Малоярославец'),('Мамадыш'),
	('Мамоново'),('Мантурово'),('Мариинск'),('Мариинский Посад'),('Маркс'),('Махачкала'),('Мглин'),
	('Мегион'),('Медвежьегорск'),('Медногорск'),('Медынь'),('Межгорье'),('Междуреченск'),('Мезень'),
	('Меленки'),('Мелеуз'),('Менделеевск'),('Мензелинск'),('Мещовск'),('Миасс'),('Микунь'),('Миллерово'),
	('Минеральные Воды'),('Минусинск'),('Миньяр'),('Мирный'),('Мирный'),('Михайлов'),('Михайловка'),
	('Михайловск'),('Михайловск'),('Мичуринск'),('Могоча'),('Можайск'),('Можга'),('Моздок'),('Мончегорск'),
	('Морозовск'),('Моршанск'),('Мосальск'),('Москва'),('Муравленко'),('Мураши'),('Мурино'),('Мурманск'),
	('Муром'),('Мценск'),('Мыски'),('Мытищи'),('Мышкин'),('Набережные Челны'),('Навашино'),('Наволоки'),
	('Надым'),('Назарово'),('Назрань'),('Называевск'),('Нальчик'),('Нариманов'),('Наро-Фоминск'),
	('Нарткала'),('Нарьян-Мар'),('Находка'),('Невель'),('Невельск'),('Невинномысск'),('Невьянск'),
	('Нелидово'),('Неман'),('Нерехта'),('Нерчинск'),('Нерюнгри'),('Нестеров'),('Нефтегорск'),('Нефтекамск'),
	('Нефтекумск'),('Нефтеюганск'),('Нея'),('Нижневартовск'),('Нижнекамск'),('Нижнеудинск'),('Нижние Серги'),
	('Нижний Ломов'),('Нижний Новгород'),('Нижний Тагил'),('Нижняя Салда'),('Нижняя Тура'),('Николаевск'),
	('Николаевск-на-Амуре'),('Никольск'),('Никольск'),('Никольское'),('Новая Ладога'),('Новая Ляля'),
	('Новоалександровск'),('Новоалтайск'),('Новоаннинский'),('Нововоронеж'),('Новодвинск'),('Новозыбков'),
	('Новокубанск'),('Новокузнецк'),('Новокуйбышевск'),('Новомичуринск'),('Новомосковск'),('Новопавловск'),
	('Новоржев'),('Новороссийск'),('Новосибирск'),('Новосиль'),('Новосокольники'),('Новотроицк'),
	('Новоузенск'),('Новоульяновск'),('Новоуральск'),('Новохопёрск'),('Новочебоксарск'),('Новочеркасск'),
	('Новошахтинск'),('Новый Оскол'),('Новый Уренгой'),('Ногинск'),('Нолинск'),('Норильск'),('Ноябрьск'),
	('Нурлат'),('Нытва'),('Нюрба'),('Нягань'),('Нязепетровск'),('Няндома'),('Облучье'),('Обнинск'),
	('Обоянь'),('Обь'),('Одинцово'),('Озёрск'),('Озёры'),('Октябрьск'),('Октябрьский'),('Окуловка'),
    ('Олёкминск'),('Оленегорск'),('Олонец'),('Омск'),('Омутнинск'),('Онега'),('Опочка'),('Орёл'),
	('Оренбург'),('Орехово-Зуево'),('Орлов'),('Орск'),('Оса'),('Осинники'),('Осташков'),('Остров'),
	('Островной'),('Острогожск'),('Отрадное'),('Отрадный'),('Оха'),('Оханск'),('Очёр'),('Павлово'),
	('Павловск'),('Павловский Посад'),('Палласовка'),('Партизанск'),('Певек'),('Пенза'),('Первомайск'),
	('Первоуральск'),('Перевоз'),('Пересвет'),('Переславль-Залесский'),('Пермь'),('Пестово'),('ПетровВал'),
	('Петровск'),('Петровск-Забайкальский'),('Петрозаводск'),('Петропавловск-Камчатский'),('Петухово'),
	('Петушки'),('Печора'),('Печоры'),('Пикалёво'),('Пионерский'),('Питкяранта'),('Плавск'),('Пласт'),
	('Плёс'),('Поворино'),('Подольск'),('Подпорожье'),('Покачи'),('Покров'),('Покровск'),('Полевской'),
	('Полесск'),('Полысаево'),('Полярные Зори'),('Полярный'),('Поронайск'),('Порхов'),('Похвистнево'),
	('Почеп'),('Починок'),('Пошехонье'),('Правдинск'),('Приволжск'),('Приморск'),('Приморск'),
	('Приморско-Ахтарск'),('Приозерск'),('Прокопьевск'),('Пролетарск'),('Протвино'),('Прохладный'),
	('Псков'),('Пугачёв'),('Пудож'),('Пустошка'),('Пучеж'),('Пушкино'),('Пущино'),('Пыталово'),
	('Пыть-Ях'),('Пятигорск'),('Радужный'),('Радужный'),('Райчихинск'),('Раменское'),('Рассказово'),
	('Ревда'),('Реж'),('Реутов'),('Ржев'),('Родники'),('Рославль'),('Россошь'),('Ростов-на-Дону'),
	('Ростов'),('Рошаль'),('Ртищево'),('Рубцовск'),('Рудня'),('Руза'),('Рузаевка'),('Рыбинск'),
	('Рыбное'),('Рыльск'),('Ряжск'),('Рязань'),('Саки'),('Салават'),('Салаир'),('Салехард'),
	('Сальск'),('Самара'),('Санкт-Петербург'),('Саранск'),('Сарапул'),('Саратов'),('Саров'),('Сасово'),
	('Сатка'),('Сафоново'),('Саяногорск'),('Саянск'),('Светлогорск'),('Светлоград'),('Светлый'),
	('Светогорск'),('Свирск'),('Свободный'),('Себеж'),('Севастополь'),('Северо-Курильск'),
	('Северобайкальск'),('Северодвинск'),('Североморск'),('Североуральск'),('Северск'),('Севск'),
	('Сегежа'),('Сельцо'),('Семёнов'),('Семикаракорск'),('Семилуки'),('Сенгилей'),('Серафимович'),
	('Сергач'),('Сергиев Посад'),('Сердобск'),('Серов'),('Серпухов'),('Сертолово'),('Сибай'),('Сим'),
	('Симферополь'),('Сковородино'),('Скопин'),('Славгород'),('Славск'),('Славянск-на-Кубани'),
	('Сланцы'),('Слободской'),('Слюдянка'),('Смоленск'),('Снежинск'),('Снежногорск'),('Собинка'),
	('Советск'),('Советск'),('Советск'),('Советская Гавань'),('Советский'),('Сокол'),('Солигалич'),
	('Соликамск'),('Солнечногорск'),('Соль-Илецк'),('Сольвычегодск'),('Сольцы'),('Сорочинск'),
	('Сорск'),('Сортавала'),('Сосенский'),('Сосновка'),('Сосновоборск'),('Сосновый Бор'),
	('Сосногорск'),('Сочи'),('Спас-Деменск'),('Спас-Клепики'),('Спасск'),('Спасск-Дальний'),
	('Спасск-Рязанский'),('Среднеколымск'),('Среднеуральск'),('Сретенск'),('Ставрополь'),
	('Старая Купавна'),('Старая Русса'),('Старица'),('Стародуб'),('Старый Крым'),('Старый Оскол'),
	('Стерлитамак'),('Стрежевой'),('Строитель'),('Струнино'),('Ступино'),('Суворов'),('Судак'),
	('Суджа'),('Судогда'),('Суздаль'),('Сунжа'),('Суоярви'),('Сураж'),('Сургут'),('Суровикино'),
	('Сурск'),('Сусуман'),('Сухиничи'),('Сухой Лог'),('Сызрань'),('Сыктывкар'),('Сысерть'),
	('Сычёвка'),('Сясьстрой'),('Тавда'),('Таганрог'),('Тайга'),('Тайшет'),('Талдом'),('Талица'),
	('Тамбов'),('Тара'),('Тарко-Сале'),('Таруса'),('Татарск'),('Таштагол'),('Тверь'),('Теберда'),
	('Тейково'),('Темников'),('Темрюк'),('Терек'),('Тетюши'),('Тимашёвск'),('Тихвин'),('Тихорецк'),
	('Тобольск'),('Тогучин'),('Тольятти'),('Томари'),('Томмот'),('Томск'),('Топки'),('Торжок'),
	('Торопец'),('Тосно'),('Тотьма'),('Трёхгорный'),('Троицк'),('Трубчевск'),('Туапсе'),('Туймазы'),
	('Тула'),('Тулун'),('Туран'),('Туринск'),('Тутаев'),('Тында'),('Тырныауз'),('Тюкалинск'),
	('Тюмень'),('Уварово'),('Углегорск'),('Углич'),('Удачный'),('Удомля'),('Ужур'),('Узловая'),
    ('Улан-Удэ'),('Ульяновск'),('Унеча'),('Урай'),('Урень'),('Уржум'),('Урус-Мартан'),('Урюпинск'),
	('Усинск'),('Усмань'),('Усолье-Сибирское'),('Усолье'),('Уссурийск'),('Усть-Джегута'),
	('Усть-Илимск'),('Усть-Катав'),('Усть-Кут'),('Усть-Лабинск'),('Устюжна'),('Уфа'),('Ухта'),
	('Учалы'),('Уяр'),('Фатеж'),('Феодосия'),('Фокино'),('Фокино'),('Фролово'),('Фрязино'),
	('Фурманов'),('Хабаровск'),('Хадыженск'),('Ханты-Мансийск'),('Харабали'),('Харовск'),
	('Хасавюрт'),('Хвалынск'),('Хилок'),('Химки'),('Холм'),('Холмск'),('Хотьково'),('Цивильск'),
	('Цимлянск'),('Циолковский'),('Чадан'),('Чайковский'),('Чапаевск'),('Чаплыгин'),('Чебаркуль'),
	('Чебоксары'),('Чегем'),('Чекалин'),('Челябинск'),('Чердынь'),('Черемхово'),('Черепаново'),
    ('Череповец'),('Черкесск'),('Чёрмоз'),('Черноголовка'),('Черногорск'),('Чернушка'),
	('Черняховск'),('Чехов'),('Чистополь'),('Чита'),('Чкаловск'),('Чудово'),('Чулым'),('Чусовой'),
	('Чухлома'),('Шагонар'),('Шадринск'),('Шали'),('Шарыпово'),('Шарья'),('Шатура'),('Шахты'),
	('Шахунья'),('Шацк'),('Шебекино'),('Шелехов'),('Шенкурск'),('Шилка'),('Шимановск'),
	('Шиханы'),('Шлиссельбург'),('Шумерля'),('Шумиха'),('Шуя'),('Щёкино'),('Щёлкино'),('Щёлково'),
	('Щигры'),('Щучье'),('Электрогорск'),('Электросталь'),('Электроугли'),('Элиста'),('Энгельс'),
	('Эртиль'),('Югорск'),('Южа'),('Южно-Сахалинск'),('Южно-Сухокумск'),('Южноуральск'),('Юрга'),
	('Юрьев-Польский'),('Юрьевец'),('Юрюзань'),('Юхнов'),('Ядрин'),('Якутск'),('Ялта'),
	('Ялуторовск'),('Янаул'),('Яранск'),('Яровое'),('Ярославль'),('Ярцево'),('Ясногорск'),
	('Ясный'),('Яхрома');

SET @i:=0;

INSERT INTO profiles (user_id, last_name, first_name, middle_name, gender, birthday, city_id, photo_id)
SELECT @i:=@i+1 AS user_id, last_name, first_name, middle_name, gender, birthday, city_id, ROUND(RAND()*449 + 1) AS photo_id FROM filldb.get_fullname;

INSERT INTO classifier (code, name, parent_id) VALUES
('2','Естественные науки (естествознание)',NULL),
('20.1','Человек и окружающая среда. Экология человека. Экология в целом',1),
('20.18','Рациональное природопользование. Охрана природы',1),
('20.3','Аномальные явления в окружающей среде. Уфология',1),
('22','Физико-математические науки',1),
('22.1','Математика',5),
('22.1я92','Занимательная математика',5),
('22.14','Алгебра',5),
('22.15','Геометрия',5),
('22.3','Физика',5),
('22.3я92','Занимательная физика',5),
('22.6','Астрономия',5),
('24','Химические науки',1),
('24.я92','Занимательная химия',13),
('24.1','Общая и неорганическая химия',13),
('24.2','Органическая химия',13),
('26','Науки о Земле (геодезия, геофизика, геология и география)',1),
('26.1','Геодезия (наука об определении формы и размеров Земли и об измерениях на местности). Картография (наука о составлении и использовании карт)',17),
('26.23','Метеорология. Погода и ее предсказания',17),
('26.3','Геология (наука о составе, строении и истории земной коры)',17),
('26.8','География',17),
('26.8я6','Географические карты и атласы',17),
('26.8я92','Занимательная география',17),
('26.89(2)','Россия. СССР',17),
('26.89(2-2 Москва)','Москва',17),
('26.89(4)','Европа',17),
('26.89(5)','Азия',17),
('26.89(6)','Африка',17),
('26.89(7)','Америка',17),
('26.89(8)','Австралия и Океания',17),
('26.89(9)','Океаны и моря. Мировой океан',17),
('28','Биологические науки (науки о живой природе)',1),
('28.0','Общая биология',32),
('28.08','Общая экология. Охрана природы, заповедники',32),
('28.1','Палеонтология (наука об ископаемых животных и растениях)',32),
('28.5','Ботаника (наука о растениях)',32),
('28.6','Зоология (наука о животных)',32),
('28.7','Биология человека. Антропология',32),
('3','Техника. Технические науки',NULL),
('30','Техника и технические науки в целом',39),
('30н','Техника безопасности',39),
('30я92','Технические самоделки',39),
('30.11','Черчение',39),
('32','Радиоэлектроника',39),
('32.94','Телевидение',44),
('32.97','Вычислительная техника',44),
('32.973','Компьютеры. Программирование. Языки программирования. Программное обеспечение',44),
('36.99','Кулинария',39),
('37.1я92','Самоделки из дерева',39),
('37.248','Рукоделие (шитье, вышивание, макраме, изделия из природных материалов, бумаги)',39),
('37.279','Домоводство',39),
('37.874','Машинопись',39),
('37.9','Фотокинотехника',39),
('38','Строительство',39),
('39','Транспорт',39),
('39.808','Безопасность и правила дорожного движения',55),
('4','Сельское и лесное хозяйство',NULL),
('43','Лесное хозяйство',57),
('47','Охотничье хозяйство',57),
('48','Ветеринария',57),
('5','Здравоохранение. Медицина',NULL),
('51','Организация здравоохранения. Гигиена. Эпидемиология',61),
('53.51','Лечебное питание. Диетотерапия',61),
('53.54','Лечебная физкультура',61),
('6/8','Общественные и гуманитарные науки',NULL),
('60','Общественные науки в целом',65),
('63','История. Исторические науки',65),
('63.3(0)','Всемирная история',67),
('63.3(0)2','Первобытное общество',67),
('63.3(0)3','Древний мир',67),
('63.3(0)4','Средние века (V в.-1640 г.)',67),
('63.3(0)5','Новая история (1640-1918)',67),
('63.3(0)6','Новейшая история (1918-   )',67),
('63.3(0)61','Период 1918-1939гг.',67),
('63.3(0)62','Период второй мировой войны (1939-1945)',67),
('63.3(0)63','Период 1945-конец 80-х гг.ХХв.',67),
('63.3(0)64','Период с конца 80-х гг.',67),
('63.3(2)','История России и СССР',67),
('63.3(2)л6','Исторические музеи. Исторические памятники и памятные места. Охрана исторических памятников',67),
('63.3(2)4','Период феодализма (IV в.-1861г.)',67),
('63.3(2)5','Период капитализма (1861-1917г.)',67),
('63.3(2)6','Новейшая история (1917-   )',67),
('63.3(2)61','Период от Октябрьской революции до второй мировой войны (октябрь 1917-1939)',67),
('63.3(2)611','Октябрьская революция. Установление Советской власти (октябрь 1917-1918г.)',67),
('63.3(2)62','Период второй мировой и Великой Отечественной войн (1939-1945)',67),
('63.3(2)622','Период Великой Отечественной войны (1941-1945г.)',67),
('63.3(2)622.7','Города-герои',67),
('63.3(2)63','Период после второй мировой войны до распада СССР (1945-дек. 1991г.)',67),
('63.3(2)64','Период с декабря 1991г.',67),
('65','Экономика. Экономические науки',65),
('65.24','Труд',90),
('65.9','Экономика отдельных стран и регионов. Экономика Мирового Океана',90),
('65.9(2Рос)','Экономика Российской Федерации',90),
('66','Политика. Политическая наука',65),
('66.2','Политика и современное политическое положение в целом',94),
('66.3','Внутренняя политика. Внутреннее положение',94),
('66.3 (2Рос)','Внутренняя политика и внутреннее положение Российской Федерации',94),
('66.3 (2Рос)8','Персоналии политических деятелей',94),
('66.4','Внешняя политика. Международные отношения. Дипломатия',94),
('66.4 (2Рос)','Внешняя политика и международные отношения Российской Федерации',94),
('66.6','Политические партии',94),
('66.61 (2)','Коммунистическая партия Советского Союза (КПСС)',94),
('66.69','Политические партии Российской Федерации',94),
('66.7','Общественно- политические организации, движения, союзы',94),
('67','Право. Юридические науки',65),
('67.404','Гражданское и семейное право',105),
('67.405','Трудовое право и право социального обеспечения',105),
('68','Военное дело. Военная наука',65),
('68.49 (2)','Вооруженные Силы России и СССР',108),
('68.8','Военная техника',108),
('70','Культура. Наука. Просвещение (литература общего характера)',NULL),
('71','Культура. Культурология',111),
('72','Наука',111),
('74','Образование. Педагогическая наука',111),
('74.00','Общая педагогика',114),
('74.03','История образования и педагогической мысли',114),
('74.04','Организация образования',114),
('74.05','Непрерывное образование (теория, процесс, система непрерывного образования, неформальное образование, вариативность образования)',114),
('74.1','Дошкольное воспитание. Дошкольная педагогика',114),
('74.2','Общеобразовательная школа. Педагогика школы',114),
('74.200','Теория и методика воспитания',114),
('74.200.51','Нравственное воспитание',121),
('74.200.52','Трудовое воспитание и профессиональная ориентация',121),
('74.200.54','Эстетическое воспитание (можно отражать в отделе «87.8 Эстетика»)',121),
('74.200.55','Физическое воспитание ( можно отражать в отделах: « 75.5 - Игры. Спортивные игры»,    « 74.267.5 – Методика преподавания физической культуры» )',121),
('74.200.58','Внеучебная (внеклассная и внешкольная) воспитательная работа',121),
('74.200.587','Внешкольные учреждения',121),
('74.200.8','Воспитательная работа в летний и зимний периоды',121),
('74.202.8','Проверка и оценка знаний, успеваемость школьников',114),
('74.204.1','Руководство школой (администрация)',114),
('74.204.2','Педагогический коллектив',114),
('74.204.3','Учащиеся (школьное самоуправление)',114),
('74.204.4','Организация учебно-воспитательной работы',114),
('74.204.6','Методическая работа в школе (методические кабинеты, метод. объединения учителей, обобщение и распространение опыта)',114),
('74.205','Связь школы с семьей и общественностью (родительские комитеты, родительские собрания, связи между школами, связь школы с выпускниками)',114),
('74.26','Методика преподавания учебных предметов в общеобразовательной школе',114),
('74.261','Методика преподавания «Ознакомление с окружающим миром»',114),
('74.262.0','Методика преподавания природоведения',114),
('74.262.01','Методика преподавания экологии',138),
('74.262.21','Методика преподавания математики',138),
('74.262.22','Методика преподавания физики',138),
('74.262.26','Методика преподавания астрономии',138),
('74.262.4','Методика преподавания химии',138),
('74.262.6','Методика преподавания географии',138),
('74.262.8','Методика преподавания биологии',138),
('74.263','Методика преподавания труда, общетехнических предметов',114),
('74.263.01','Методика преподавания черчения',146),
('74.263.2','Методика преподавания информатики и вычислительной техники',146),
('74.266','Методика преподавания общественных наук',114),
('74.266.3','Методика преподавания истории',149),
('74.266.5','Методика преподавания экономических знаний',149),
('74.266.7','Методика преподавания основ государства и права',149),
('74.266.8','Методика преподавания основ безопасности жизнедеятельности',149),
('74.267.5','Методика преподавания физической культуры',114),
('74.267.8','Методика преподавания библиотечно-библиографических знаний',114),
('74.268.0','Методика преподавания языков и литературы',114),
('74.268.1','Методика преподавания языков',114),
('74.268.1Англ','Методика преподавания английского языка',114),
('74.268.1Исп','Методика преподавания испанского языка',114),
('74.268.1Итал','Методика преподавания итальянского языка',114),
('74.268.1Нем','Методика преподавания немецкого языка',114),
('74.268.1Рус','Методика преподавания русского языка',114),
('74.268.1Фр','Методика преподавания французского языка',114),
('74.268.3','Методика преподавания литературы',114),
('74.268.4','Методика преподавания риторики',114),
('74.268.5','Методика преподавания искусства',114),
('74.268.53','Методика преподавания музыки и пения',114),
('74.268.7','Методика преподавания философии, этики, этики и психологии семейной жизни, эстетики',114),
('74.268.8','Методика преподавания психологии',114),
('74.27','Дети. Детское движение и организации',114),
('74.27(2)','Дети в СССР. Всесоюзная пионерская организация',114),
('74.3','Специальные школы. Дефектология (коррекционная педагогика)',114),
('74.5','Профессиональное и специальное образование',114),
('74.5я2','Справочники для поступающих',114),
('74.9','Семейное воспитание и образование',114),
('75','Физическая культура и спорт',111),
('75.5','Игры. Спортивные игры',111),
('75.6','Гимнастика',111),
('75.7','Отдельные виды спорта',111),
('75.8','Туризм. Альпинизм',111),
('76','Средства массовой информации. Книжное дело',111),
('77','Досуг и отдых (литература общего характера)',111),
('78','Библиотечное дело. Библиография (библиографические пособия: указатели, списки, обзоры см. 91)',111),
('79','Охрана памятников природы, истории и культуры. Музейное дело. Архивное дело',111),
('80','Филологические науки в целом',NULL),
('81','Языкознание (наука о языке)',185),
('81.2 Рус','Русский язык',186),
('81.2 Рус-4','Русский язык. Словари',186),
('81.2Англ','Английский язык',186),
('81.2Англ-4','Английский язык. Словари',186),
('81.2Исп','Испанский язык',186),
('81.2Исп 4','Испанский язык. Словари',186),
('81.2Итал','Итальянский язык',186),
('81.2Итал 4','Итальянский язык. Словари',186),
('81.2Нем','Немецкий язык',186),
('81.2Нем 4','Немецкий язык. Словари',186),
('81.2Фр','Французский язык',186),
('81.2Фр 4','Французский язык. Словари',186),
('82','Фольклористика (собирание и изучение произведений устного народного творчества)',185),
('83','Литературоведение',185),
('83.3','История и критика мировой литературы и литературы отдельных стран',200),
('83.3я92','Литературные игры и викторины',200),
('83.3 (0)','Мировая литература. История и критика (литература всех или нескольких стран)',200),
('83.3(0)3','Литература древнего мира',200),
('83.3(2)','Литература России и СССР. История и критика',200),
('83.3(2Рос=Рус)','Русская литература ',200),
('83.3(2Рос=Рус)1','Русская литература до 1917г.',200),
('83.3(2Рос=Рус)6','Русская литература ХХв. (1917-   )',200),
('83.3(3)','Литература зарубежных стран. История и критика',200),
('83.7','Ораторское искусство',200),
('84','Художественная литература(произведения). Фольклор (произведения)',185),
('84(0)','Мировая литература (сборники произведений всех или нескольких стран)',211),
('84(0)3','Произведения литературы древнего мира',211),
('84(2)','Произведения литературы России и СССР',211),
('84(2)я92','Литературное творчество детей России и СССР',211),
('84(2Рос=Рус)','Произведения русской литературы',211),
('84(2Рос=Рус)1','Произведения русской литературы до 1917г.',211),
('84(2Рос=Рус)6','Произведения русской литературы ХХв. (1917-   )',211),
('84(3)','Произведения литературы зарубежных стран',211),
('84.2','Фольклор (произведения)',211),
('84.2(0)','Мировой фольклор',211),
('84.2(2Рос=Рус)','Русский фольклор',211),
('84.2(2Рос=Рус)-411','Пословицы и поговорки',211),
('84.2(2Рос=Рус)-412','Загадки',211),
('84.2(2Рос=Рус)-442','Сказки',211),
('84.2(2Рос=Рус)-53','Песенки, прибаутки',211),
('84.2(3)','Фольклор зарубежных стран (типовые деления как в русском фольклоре)',211),
('85','Искусство',185),
('85.1','Изобразительное искусство и архитектура',228),
('85.101','Охрана памятников искусства. Художественные музеи, коллекции, собрания',228),
('85.12','Декоративно-прикладное искусство',228),
('85.3','Музыка и зрелищные искусства',228),
('85.31','Музыка',228),
('85.314','Вокальная музыка',228),
('85.32','Танец',228),
('85.33','Театр',228),
('85.34','Праздники, елки, карнавалы',228),
('85.35','Цирк',228),
('85.36','Эстрада',228),
('85.37','Киноискусство',228),
('85.38','Художественное радиовещание и телевидение',228),
('85.7','Художественная самодеятельность',228),
('86','Религия. Мистика Свободомыслие',185),
('86.2','Религиоведение',243),
('86.3','Отдельные религии',243),
('86.37','Христианство',243),
('86.4','Мистика (магия, гадания, оккультизм)',243),
('86.7','Свободомыслие',243),
('87','Философия. Логика. Этика. Эстетика',185),
('87.3','История философии',249),
('87.4','Логика (наука о законах и формах мышления)',249),
('87.7','Этика (наука о морали, нравственности)',249),
('87.703.7','Нравственные проблемы любви, семьи и секса',249),
('87.774','Культура поведения. Этикет',249),
('87.8','Эстетика (наука о прекрасном, об общих законах художественного творчества)',249),
('88','Психология',185),
('9','Литература универсального содержания',NULL),
('91','Библиографические пособия (указатели, списки, обзоры)',257),
('92','Справочные издания (энциклопедии, словари, справочники, адресные книги, календари и др.)',257),
('94','Серии. Сборники',257),
('95','Журналы',257),
('99.2','Сборники игр, развлечений, самоделок',257);

INSERT INTO business (name) VALUES ('Издательство'), ('Типография');
    
INSERT INTO organization (name, business_id, user_id) VALUES
	('ЭКСМО', 1, ROUND(RAND() * 99 + 1)),
	('АСТ', 1, ROUND(RAND() * 99 + 1)),
	('РОСМЭН', 1, ROUND(RAND() * 99 + 1)),
	('АЛЬФА – КНИГА', 1, ROUND(RAND() * 99 + 1)),
	('ОЛМА – МЕДИА ГРУПП', 1, ROUND(RAND() * 99 + 1)),
	('ЦЕНТРПОЛИГРАФ', 1, ROUND(RAND() * 99 + 1)),
	('АЗБУКА – АТТИКУС', 1, ROUND(RAND() * 99 + 1)),
	('РИПОЛ-КЛАССИК', 1, ROUND(RAND() * 99 + 1)),
	('Риаконсалт', 2, ROUND(RAND() * 99 + 1)),
	('Antalis', 2, ROUND(RAND() * 99 + 1)),
	('McGraver', 2, ROUND(RAND() * 99 + 1)),
	('Альянс Югполиграфиздат', 2, ROUND(RAND() * 99 + 1)),
	('Европапир', 2, ROUND(RAND() * 99 + 1)),
	('Коробка.рус', 2, ROUND(RAND() * 99 + 1)),
	('Второй Вариант', 2, ROUND(RAND() * 99 + 1)),
	('ТалерПринт!', 2, ROUND(RAND() * 99 + 1)),
	('типография PRINTALLOGGI', 2, ROUND(RAND() * 99 + 1)),
	('АРТСТИЛЬ-ПОЛИГРАФИЯ', 2, ROUND(RAND() * 99 + 1)),
	('Глобал Фреш', 2, ROUND(RAND() * 99 + 1)),
	('Дрим Пак', 2, ROUND(RAND() * 99 + 1)),
	('Колорит', 2, ROUND(RAND() * 99 + 1)),
	('КотПринт', 2, ROUND(RAND() * 99 + 1)),
	('Крис', 2, ROUND(RAND() * 99 + 1)),
	('Макси', 2, ROUND(RAND() * 99 + 1)),
	('Мы рядом', 2, ROUND(RAND() * 99 + 1)),
	('Новый взгляд', 2, ROUND(RAND() * 99 + 1));

INSERT INTO cards (title, organization_id, user_id) VALUES
	('Иванов, А.И. Льготы для работников Севера / А.И. Иванов. – М. : Юрид. лит., 1991. – 143 с.', ROUND(RAND() * 8 + 1), ROUND(RAND() * 99 + 1)),
	('Иванов А.И. Льготы для работников Севера / А.И. Иванов. – М. : Юрид. лит., 1991. – 143 с.', ROUND(RAND() * 8 + 1), ROUND(RAND() * 99 + 1)),
	('Степанов, А.И. Структурно-кинематический анализ Патомского прогиба / А.И. Степанов, Г.В. Рязанов. – Новосибирск : Наука, Сиб. отд-ние, 1992. – 88 с.', ROUND(RAND() * 8 + 1), ROUND(RAND() * 99 + 1)),
	('Лагерь, А. Аптека вокруг нас / А. Лагерь, А. Иванов, Л.И. Исаева. – М. : [б.и.], 1992. – 68 с.', ROUND(RAND() * 8 + 1), ROUND(RAND() * 99 + 1)),
	('Театр и мы / А.Б. Сергеев [и др.]. – М. : [б.и.], 1978. –115 с.', ROUND(RAND() * 8 + 1), ROUND(RAND() * 99 + 1)),
	('Петров, А.А. Проблемы экологии города : аналит. исслед. / А.А. Петров, Б.Б. Сидоров ; отв. ред.: С.А. Сергеев, А.Б. Андреев, В.Г. Матвеев ; Акад. трансп. Рос. Федерации, Сев.-Зап. регион. науч. центр, Акад. водохоз. наук, Сев.-Зап. отд-ние. – Изд. 2-е. ‑ М. : Экос, Центр. фил. ; СПб. : Гидрометеоиздат, 2000. – V, 270, [7] с. – (Серия «Экология и региональная экономика») (Новое в науке и технике : обзор. материалы ; вып. 2/3). – Прил. содерж. законодат. и нормат материалы. – Схемы в конце разд. – Библиогр.: с. 266-270.', ROUND(RAND() * 8 + 1), ROUND(RAND() * 99 + 1)),
	('Петров А.А. Проблемы экологии города : аналит. исслед. / А.А. Петров, Б.Б. Сидоров. – Изд. 2-е. — М. : Экос, Центр. фил. ; СПб. : Гидрометеоиздат, 2000. – V, 270, [7] с. – (Серия «Экология и региональная экономика») (Новое в науке и технике : обзор. материалы ; вып. 2/3).', ROUND(RAND() * 8 + 1), ROUND(RAND() * 99 + 1)),
	('Международно-правовое регулирование разрешения трудовых споров : доклад / Ф.Т. Симонян [и др.] ; Моск. гос. юрид. акад. — М. : [б.и.], 2001. — 26 с.', ROUND(RAND() * 8 + 1), ROUND(RAND() * 99 + 1)),
	('Международно-правовое регулирование разрешения трудовых споров : доклад / Ф.Т. Симонян [и др.]. — М., 2001. — 26 с.', ROUND(RAND() * 8 + 1), ROUND(RAND() * 99 + 1)),
	('История русской литературы ХIХ века (вторая половина) / Н.Н. Скатов [и др.] ; ред. Н.Н.Скатов. ‑ 2-е изд., дораб. — М. : Просвещение, 1991. — 511 с. — (Учебное пособие для педагогических институтов).', ROUND(RAND() * 8 + 1), ROUND(RAND() * 99 + 1)),
	('История русской литературы ХIХ века (вторая половина) / Н.Н. Скатов [и др.]. — 2-е изд., дораб. — М. : Просвещение, 1991. ‑ 511 с. — (Учебное пособие для педагогических институтов).', ROUND(RAND() * 8 + 1), ROUND(RAND() * 99 + 1)),
	('Петров, А.А. Проблемы экологии города : аналит. исслед. / А.А. Петров, Б.Б. Сидоров ; отв. ред.: С.А. Сергеев, А.Б. Андреев, В.Г. Матвеев ; Акад. трансп. Рос. Федерации, Сев.-Зап. регион. науч. центр, Акад. водохоз. наук, Сев.-Зап. отд-ние. – Изд. 2-е. ‑ М. : Экос, Центр. фил. ; СПб. : Гидрометеоиздат, 2000. – V, 270, [7] с. ; 22 см.– (Серия «Экология и региональная экономика») (Новое в науке и технике : обзор. материалы ; вып. 2/3). – Библиогр.: с. 266-270. – 500 экз. – ISBN 5-203-12232 : 120 р.', ROUND(RAND() * 8 + 1), ROUND(RAND() * 99 + 1)),
	('Репрезентация верховной власти в средневековом обществе (Центральная, Восточная и Юго-Восточная Европа) : тез. XXII конф. «Славяне и их соседи» / редкол.: Г.Г. Литаврин (отв. ред.) [и др.]. ‑ М. : Индрик, 2004. — 111 с. ‑ В надзаг.: Рос. акад. наук, Ин-т славяноведения, Отд. истории сред. веков.', ROUND(RAND() * 8 + 1), ROUND(RAND() * 99 + 1)),
	('Репрезентация верховной власти в средневековом обществе (Центральная, Восточная и Юго-Восточная Европа) : тез. XXII конф. «Славяне и их соседи» / редкол.: Г.Г. Литаврин (отв. ред.) [и др.]. ‑ М. : Индрик, 2004. — 111 с.', ROUND(RAND() * 8 + 1), ROUND(RAND() * 99 + 1)),
	('Воспитательный процесс в высшей школе России : межвуз. науч.-практ. конф. (Новосибирск, 26–27 апр. 2001 г.) / редкол.: А.Б. Борисов [и др.]. – Новосибирск : НГАВТ, 2001. – 157 с.– В надзаг. : Мэрия г. Новосибирска, Новосиб. обл. отд-ние Междунар. ассоц. по борьбе с наркоманией и наркобизнесом, Новосиб. гос. акад. вод. трансп.', ROUND(RAND() * 8 + 1), ROUND(RAND() * 99 + 1)),
	('Воспитательный процесс в высшей школе России : межвуз. науч.-практ. конф. (Новосибирск, 26–27 апр. 2001 г.) / редкол.: А.Б. Борисов [и др.]. – Новосибирск : НГАВТ, 2001. – 157 с.', ROUND(RAND() * 8 + 1), ROUND(RAND() * 99 + 1)),
	('Международно-правовое регулирование разрешения трудовых споров : доклад / Ф.Т. Симонян [и др.] ; Моск. гос. юрид. акад. ‑ М. : [б.и.], 2001. ‑ 26 с.', ROUND(RAND() * 8 + 1), ROUND(RAND() * 99 + 1)),
	('Международно-правовое регулирование разрешения трудовых споров : доклад / Ф.Т. Симонян [и др.]. ‑ М., 2001. ‑ 26 с.', ROUND(RAND() * 8 + 1), ROUND(RAND() * 99 + 1)),
	('Отбелка сульфатной целлюлозы без молекулярного хлора : материалы к докл. / В.А. Демин [и др.] ; редкол.: Н.П. Юшкин (отв. ред.) [и др.]. – Сыктывкар : СГУ, 1995. ‑ 11 с. ‑ Библиогр.: с. 10.', ROUND(RAND() * 8 + 1), ROUND(RAND() * 99 + 1)),
	('Отбелка сульфатной целлюлозы без молекулярного хлора : материалы к докл. / В.А. Демин [и др]. – Сыктывкар : СГУ, 1995. ‑ 11 с.', ROUND(RAND() * 8 + 1), ROUND(RAND() * 99 + 1)),
	('Оптимизация информационно-библиографического обслуживания ученых и специалистов : сб. науч. тр. / Гос. публич. науч.-техн. б-ка Сиб. отд-ния Рос. акад. наук, Нац. б-ка Респ. Саха (Якутия) ; редкол.: Е.Б. Соболева (отв. ред.) [и др.]. — Новосибирск : ГПНТБ СО РАН, 1998. — 198 с.', ROUND(RAND() * 8 + 1), ROUND(RAND() * 99 + 1)),
	('Оптимизация информационно-библиографического обслуживания ученых и специалистов: сб. науч. тр. / Гос. публич. науч.-техн. б-ка Сиб. отд-ния Рос. акад. наук, Нац. б-ка Респ. Саха (Якутия). — Новосибирск : ГПНТБ СО РАН, 1998. — 198 с.', ROUND(RAND() * 8 + 1), ROUND(RAND() * 99 + 1)),
	('Экология и безопасность : cправочник : в 3 т. / Н.Г. Рыбальский [и др.] ; ред. Н.Г. Рыбальский. — М. : ВНИИПИ, 1992-1993.', ROUND(RAND() * 8 + 1), ROUND(RAND() * 99 + 1)),
	('Экология и безопасность : cправочник : в 3 т. / Н.Г. Рыбальский [и др.]. — М. : ВНИИПИ, 1992-1993. — 3 т. (в 6 ч.).', ROUND(RAND() * 8 + 1), ROUND(RAND() * 99 + 1)),
	('Казьмин, В.Д. Справочник домашнего врача. В 3 ч. Ч. 2. Детские болезни / В. Казьмин. – М. : АСТ : Астрель, 2002. – 503, [1] с.', ROUND(RAND() * 8 + 1), ROUND(RAND() * 99 + 1)),
	('Иванова, О. М. Действие антигельминтиков на микробный и иммунный статус организма животных в регионе озера Байкал : автореф. дис. … канд. ветеринар. наук / О.М. Иванова. – Благовещенск, 2004. — 22 с.', ROUND(RAND() * 8 + 1), ROUND(RAND() * 99 + 1)),
	('Социологическое исследование малых групп населения / В. И. Иванов [и др.] ; М-во образования Рос. Федерации, Финансовая акад. – М., 2002. – 110 с. – Библиогр.: с. 108–109. – Деп. в ВИНИТИ 13.06.02, № 145432.', ROUND(RAND() * 8 + 1), ROUND(RAND() * 99 + 1)),
	('Аппаратура радиоэлектронная бытовая. Входные и выходные параметры и типы соединений. Технические требования : ГОСТ Р 517721–2001. – Введ. 2002–01–01. – М. : Изд-во стандартов, 2001. – IV, 27 с.', ROUND(RAND() * 8 + 1), ROUND(RAND() * 99 + 1)),
	('Приемопередающее устройство : пат. 2187888 Российская Федерация, МПК7 Н 04 В 1/38, Н 04 J 13/00 / В. И. Чугаева ; заявитель и патентообладатель Воронеж. науч.-исслед. ин-т связи. — № 20000131736/09 ; заявл. 18.12.00 ;', ROUND(RAND() * 8 + 1), ROUND(RAND() * 99 + 1)),
	('Одноразовая ракета-носитель : заявка 1095735 Рос. Федерация : МПК7 В 64 G 1/00 / Тернер Э. В. (США) ; заявитель Спейс Системз/Лорал, инк. ; пат. поверенный Г.Б. Егорова. – № 2000108705/28 ; заявл. 07.04.00 ; опубл. 10.03.01, Бюл. № 7 (I ч.) ; приоритет 09.04.99, № 09/289,037 (США)', ROUND(RAND() * 8 + 1), ROUND(RAND() * 99 + 1)),
	('Матюшенко, Н.И. Обобщенная модель морской транспортной системы «Севморпуть» / Н.И. Матюшенко // Эксплуатация морского транспорта. — СПб., 2003. — С. 80-83. — Библиогр.: с. 83.', ROUND(RAND() * 8 + 1), ROUND(RAND() * 99 + 1)),
	('Перов, С.М. Военные поселения царской России / С.М. Перов // Исторический сборник-83. – Волгоград, 1984. – С. 15-23. – В огл. авт.: Петров С.М. – Библиогр.: с. 21-23.', ROUND(RAND() * 8 + 1), ROUND(RAND() * 99 + 1)),
	('Перов С.М. Военные поселения царской России // Исторический сборник-83. – Волгоград, 1984. – С. 15-23. – В огл. авт.: Петров С.М.', ROUND(RAND() * 8 + 1), ROUND(RAND() * 99 + 1)),
	('Симонов, А. Очистка сточных вод: проектирование технических устройств / А. Симонов // VII региональная конференция молодых исследователей Волгоградской области (Волгоград, 12-15 мая 2002 г.) : тез. докл. — Волгоград, 2002. – С. 13-15.', ROUND(RAND() * 8 + 1), ROUND(RAND() * 99 + 1)),
	('Жижимов, О.Л. Принципы построения распределенных информационных систем на основе протокола Z39.50 / О.Л. Жижимов, Н.А. Мазов // Науч.-техн. информ. Сер. 1, Орг. и методика информ. работы. – 2004. — № 11. – С. 12-26.', ROUND(RAND() * 8 + 1), ROUND(RAND() * 99 + 1)),
	('Экология г. Воронежа / B.С. Семенов [и др.] // Вестн. Воронеж. гос. ун-та. Сер. 4, География и геоэкология. – 2000.- № 1. – С. 4-6.', ROUND(RAND() * 8 + 1), ROUND(RAND() * 99 + 1)),
	('Гольдман, В.И. Геодезический мониторинг объектов и сооружений подъездного железнодорожного пути Чара — Чина / В.И. Гольдман // Тр. / Науч.-исслед. ин-т трансп. стр-ва. — 2002. — Вып. 214 : Строительство железных дорог в экстремальных условиях. — С. 38-46. — Библиогр.: с. 46.', ROUND(RAND() * 8 + 1), ROUND(RAND() * 99 + 1)),
	('Гольдман В.И. Геодезический мониторинг объектов и сооружений подъездного железнодорожного пути Чара — Чина // Тр. / Науч.-исслед. ин-т трансп. стр-ва. — 2002. — Вып. 214. — С. 38-46.', ROUND(RAND() * 8 + 1), ROUND(RAND() * 99 + 1)),
	('Баренбаум, И.Е. А. М. Ловягин как историк книги / И. Е. Баренбаум // Книжное дело в России во второй половине XIX–начале ХХ века : сб. науч. тр. / Рос. нац. б-ка. – СПб., 2000. – Вып. 10. – С. 208–219.', ROUND(RAND() * 8 + 1), ROUND(RAND() * 99 + 1)),
	('Баренбаум, И.Е. А. М. Ловягин как историк книги / И. Е. Баренбаум // Книжное дело в России во второй половине XIX–начале ХХ века. – СПб., 2000. – Вып. 10. – С. 208–219.', ROUND(RAND() * 8 + 1), ROUND(RAND() * 99 + 1)),
	('Александров, К. Из истории белого движения / К. Александров // Мир библиогр. – 1998. – № 2. – С. 94–95. – Рец. на кн.: Библиографический справочник высших чинов Добровольческой армии и Вооруженных сил Юга России (материалы к истории белого движения) / Н. Н. Рутыч. — М. : Regnum : Рос. архив, 1997. — 295 с.', ROUND(RAND() * 8 + 1), ROUND(RAND() * 99 + 1)),
	('Зданович, А.А. Свои и чужие – интриги разведки / А.А. Зданович. – М. : ОЛМА-пресс : МассИнформМедиа, 2002. – 317 с.', ROUND(RAND() * 8 + 1), ROUND(RAND() * 99 + 1)),
	('Кочетков, В. Праздник — как повод для разговора : беседа с зам. пред. Президиума Кемер. науч. центра Сиб. отд-ния Рос. акад. наук канд. техн. наук В. Кочетковым и зам. директора Ин-та угля и углехимии Сиб. отд-ния Рос. акад. наук д-ром техн. наук В. Потаповым / В. Кочетков, В. Потапов ; вел Д. Корнилов // Наука в Сибири. — 2000. — № 34/35. — С. 4.', ROUND(RAND() * 8 + 1), ROUND(RAND() * 99 + 1)),
	('Бредихина, Н. А. Студент-первокурсник и маститый ученый : интервью с директором Новосиб. обл. науч. б-ки Н.А. Бредихиной / Н. А. Бредихина ; записал А. Нестеренок // Сов. Сибирь. — 1999. — 30 нояб.', ROUND(RAND() * 8 + 1), ROUND(RAND() * 99 + 1)),
	('Художественная энциклопедия зарубежного классического искусства [Электронный ресурс]. – Электрон. текстовые, граф., зв. дан. и прикладная программа (546 Мб). – М. : Большая Рос. энцикл. [и др.], 1996. – 1 электрон. опт. диск (CD-ROM) : зв., цв. ; 12 см + рук. пользователя (1 л.) + открытка (1 л.). – (Интерактивный мир). – Систем. требования: ПК 486 или выше ; 8 Мб ОЗУ ; Windows 3.1 или Windows 95 ; SVGA 32768 и более цв. ; 640х480 ; 4х CD-ROM дисковод ; 16-бит. зв. карта ; мышь. – Загл. с экрана.', ROUND(RAND() * 8 + 1), ROUND(RAND() * 99 + 1)),
	('Художественная энциклопедия зарубежного классического искусства [Электронный ресурс]. – М. : Большая Рос. энцикл. [и др.], 1996. – 1 электрон. опт. диск (CD-ROM). –Загл. с экрана.', ROUND(RAND() * 8 + 1), ROUND(RAND() * 99 + 1)),
	('Таганцев, Н.С. Русское уголовное право. Тексты. Комментарии. Иллюстрации [Электронный ресурс] / Н.С. Таганцев. — М. : Адепт, 2003. — 1 электрон. опт. диск (CD-ROM). — (Библиотека юриста) (Электронная книга).', ROUND(RAND() * 8 + 1), ROUND(RAND() * 99 + 1)),
	('Программный комплекс доступа к базам данных ГПНТБ СО РАН из Internet [Электронный ресурс] / С.Р. Баженов [и др.] // IV рабочее совещание по электронным публикациям EL-PUB-99 : тез. докл. — Новосибирск, 1999. — Режим доступа : http://www.ist.nsk.su/ws/show_abstract.dhtml?I+25.', ROUND(RAND() * 8 + 1), ROUND(RAND() * 99 + 1)),
	('Жижимов, О.Л. Модель распределенной информационной системы Сибирского отделения РАН на базе протокола Z39.50 [Электронный ресурс] / О.Л. Жижимов, Н.А. Мазов // Электрон. б-ки. — 1999. — Т. 2, вып. 2. — Режим доступа: http://www.iis.ru/events/19990616/zhizhimov.ru.html.', ROUND(RAND() * 8 + 1), ROUND(RAND() * 99 + 1)),
	('Щавелев, А.С. Теория С.М. Соловьева о «родовой власти» в Древней Руси: возможности актуализации [Электронный ресурс] // Материалы международной конференции студентов и аспирантов «Ломоносов-99» : [тез. докл.]. – Режим доступа: http.www.hist/msc.ru (18.01.2005).', ROUND(RAND() * 8 + 1), ROUND(RAND() * 99 + 1)),
	('Казанская, Л.В. Пушкинские мотивы в творчестве Артура Лурье: опыт музыкально-исторического исследования [Электронный ресурс] / Л.В. Казанская // Балт. сезоны : Интернет-альм. – 1999. – № 1. – Режим доступа: http.www.theatre.spb.ru (23.01.2005).', ROUND(RAND() * 8 + 1), ROUND(RAND() * 99 + 1)),
	('Академия здоровья : науч.-попул. газ. о здоровом образе жизни : прил. к журн. «Аквапарк» / учредитель «Фирма «Вивана». – 2001, июнь – . – М., 2001– . – 8 полос. – Еженед. 2001, № 1–24. – 10000 экз. ; 2002, № 1(25)–52(77). – 15000 экз.', ROUND(RAND() * 8 + 1), ROUND(RAND() * 99 + 1)),
	('Актуальные проблемы современной науки : информ.-аналит. журн. / учредитель ООО «Компания «Спутник +». – 2001, июнь – . – М. : Спутник +, 2001– . – Двухмес. – ISSN 1680-2721.', ROUND(RAND() * 8 + 1), ROUND(RAND() * 99 + 1)),
	('Российская Федерация. Гос. Дума (2000– ). Государственная Дума : стеногр. заседаний : бюллетень / Федер. Собр. Рос. Федерации. – М. : ГД РФ, 2000– . – 30 см. – Кн. не сброшюр. № 49 (497) : 11окт. 2000 г. – 2000. – 63 отд. с. – 1400 экз.', ROUND(RAND() * 8 + 1), ROUND(RAND() * 99 + 1));

INSERT INTO keywords (word) VALUES
	('harum'),('nulla'),('quidem'),('dolores'),('voluptates'),('nemo'),('quo'),
	('excepturi'),('non'),('dolor'),('quam'),('ducimus'),('sint'),('ut'),('et'),
	('consequatur'),('voluptatum'),('et'),('aut'),('delectus'),('ut'),
    ('eveniet'),('eum'),('explicabo'),('cupiditate'),('dicta'),('est'),('fuga'),
	('itaque'),('saepe'),('doloribus'),('fugiat'),('culpa'),('earum'),
    ('necessitatibus'),('quis'),('maxime'),('suscipit'),('voluptas'),('autem'),
	('dolor'),('alias'),('et'),('et'),('in'),('est'),('tempora'),('pariatur'),
	('dicta'),('et'),('voluptas'),('aliquam'),('aliquid'),('rem'),('architecto'),
	('autem'),('consectetur'),('non'),('sit'),('sunt'),('neque'),('voluptatem'),
	('et'),('sed'),('quis'),('dolorem'),('veritatis'),('dolor'),('assumenda'),
	('nulla'),('quasi'),('ut'),('amet'),('ex'),('mollitia'),('reprehenderit'),
	('at'),('quia'),('et'),('porro'),('voluptas'),('praesentium'),('optio'),
	('voluptatem'),('et'),('illo'),('neque'),('voluptatum'),('vel'),('voluptatem'),
	('velit'),('fugiat'),('eum'),('odit'),('quod'),('architecto'),('aut'),
	('voluptas'),('amet'),('debitis'),('omnis'),('hic'),('et'),('aliquid'),
	('neque'),('iure'),('assumenda'),('cumque'),('architecto'),('sunt'),
	('nesciunt'),('corporis'),('qui'),('suscipit'),('suscipit'),('iste'),
	('nisi'),('omnis'),('dolorem'),('hic'),('corporis'),('nostrum'),
	('voluptate'),('rem'),('qui'),('saepe'),('impedit'),('repellat'),
	('id'),('corrupti'),('sit'),('laboriosam'),('voluptatem'),('exercitationem'),
	('perferendis'),('quam'),('asperiores'),('explicabo'),('molestiae'),('et'),
	('voluptatibus'),('numquam'),('explicabo'),('nemo'),('nulla'),('nemo'),
	('laborum'),('voluptatibus'),('laboriosam'),('sint'),('et'),('repellat'),
	('hic'),('nihil'),('dolorem'),('quisquam'),('voluptatum'),('repudiandae'),
	('quia'),('autem'),('voluptates'),('voluptatem'),('accusamus'),
	('cupiditate'),('cupiditate'),('aut'),('et'),('qui'),('ipsum'),('quis'),
	('consequuntur'),('ut'),('temporibus'),('iste'),('voluptatem'),('magnam'),
    ('rerum'),('culpa'),('rem'),('architecto'),('mollitia'),('illum'),
    ('consequatur'),('quia'),('et'),('est'),('consequatur'),('rerum'),('cumque'),
    ('pariatur'),('dolorem'),('aperiam'),('natus'),('pariatur'),('non'),('ut'),
    ('asperiores'),('nihil'),('saepe'),('nam'),('aut'),('voluptate'),('labore'),
    ('omnis'),('non'),('voluptate'),('mollitia'),('laborum'),('perspiciatis'),
    ('sint'),('atque'),('et'),('ad'),('itaque'),('aut'),('esse'),('expedita'),
    ('nulla'),('sunt'),('ipsum'),('natus'),('amet'),('qui'),('voluptas'),
    ('quibusdam'),('est'),('sapiente'),('corporis'),('quae'),('cumque'),('et'),
    ('aut'),('quidem'),('aut'),('itaque'),('quidem'),('deleniti'),('sint'),
    ('corporis'),('est'),('quia'),('consectetur'),('modi'),('dolorem'),('nobis'),
    ('voluptatem'),('saepe'),('quidem'),('magni'),('quo'),('aut'),('atque'),
    ('quasi'),('ratione'),('incidunt'),('voluptatem'),('sunt'),('adipisci'),
    ('perspiciatis'),('tempora'),('odio'),('assumenda'),('expedita'),('facilis'),
    ('id'),('et'),('eos'),('dolor'),('nisi'),('rerum'),('non'),('omnis'),
    ('minima'),('non'),('porro'),('aut'),('animi'),('amet'),('tempore'),('non'),
    ('officiis'),('aspernatur'),('nihil'),('quia'),('et'),('ut'),('mollitia'),
    ('nihil'),('pariatur'),('sit'),('aperiam'),('possimus'),('sunt'),
    ('laudantium'),('dolorum'),('nam'),('dolores'),('ducimus'),('non'),
    ('distinctio'),('quia'),('sit'),('reprehenderit'),('tenetur'),('reiciendis'),
    ('et'),('illo'),('omnis'),('eum'),('deleniti'),('eius'),('quia'),
    ('assumenda'),('saepe'),('iure'),('accusantium'),('molestias'),('atque'),
    ('velit'),('rerum'),('ut'),('consectetur'),('voluptate'),('ut'),('in'),
    ('dicta'),('temporibus'),('ut'),('porro'),('ratione'),('sit'),('vitae'),
    ('aut'),('natus'),('quod'),('unde'),('delectus'),('pariatur'),('excepturi'),
    ('rerum'),('dolor'),('expedita'),('accusantium'),('dignissimos'),('vero'),
    ('sunt'),('et'),('commodi'),('sapiente'),('porro'),('ratione'),('sunt'),
    ('ullam'),('ratione'),('impedit'),('consequuntur'),('nesciunt'),
    ('recusandae'),('consequatur'),('porro'),('dolorum'),('sequi'),
    ('consequuntur'),('eum'),('quo'),('nam'),('enim'),('sed'),('et'),('minima'),
    ('quas'),('aperiam'),('qui'),('tempora'),('odit'),('quod'),('eum'),('rerum'),
    ('nostrum'),('eos'),('sed'),('dolor'),('qui'),('omnis'),('non'),
    ('reprehenderit'),('eos'),('et'),('aut'),('ratione'),('eius'),('enim'),
    ('ratione'),('in'),('veniam'),('voluptatem'),('fugiat'),('quia'),('eum'),
    ('error'),('ut'),('hic'),('aut'),('aspernatur'),('eos'),('alias'),('et'),
    ('laborum'),('ea'),('possimus'),('libero'),('cumque'),('dolores'),('ut'),
    ('ut'),('qui'),('eum'),('ullam'),('et'),('vitae'),('molestiae'),('officiis'),
    ('iusto'),('iure'),('illo'),('accusantium'),('tempore'),('voluptas'),
    ('tempora'),('voluptatibus'),('alias'),('iusto'),('tenetur'),('eaque'),
    ('magnam'),('sunt'),('qui'),('ut'),('iure'),('dolores'),('vitae'),
    ('cupiditate'),('corrupti'),('est'),('et'),('atque'),('exercitationem'),
    ('voluptatibus'),('quidem'),('quas'),('id'),('quam'),('et'),('optio'),
    ('sunt'),('placeat'),('id'),('eos'),('exercitationem'),('voluptatem'),
    ('excepturi'),('a'),('omnis'),('ratione'),('ut'),('illum'),('est'),('vitae'),
    ('voluptatibus'),('saepe'),('est'),('quam'),('accusamus'),('iure'),('ad'),
    ('ad'),('sequi'),('voluptatem'),('ut'),('ea'),('dignissimos'),('rerum'),
    ('error'),('quaerat'),('incidunt'),('et'),('architecto'),('voluptatum'),
    ('neque'),('perferendis'),('quas'),('earum'),('debitis'),('repudiandae'),
    ('numquam'),('nobis'),('qui'),('et'),('eos'),('excepturi'),('est'),('a'),
    ('ipsam'),('ea'),('odit'),('voluptatem'),('possimus'),('et'),('voluptatem'),
    ('enim'),('aperiam'),('quis'),('a'),('quidem'),('fugiat'),('aperiam'),
    ('laboriosam'),('quia'),('ullam'),('illum'),('nobis'),('rerum'),('optio'),
    ('expedita'),('aliquid'),('ad'),('qui'),('laborum'),('repellendus'),
    ('tenetur'),('voluptatem'),('laborum'),('harum'),('fuga'),('fugiat'),
    ('nemo'),('aut'),('eveniet'),('nihil'),('at'),('eligendi'),('soluta'),
    ('et'),('praesentium'),('modi'),('et'),('sint'),('repudiandae'),('omnis'),
    ('quasi'),('in'),('veritatis'),('ullam'),('nihil'),('iure'),('optio'),
    ('dolores'),('iusto'),('ipsum'),('quia'),('aliquam'),('quod'),('ea'),
    ('velit'),('debitis'),('sit'),('excepturi'),('iure'),('necessitatibus'),
    ('eligendi'),('blanditiis'),('et'),('tempore'),('repudiandae'),
    ('laudantium'),('facere'),('deleniti'),('explicabo'),('porro'),('ab'),
    ('recusandae'),('est'),('id'),('molestias'),('iste'),('ut'),('placeat'),
    ('repudiandae'),('cumque'),('cum'),('eos'),('natus'),('nesciunt'),('qui'),
    ('aut'),('corporis'),('quae'),('dicta'),('voluptate'),('eveniet'),
    ('dolores'),('dolor'),('suscipit'),('est'),('magnam'),('animi'),('itaque'),
    ('adipisci'),('amet'),('expedita'),('vel'),('voluptate'),('at'),
    ('inventore'),('veritatis'),('ratione'),('ipsa'),('sint'),('sint'),('quam'),
    ('alias'),('quos'),('aut'),('saepe'),('incidunt'),('consectetur'),('in'),
    ('dignissimos'),('voluptatem'),('minima'),('mollitia'),('nisi'),('itaque'),
    ('dolores'),('aliquid'),('nobis'),('excepturi'),('veniam'),('amet'),
    ('aliquid'),('quia'),('dolorem'),('consequatur'),('minima'),('qui'),
    ('maxime'),('dolorum'),('odit'),('eum'),('illo'),('ut'),('omnis'),('ea'),
    ('beatae'),('hic'),('consequatur'),('ipsa'),('qui'),('dolores'),('eveniet'),
    ('quia'),('numquam'),('commodi'),('modi'),('ut'),('repudiandae'),('et'),
    ('unde'),('a'),('reprehenderit'),('accusamus'),('officiis'),('suscipit'),
    ('incidunt'),('iusto'),('nemo'),('voluptas'),('maxime'),('quia'),('sint'),
    ('ut'),('corporis'),('illo'),('maxime'),('rerum'),('laudantium'),
    ('veritatis'),('accusamus'),('est'),('assumenda'),('necessitatibus'),
    ('labore'),('velit'),('velit'),('officiis'),('eaque'),('voluptatum'),
    ('repellendus'),('velit'),('temporibus'),('qui'),('et'),('esse'),('id'),
    ('voluptatibus'),('placeat'),('numquam'),('eum'),('omnis'),('vero'),('nisi'),
    ('nihil'),('porro'),('esse'),('a'),('labore'),('ducimus'),('illum'),('et'),
    ('consequatur'),('aut'),('sunt'),('temporibus'),('aut'),('deserunt'),
    ('voluptas'),('saepe'),('voluptas'),('est'),('rerum'),('perspiciatis'),
    ('dolores'),('vero'),('labore'),('explicabo'),('facere'),('ipsa'),('earum'),
    ('minima'),('voluptatem'),('fugiat'),('est'),('dolor'),('quaerat'),('et'),
    ('exercitationem'),('ad'),('temporibus'),('rerum'),('debitis'),
    ('praesentium'),('eos'),('nam'),('fugit'),('vero'),('autem'),('repellat'),
    ('qui'),('temporibus'),('cumque'),('ullam'),('sed'),('qui'),('illo'),
    ('consequuntur'),('non'),('vel'),('quibusdam'),('eos'),('consequatur'),
    ('natus'),('ut'),('deleniti'),('eveniet'),('et'),('optio'),('est'),
    ('voluptas'),('rerum'),('facilis'),('necessitatibus'),('voluptatum'),
    ('voluptatem'),('quasi'),('et'),('sed'),('alias'),('et'),('quaerat'),
    ('illo'),('velit'),('corrupti'),('pariatur'),('consequatur'),('sed'),('et'),
    ('autem'),('aut'),('eligendi'),('nobis'),('ea'),('unde'),('in'),('qui'),
    ('voluptatem'),('deserunt'),('nihil'),('odit'),('laboriosam'),('amet'),
    ('aut'),('odit'),('consequatur'),('molestias'),('labore'),('ipsam'),
    ('nobis'),('assumenda'),('sunt'),('veritatis'),('dolor'),('nisi'),('sit'),
    ('autem'),('ipsum'),('dolores'),('optio'),('tempore'),('dolorum'),
    ('recusandae'),('sed'),('culpa'),('voluptas'),('nisi'),('similique'),
    ('nobis'),('culpa'),('incidunt'),('repellendus'),('omnis'),('dolorum'),
    ('placeat'),('voluptas'),('accusantium'),('qui'),('cupiditate'),
    ('blanditiis'),('ut'),('rerum'),('odio'),('ex'),('in'),('rem'),('nulla'),
    ('temporibus'),('sint'),('rerum'),('sapiente'),('error'),('incidunt'),
    ('eaque'),('sint'),('et'),('distinctio'),('unde'),('culpa'),('harum'),
    ('sed'),('eius'),('quis'),('consequatur'),('voluptate'),('vel'),('ut'),
    ('laborum'),('voluptate'),('et'),('consequatur'),('qui'),('natus'),
    ('nesciunt'),('et'),('ipsam'),('veniam'),('natus'),('tenetur'),('porro'),
    ('qui'),('quia'),('qui'),('voluptatem'),('blanditiis'),('ipsa'),('rerum'),
    ('quasi'),('quas'),('ex'),('vero'),('aut'),('sit'),('voluptas'),('iusto'),
    ('est'),('voluptatem'),('iure'),('eveniet'),('quidem'),('omnis'),('omnis'),
    ('ipsam'),('impedit'),('qui'),('omnis'),('voluptas'),('quibusdam'),('eum'),
    ('rem'),('laborum'),('et'),('est'),('repellendus'),('quo'),('modi'),
    ('debitis'),('reiciendis'),('et'),('vitae'),('atque'),('est'),('quo'),
    ('consequuntur'),('modi'),('excepturi'),('debitis'),('alias'),('est'),('id'),
    ('facilis'),('totam'),('eum'),('voluptates'),('doloribus'),('sed'),('nihil'),
    ('molestias'),('in'),('dolores'),('sed'),('voluptatem'),('vero'),('dolores'),
    ('sed'),('veritatis'),('architecto'),('doloremque'),('ut'),('dolore'),
    ('sint'),('fugit'),('aut'),('illo'),('voluptatum'),('dolor'),('similique'),
    ('qui'),('fugit'),('corrupti'),('velit'),('quia'),('veritatis'),('commodi'),
    ('incidunt'),('qui'),('dolorem'),('culpa'),('aspernatur'),('delectus'),
    ('unde'),('perspiciatis'),('in'),('omnis'),('labore'),('odit'),('repellat'),
    ('doloremque'),('laudantium'),('recusandae'),('qui'),('non'),('magnam'),
    ('maxime'),('aliquam'),('commodi'),('eius'),('dicta'),('atque'),('commodi'),
    ('maiores'),('ipsam'),('dolor');

INSERT INTO card_keywords (card_id, keyword_id) VALUES
	('5','77'),('28','63'),('18','8'),('17','97'),('41','11'),('19','58'),
    ('47','97'),('38','10'),('33','44'),('54','76'),('22','43'),('27','15'),
    ('16','35'),('47','8'),('1','23'),('49','6'),('38','1'),('36','73'),
    ('2','89'),('35','100'),('45','49'),('41','73'),('34','92'),('28','59'),
    ('40','58'),('14','62'),('22','44'),('16','92'),('50','79'),('21','79'),
    ('1','7'),('44','22'),('48','68'),('52','50'),('42','46'),('2','88'),
    ('22','52'),('36','80'),('36','18'),('26','17'),('24','75'),('6','100'),
    ('46','29'),('32','80'),('21','51'),('47','19'),('43','66'),('31','43'),
    ('48','42'),('52','33'),('14','97'),('19','40'),('47','96'),('16','80'),
    ('52','13'),('24','98'),('7','13'),('31','90'),('50','78'),('31','6'),
    ('33','84'),('5','80'),('33','89'),('38','5'),('37','50'),('21','5'),
    ('10','55'),('33','3'),('50','83'),('12','9'),('5','13'),('27','33'),
    ('34','97'),('44','80'),('35','55'),('46','90'),('20','2'),('16','4'),
    ('23','69'),('16','60'),('5','90'),('12','91'),('52','52'),('22','68'),
    ('21','55'),('30','29'),('35','96'),('50','94'),('47','99'),('36','10'),
    ('47','6'),('28','85'),('23','75'),('33','31'),('23','77'),('49','21'),
    ('42','78'),('13','92'),('2','62'),('10','39'),('19','5'),('50','17'),
    ('21','45'),('20','15'),('32','47'),('46','36'),('1','13'),('20','35'),
    ('52','64'),('35','94'),('15','25'),('32','42'),('17','59'),('21','21'),
    ('3','63'),('25','4'),('45','16'),('5','47'),('50','32'),('47','83'),
    ('51','65'),('31','13'),('24','84'),('21','42'),('14','70'),('28','52'),
    ('47','35'),('50','84'),('32','1'),('33','4'),('3','42'),('47','38'),
    ('7','49'),('15','70'),('39','42'),('18','54'),('18','35'),('29','7'),
    ('38','47'),('9','33'),('53','26'),('25','76'),('36','47'),('54','15'),
    ('22','64'),('30','48'),('13','48'),('26','23'),('28','70'),('52','61'),
    ('10','11'),('23','26'),('13','93'),('10','95'),('20','89'),('14','60'),
    ('25','9'),('12','60'),('38','83'),('32','71'),('19','16'),('10','43'),
    ('3','26'),('18','64'),('39','33'),('5','7'),('35','53'),('46','16'),
    ('30','82'),('4','72'),('1','21'),('14','69'),('33','57'),('1','59'),
    ('45','82'),('5','99'),('54','7'),('3','47'),('53','35'),('45','48'),
    ('50','85'),('21','68'),('47','62'),('48','14'),('8','14'),('34','81'),
    ('2','73'),('46','69'),('9','100'),('24','19'),('46','40'),('39','76'),
    ('19','4'),('40','43'),('38','6'),('9','87'),('26','21'),('33','17'),
    ('31','37'),('40','55'),('25','2'),('54','99'),('8','65'),('24','63'),
    ('26','26'),('15','68'),('28','15'),('5','31'),('21','64'),('6','73'),
    ('48','55'),('49','89'),('4','24'),('2','71'),('1','100'),('35','64'),
    ('11','58'),('46','98'),('11','72'),('18','77'),('38','30'),('6','75'),
    ('25','12'),('53','52'),('33','72'),('32','35'),('26','14'),('10','92'),
    ('28','84'),('40','46'),('43','35'),('24','83'),('1','54'),('26','82'),
    ('33','48'),('20','5'),('1','74'),('21','48'),('45','63'),('31','70'),
    ('37','5'),('17','34'),('13','91'),('5','10'),('31','49'),('19','38'),
    ('29','33'),('20','31'),('15','65'),('30','34'),('16','57'),('40','6'),
    ('35','57'),('10','59'),('23','38'),('16','14'),('18','24'),('54','13'),
    ('29','83'),('53','84'),('13','9'),('15','53'),('16','11'),('20','60'),
    ('51','34'),('3','86'),('9','94'),('46','31'),('3','45'),('16','28'),
    ('34','61'),('17','93'),('45','31'),('8','38'),('29','93'),('51','40'),
    ('4','36'),('34','69'),('29','98'),('51','89'),('3','33'),('24','27'),
    ('28','54'),('2','18'),('52','38'),('7','69'),('23','62'),('23','76'),
    ('52','92'),('50','26'),('54','44'),('41','79'),('19','34'),('19','55'),
    ('43','74'),('29','64'),('37','30'),('48','71'),('1','79'),('23','47'),
    ('12','30'),('40','42'),('30','30'),('23','46'),('7','99'),('37','23'),
    ('26','44'),('32','62'),('49','44'),('1','64'),('15','69'),('29','10'),
    ('23','100'),('43','95'),('37','49'),('29','47'),('39','46'),('52','22'),
    ('36','50');
 
INSERT INTO classifier_cards (classifier_id, card_id) VALUES 
	(208,1),(255,2),(175,3),(128,4),(86,5),(92,6),(132,7),(37,8),(74,9),(24,10),
    (77,11),(122,12),(239,13),(154,14),(180,15),(32,16),(193,17),(197,18),
    (217,19),(174,20),(85,21),(108,22),(101,23),(259,24),(158,25),(187,26),
    (22,27),(88,28),(144,29),(145,30),(87,31),(125,32),(69,33),(58,34),(67,35),
    (68,36),(164,37),(159,38),(214,39),(52,40),(258,41),(104,42),(52,43),
    (101,44),(55,45),(98,46),(207,47),(91,48),(84,49),(28,50),(50,51),
    (199,52),(116,53),(41,54);

INSERT INTO card_ciphers (card_id, cipher) VALUES
	(34,133354),(38,478452),(17,914934),(43,974539),(44,471251),(40,419928),
    (14,403103),(22,804086),(49,951427),(33,281747),(16,735002),(43,962475),
    (39,835465),(23,707747),(15,620297),(23,378828),(45,605432),(34,728770),
    (48,944884),(42,687155),(16,471864),(28,645556),(10,900486),(44,249888),
    (26,989261),(12,516490),(26,131263),(38,923751),(7,973025),(2,699505),
    (4,846269),(42,573062),(12,907746),(5,780810),(46,498073),(12,211519),
    (45,325393),(43,870982),(47,816965),(21,808436),(12,746273),(28,432479),
    (42,535512),(52,933871),(29,283081),(16,673973),(40,276354),(1,281738),
    (9,955343),(42,700170),(37,458614),(23,326763),(25,734056),(39,390644),
    (40,584522),(15,166650),(15,828955),(11,936371),(5,280246),(54,334456),
    (16,478238),(39,251833),(31,909404),(2,658566),(41,216080),(40,644520),
    (30,681449),(22,483131),(7,660580),(50,135370),(12,285049),(28,237438),
    (48,596941),(25,674942),(37,990510),(53,591609),(6,815003),(18,346940),
    (17,854826),(52,969078),(19,609981),(28,703769),(26,704226),(6,594053),
    (23,412377),(51,915785),(34,383089),(18,484975),(50,767101),(2,208453),
    (22,870933),(13,876939),(21,843338),(48,905618),(14,954850),(27,918507),
    (1,542453),(29,507880),(7,144654),(30,375391); 

INSERT INTO publication_type (name) VALUES 
	('Рукопись'),('Книга'),('Ноты'),('Электронная публикация'),('Монография'),
    ('Сборник статей'),('Учебное пособие'),('Словарь или справочник'),
    ('Брошюра'),('Методические указания'),('Комментарии к закону');

INSERT INTO personalities (last_name, first_name, middle_name, birthday, deathday, biography)
SELECT 
	last_name, first_name, middle_name, 
	DATE_SUB(birthday,INTERVAL ROUND(RAND()*25000 + 9000) DAY) AS birthday, 
    birthday AS deathday, 
    'Lorem ipsum dolor sit amet, consectetur adipiscing elit, sed do eiusmod tempor incididunt ut labore et dolore magna aliqua. Ut enim ad minim veniam, quis nostrud exercitation ullamco laboris nisi ut aliquip ex ea commodo consequat. Duis aute irure dolor in reprehenderit in voluptate velit esse cillum dolore eu fugiat nulla pariatur. Excepteur sint occaecat cupidatat non proident, sunt in culpa qui officia deserunt mollit anim id est laborum.' AS biography 
FROM filldb.get_fullname;

INSERT INTO publications (card_id, publication_type_id, circumstances) VALUES
	(1,6,'The first question of course was, how to speak with. Alice waited patiently until it chose to speak good English); \'now I\'m opening out like the tone of great relief. \'Call the first figure!\' said.'),
    (2,10,'Panther took pie-crust, and gravy, and meat, While the Duchess to play croquet.\' Then they all spoke at once, and ran the faster, while more and more puzzled, but she ran with all her coaxing..'),
    (3,10,'So she set to work throwing everything within her reach at the stick, and tumbled head over heels in its sleep \'Twinkle, twinkle, twinkle, twinkle--\' and went on in a moment: she looked up, and.'),
    (4,4,'I THINK I can creep under the circumstances. There was a dispute going on rather better now,\' she added in a large cat which was immediately suppressed by the soldiers, who of course was, how to.'),
    (5,6,'Heads below!\' (a loud crash)--\'Now, who did that?--It was Bill, I fancy--Who\'s to go after that savage Queen: so she felt unhappy. \'It was a general clapping of hands at this: it was sneezing on the.'),
    (6,8,'I used to call him Tortoise--\' \'Why did you manage to do such a thing before, and behind them a new pair of white kid gloves: she took courage, and went by without noticing her. Then followed the.'),
    (7,9,'Alice was a sound of many footsteps, and Alice was not much like keeping so close to her: first, because the Duchess asked, with another dig of her knowledge. \'Just think of nothing better to say.'),
    (8,8,'Queen. \'Sentence first--verdict afterwards.\' \'Stuff and nonsense!\' said Alice in a day did you do either!\' And the moral of that is--\"Be what you were all writing very busily on slates. \'What are.'),
    (9,9,'I get SOMEWHERE,\' Alice added as an explanation; \'I\'ve none of my life.\' \'You are old,\' said the Hatter: \'let\'s all move one place on.\' He moved on as he fumbled over the list, feeling very glad to.'),
    (10,2,'The Panther took pie-crust, and gravy, and meat, While the Owl and the Dormouse shook its head impatiently, and said, \'It was the fan and the other end of the lefthand bit of mushroom, and her face.'),
    (11,11,'Alice crouched down among the people that walk with their heads!\' and the White Rabbit blew three blasts on the look-out for serpents night and day! Why, I haven\'t had a consultation about this, and.'),
    (12,11,'Tarts? The King looked anxiously over his shoulder as he fumbled over the wig, (look at the bottom of a candle is blown out, for she was coming to, but it was indeed: she was ever to get us dry.'),
    (13,10,'Dormouse. \'Fourteenth of March, I think that will be much the same thing as \"I get what I used to know. Let me see: I\'ll give them a new kind of rule, \'and vinegar that makes people hot-tempered,\'.'),
    (14,11,'Said the mouse doesn\'t get out.\" Only I don\'t believe there\'s an atom of meaning in it, \'and what is the same size: to be a book written about me, that there was mouth enough for it was perfectly.'),
    (15,1,'They had a consultation about this, and Alice looked all round the table, but it all came different!\' the Mock Turtle, and said to herself, \'in my going out altogether, like a stalk out of a well--\'.'),
    (16,1,'It means much the same size: to be lost, as she fell past it. \'Well!\' thought Alice to herself, as well as the doubled-up soldiers were always getting up and leave the room, when her eye fell on a.'),
    (17,8,'Alice cautiously replied, not feeling at all fairly,\' Alice began, in a moment to think that proved it at all,\' said the White Rabbit read out, at the window.\' \'THAT you won\'t\' thought Alice, \'or.'),
    (18,8,'Mouse did not like to try the experiment?\' \'HE might bite,\' Alice cautiously replied, not feeling at all a pity. I said \"What for?\"\' \'She boxed the Queen\'s absence, and were resting in the night?.'),
    (19,10,'There was a dead silence instantly, and Alice looked down at once, she found herself falling down a large rabbit-hole under the hedge. In another moment that it would be the right size to do.'),
    (20,10,'Gryphon. \'They can\'t have anything to put everything upon Bill! I wouldn\'t say anything about it, you know--\' \'But, it goes on \"THEY ALL RETURNED FROM HIM TO YOU,\"\' said Alice. \'Nothing WHATEVER?\'.'),
    (21,10,'Alice hastily; \'but I\'m not particular as to size,\' Alice hastily replied; \'only one doesn\'t like changing so often, of course you know what \"it\" means.\' \'I know SOMETHING interesting is sure to.'),
    (22,10,'I\'ll manage better this time,\' she said, without opening its eyes, \'Of course, of course; just what I say,\' the Mock Turtle interrupted, \'if you don\'t like them!\' When the Mouse to tell its age,.'),
    (23,6,'Alice. \'I\'ve read that in the sea, though you mayn\'t believe it--\' \'I never went to the Gryphon. \'Turn a somersault in the same size: to be done, I wonder?\' And here Alice began to repeat it, but.'),
    (24,9,'Gryphon answered, very nearly in the schoolroom, and though this was not even room for her. \'Yes!\' shouted Alice. \'Come on, then!\' roared the Queen, who was beginning to grow up any more questions.'),
    (25,3,'MINE.\' The Queen had only one who got any advantage from the roof. There were doors all round the neck of the soldiers had to leave off this minute!\' She generally gave herself very good advice,.'),
    (26,6,'As soon as there was mouth enough for it to his ear. Alice considered a little worried. \'Just about as it went. So she went on, yawning and rubbing its eyes, for it was too small, but at any rate.'),
    (27,9,'Alice)--\'and perhaps you haven\'t found it very much,\' said the Mock Turtle went on in the same thing as a last resource, she put her hand in hand, in couples: they were trying to fix on one, the.'),
    (28,5,'Be off, or I\'ll kick you down stairs!\' \'That is not said right,\' said the Hatter: \'but you could manage it?) \'And what are YOUR shoes done with?\' said the King. \'When did you manage on the bank--the.'),
    (29,11,'She did not feel encouraged to ask his neighbour to tell me who YOU are, first.\' \'Why?\' said the Mock Turtle had just begun to repeat it, but her head struck against the roof of the Nile On every.'),
    (30,5,'Cat remarked. \'Don\'t be impertinent,\' said the Queen, in a languid, sleepy voice. \'Who are YOU?\' Which brought them back again to the other end of the sort,\' said the Queen, who had been of late.'),
    (31,11,'Now I growl when I\'m pleased, and wag my tail when it\'s pleased. Now I growl when I\'m pleased, and wag my tail when it\'s angry, and wags its tail when I\'m angry. Therefore I\'m mad.\' \'I call it.'),
    (32,9,'Was kindly permitted to pocket the spoon: While the Duchess said after a fashion, and this was not going to remark myself.\' \'Have you guessed the riddle yet?\' the Hatter went on, \'if you don\'t.'),
    (33,5,'AT ALL. Soup does very well as pigs, and was going on between the executioner, the King, \'and don\'t look at me like that!\' But she waited patiently. \'Once,\' said the Cat, \'or you wouldn\'t keep.'),
    (34,9,'Alice. \'Why, you don\'t know much,\' said Alice; \'you needn\'t be afraid of them!\' \'And who are THESE?\' said the Caterpillar called after her. \'I\'ve something important to say!\' This sounded promising,.'),
    (35,11,'On which Seven looked up and said, very gravely, \'I think, you ought to be a great deal too flustered to tell its age, there was nothing so VERY wide, but she was surprised to find that she was in.'),
    (36,9,'King. The next witness would be like, but it was too small, but at last she stretched her arms folded, frowning like a telescope.\' And so she tried to look through into the book her sister on the.'),
    (37,11,'Mary Ann, and be turned out of the players to be sure; but I shall remember it in asking riddles that have no sort of a well?\' The Dormouse again took a minute or two, she made her next remark..'),
    (38,5,'Alice; \'all I know I do!\' said Alice sharply, for she was quite impossible to say \'Drink me,\' but the Rabbit say to itself, \'Oh dear! Oh dear! I shall fall right THROUGH the earth! How funny it\'ll.'),
    (39,3,'Prizes!\' Alice had begun to repeat it, but her voice sounded hoarse and strange, and the two creatures got so much about a foot high: then she looked up, and reduced the answer to it?\' said the Cat,.'),
    (40,1,'GAVE HIM TWO--\" why, that must be a comfort, one way--never to be lost, as she listened, or seemed to Alice again. \'No, I give you fair warning,\' shouted the Queen. \'Their heads are gone, if it had.'),
    (41,4,'Duchess, it had struck her foot! She was a very hopeful tone though), \'I won\'t interrupt again. I dare say you\'re wondering why I don\'t know what to beautify is, I suppose?\' \'Yes,\' said Alice, as.'),
    (42,3,'I? Ah, THAT\'S the great wonder is, that I\'m doubtful about the games now.\' CHAPTER X. The Lobster Quadrille The Mock Turtle said: \'I\'m too stiff. And the moral of that is, but I grow up, I\'ll write.'),
    (43,8,'Knave. The Knave shook his head mournfully. \'Not I!\' said the Queen, in a great many teeth, so she took courage, and went by without noticing her. Then followed the Knave of Hearts, carrying the.'),
    (44,8,'I can guess that,\' she added in an offended tone, and added \'It isn\'t mine,\' said the King. \'I can\'t explain MYSELF, I\'m afraid, but you might like to try the experiment?\' \'HE might bite,\' Alice.'),
    (45,2,'The great question is, what?\' The great question is, Who in the pool, and the other side of the day; and this was his first speech. \'You should learn not to be a walrus or hippopotamus, but then she.'),
    (46,2,'Alice; \'I daresay it\'s a set of verses.\' \'Are they in the court!\' and the three gardeners instantly jumped up, and began to repeat it, but her head made her so savage when they saw the White Rabbit,.'),
    (47,8,'I THINK,\' said Alice. \'What sort of meaning in it, \'and what is the capital of Paris, and Paris is the same size for going through the neighbouring pool--she could hear the words:-- \'I speak.'),
    (48,3,'Queen, in a minute, nurse! But I\'ve got back to my right size again; and the executioner myself,\' said the Mouse, in a great many teeth, so she went on again: \'Twenty-four hours, I THINK; or is it.'),
    (49,7,'She was a treacle-well.\' \'There\'s no such thing!\' Alice was beginning to see if she meant to take out of a globe of goldfish she had not gone (We know it was too much pepper in that soup!\' Alice.'),
    (50,7,'Beautiful, beautiful Soup!\' CHAPTER XI. Who Stole the Tarts? The King turned pale, and shut his note-book hastily. \'Consider your verdict,\' he said to the Cheshire Cat, she was ever to get us dry.'),
    (51,1,'I almost wish I hadn\'t drunk quite so much!\' Alas! it was over at last, with a kind of sob, \'I\'ve tried every way, and then raised himself upon tiptoe, put his mouth close to the jury, of course--\"I.'),
    (52,2,'Alice panted as she spoke--fancy CURTSEYING as you\'re falling through the little golden key was too late to wish that! She went in search of her childhood: and how she would gather about her other.'),
    (53,2,'Do come back with the other: the only one way of nursing it, (which was to eat her up in a melancholy way, being quite unable to move. She soon got it out to sea!\" But the snail replied \"Too far,.'),
    (54,4,'Gryphon, and the pair of gloves and a great deal to come down the middle, wondering how she would manage it. \'They were learning to draw, you know--\' \'But, it goes on \"THEY ALL RETURNED FROM HIM TO.');

INSERT INTO tracker_points (event_date, latitude, longitude, note, publication_id) VALUES
	('1979-05-06',-79.65391231,-170.86837146,'Enim error temporibus fugiat. Est laudantium totam aperiam itaque et. Optio sequi dolore dolores perspiciatis quae natus mollitia. Tenetur aut culpa quisquam libero.',13),('2018-03-25',-25.52916429,72.49233625,'Qui et quia voluptas voluptas. Odio consequatur corporis autem autem dolorem quia sit et. Repellat aut voluptas vel omnis.',34),('1928-05-28',-38.37571627,162.13254226,'A ut maxime maiores aspernatur rem expedita nemo. Odio tenetur et cum error velit.',29),('1983-02-13',47.08133299,142.27971273,'Id animi non minus quam ut voluptatem nisi. Ut quasi ea quas accusamus dicta similique. Vitae quae eum sequi molestiae sint ipsa. Voluptas sint magni quidem reprehenderit. Velit tempora qui vitae et nisi.',37),('1976-11-25',41.80427065,6.38465834,'Non velit fugiat voluptate earum autem. Unde dicta quibusdam deleniti culpa. Rerum id quasi magnam et tenetur.',34),('1955-10-06',65.06915067,38.4004969,'Rerum est quidem vero totam occaecati minus totam. Eos cupiditate velit id est quisquam. Labore numquam natus similique nobis temporibus veniam. Libero voluptatem a dolore id in autem ut.',37),('1962-07-23',78.62851839,-49.8986289,'Architecto aspernatur enim harum dignissimos labore. Voluptas nisi corporis non possimus. Exercitationem amet dicta similique consequatur libero.',5),('1949-04-13',65.03336548,149.05524377,'Est et eligendi blanditiis corporis tempora est nihil exercitationem. Dolor nobis magni minus sed tempora ipsa et. Dolor culpa consequatur dignissimos.',16),('1940-01-16',-57.16432715,-162.97083198,'Consequatur pariatur hic atque et eum laboriosam suscipit. Molestias aspernatur aut quas sint ut. Ea rem facere et excepturi nesciunt dolores ipsum. Unde iusto nulla voluptatem quia qui quis voluptate.',13),('1986-07-08',-27.16950894,-64.46267283,'Qui quo eligendi velit dolor fuga ipsa ab. Sapiente quis voluptatem iure sit dicta suscipit quidem eos. Sit pariatur qui expedita fugit ab placeat aut. Reprehenderit iste dolor provident ipsa.',51),('1952-06-07',-67.74744727,-120.05067467,'Eos reprehenderit ut nam maiores iure. Repellendus harum ducimus fuga ut. Voluptates dicta est nemo atque consequatur vel error. Sunt cumque necessitatibus assumenda voluptatem repudiandae error.',40),('1941-04-13',61.4517588,127.6708682,'Quia autem et commodi ea et odio est. Aspernatur omnis atque vel aliquam in sit. Assumenda et tempore dolores sequi dolores est voluptatem. Nulla iusto dolores officia. Temporibus vitae sit eius ex quia qui.',22),('1945-11-18',-30.3466685,-57.79027875,'Dolorum perferendis animi ea enim rerum sit quidem blanditiis. Blanditiis optio velit exercitationem qui accusamus. Pariatur corporis et laborum sit iure quis. Autem voluptas odit sunt impedit nobis accusamus.',2),('1997-08-14',78.0298081,150.00218476,'Quis commodi perspiciatis neque porro possimus. Aliquam sed sed dolores. Distinctio accusantium est id hic.',36),('2013-05-19',2.22279745,138.63939987,'Veritatis rem soluta labore voluptatem ut consequatur possimus. Quasi aut numquam aut facilis nihil. Voluptatem animi similique pariatur error ut eos. Dignissimos provident qui architecto sequi.',29),('1960-02-06',-3.66449955,1.11634537,'Placeat repellat nihil ullam enim. Accusamus iure et accusamus non quisquam. Sunt autem et quisquam qui distinctio dolorem in. Explicabo et aut facilis possimus voluptatem.',44),('2009-11-13',79.03221381,49.1091926,'Quo corporis est quia voluptas sit aut. Aspernatur dignissimos laboriosam dicta ut ab est. Vel a id tempora quam enim ab.',45),('1981-02-23',-28.04876765,80.91271604,'Nam totam accusantium alias et. Et asperiores nulla aspernatur consequatur. Aliquid praesentium dolor nemo minus tempore minima.',9),('1962-01-03',54.72536214,152.77369641,'Voluptatem aut tempora minus dignissimos at. At sint et hic quos velit sapiente itaque. Et facere aut mollitia ea eveniet.',15),('2007-11-27',55.16077854,-99.96668985,'Temporibus occaecati ratione officia et. Est atque nisi natus et a. Et reprehenderit quo est neque quibusdam sint consequuntur iusto. Est sed quod accusantium voluptatem expedita quo. Dolores beatae dolores minima dolorem ut.',28),('1989-06-09',-12.32272247,31.43819124,'Excepturi eius at quae et. Qui et eligendi corrupti qui maiores aliquid. Tenetur sit dolorem a consequatur sunt in omnis aliquam. Iure explicabo aspernatur porro magni.',47),('1922-07-24',49.60262547,-60.69529099,'Et illum voluptatum aperiam natus voluptatem. Cum quo omnis in non omnis voluptatibus officiis. Consequatur ipsa eligendi dignissimos consequuntur omnis minima maxime nulla. Quae quasi velit reprehenderit temporibus ad doloribus molestiae.',1),('1940-06-14',85.2519427,73.01324269,'Ullam rem et quisquam quasi quisquam delectus sed ab. Aspernatur occaecati rem eos reprehenderit. Corrupti qui qui distinctio et et. Voluptatem aspernatur in dolor velit nam minus.',20),('1945-05-27',73.81186729,121.36717343,'Beatae accusantium ea ut pariatur voluptatibus accusantium quia. Similique veniam provident optio quibusdam. Natus est quisquam est quia. Consequatur quibusdam hic est et sed.',45),('2018-07-30',-19.47398272,43.40519467,'Impedit minus consequatur tempore distinctio. Id id veniam tenetur sed consequatur omnis. Impedit quaerat iusto voluptate dignissimos. Dolorem velit fugit expedita ut quod.',43),('1998-11-21',-17.58775913,168.88918234,'Suscipit in nam quis. Non illum quasi iste rerum. Quia aut enim et nobis provident. Est est id nesciunt et voluptas nostrum dicta.',19),('2014-08-19',-60.51928046,36.58784563,'Omnis aut dolore dolorem sit dolores. Nihil repellat vel vitae ad quia nostrum soluta est. Culpa culpa vel a iusto. Dolore molestiae cum nihil voluptas et id quae reiciendis. Nostrum qui aliquid et id.',13),('1970-11-11',-29.56254506,68.54641015,'Nihil voluptas non inventore praesentium in est quas. Ad expedita ut qui est. Aut omnis reiciendis doloribus enim. Culpa in dolor minus accusamus dolores illo.',36),('1997-03-29',74.62171202,-140.09542832,'Facilis consequuntur mollitia quo nulla est est quasi. At est accusantium unde et repudiandae. Alias omnis non consequuntur quas et facilis neque quasi.',41),('1939-06-25',80.95512952,150.04769044,'Velit iusto et voluptatem dolorem quam. Illum provident magni eum voluptatem. Et sed cumque id eum neque dolorem qui sequi. Aut id corporis ut ea.',28),('1933-12-22',75.57597334,-117.96033849,'Inventore ea libero molestiae debitis impedit eveniet iusto. Qui earum est blanditiis facere. Quo vel sint odit qui natus. Placeat optio perspiciatis sed id.',49),('1986-06-04',66.45082133,16.96813594,'Deleniti debitis repellendus beatae sit minima. Quia repellendus aut mollitia eos nobis. Libero ut ut dolore alias praesentium odit. Exercitationem nesciunt incidunt pariatur sed voluptatem labore omnis.',47),('1929-01-19',-67.86525341,-89.03866657,'Suscipit perspiciatis et et reiciendis voluptatem exercitationem aut. Provident ipsam autem sint pariatur praesentium voluptatem dolor earum. Architecto nihil vero voluptates quia est ut recusandae.',15),('1973-09-14',-50.15487596,-91.52513401,'Consequuntur qui dolorem dolorum fugiat aut adipisci enim. Quis aliquam eligendi aut non facere. Ut et aut voluptas.',1),('2017-10-17',-70.8122791,172.27493511,'Est eius qui ipsa quo. Et sed et esse accusamus laudantium autem quis. Ipsum ipsum officiis consequatur sit esse animi.',9),('1956-12-16',32.03053879,-91.81749446,'Magni quaerat corporis magnam. Voluptas similique autem labore qui impedit inventore. Numquam dolore soluta ut voluptatem. Quasi aut saepe omnis eveniet dignissimos voluptatibus accusantium est.',28),('1932-04-18',-21.16244075,45.16860863,'Perspiciatis nihil nobis et enim exercitationem soluta. Placeat ut inventore quas qui rem unde odit sed. Placeat explicabo eum sit incidunt assumenda natus quae.',28),('1922-03-10',-64.07151099,150.84226503,'Animi id ipsa deserunt aliquid. Assumenda incidunt aut atque iste ut aliquid. Debitis aut sed velit quia. Dignissimos vero ab repellat vel voluptatem veniam exercitationem.',18),('1969-10-15',-36.95999589,173.64888645,'Enim quia suscipit perspiciatis beatae distinctio delectus. Beatae dolores occaecati quibusdam autem et et et.',48),('1955-01-02',-67.0346674,22.31007388,'Eos veritatis sed magni eos sunt. Cumque consequatur aut ut aliquam. Dolores aut non soluta minus distinctio.',10),('1960-10-09',84.53614016,-119.06433237,'Eius ipsa amet cum mollitia. Quam esse aut quisquam sapiente veniam. Et sit id delectus aut eum. Aut qui quasi voluptas enim nihil necessitatibus. Unde modi explicabo alias officia quia omnis itaque quia.',31),('2004-02-03',50.84425121,-16.65849587,'Cumque non vero deserunt qui quia doloribus. Praesentium nobis sed occaecati rerum id voluptatibus asperiores. Ut quae dolor delectus vitae omnis voluptate aut. In rerum aperiam perspiciatis saepe enim.',27),('1926-03-13',-34.69579758,4.92641875,'A et et magni dolorem. Tempora corporis veniam ratione sapiente dolorem fugiat.',28),('1956-07-24',88.40197398,-6.25946288,'At itaque et doloremque nihil eligendi est. Quas id officiis minus molestiae sit officia aliquid. Et dolor sit doloremque nihil aut nemo cumque.',28),('1962-04-05',-19.47019024,-115.93803805,'Cupiditate ratione hic et placeat reiciendis eius quae. Laboriosam consectetur veniam laborum. Et ipsa vel vel explicabo est alias porro consequatur. Ut natus culpa quis perspiciatis quidem.',37),('1958-06-30',48.43197275,17.66129838,'Voluptates est ex earum quisquam. Id consequuntur voluptas voluptatem dolores ut eveniet. Dignissimos natus nisi repellat rem sint sapiente.',44),('1952-01-22',60.09431813,-10.05952525,'Sit quia animi sequi est dolor dolorem iusto. Facere quam vel voluptatum veritatis beatae. Est quidem officia repudiandae veniam.',27),('1976-04-08',47.82480042,134.90662826,'Maiores dignissimos culpa et pariatur mollitia corrupti voluptas velit. Eos adipisci ea vel. Rem odit doloremque enim quibusdam magnam.',39),('1998-10-30',-55.77591996,-153.6235525,'Quod dolor dolor sit. Qui placeat aperiam accusantium maxime doloribus. Quo ut dolorum commodi dolor perferendis ut.',16),('1961-08-15',88.82490914,94.67841001,'Doloremque deserunt nulla molestias laboriosam natus ut assumenda. Quasi mollitia aut quos nemo sequi. Incidunt et et velit non nam quia.',1),('2006-04-16',76.19942927,-91.67612193,'Nemo et architecto dolores delectus vitae. Et ea vero consequatur non quibusdam. Repellat ut quo quibusdam autem.',33),('1957-07-11',-47.03703446,-178.31734652,'Eum eius sed magnam eligendi. Repudiandae voluptatem voluptas inventore est ex deserunt consectetur. Deserunt sequi ipsum voluptas qui. Voluptate rerum unde ea et dolores dolore.',33),('2000-03-04',88.30743466,156.59216243,'Numquam dolore fugit dolore ex doloribus voluptatem nobis. Incidunt animi dignissimos officiis sit quia repellendus quo. Debitis pariatur distinctio minus delectus ea sit.',15),('1986-02-16',-11.94410696,155.10966711,'Aut adipisci sapiente sed. Mollitia aspernatur velit suscipit corrupti eum atque. Eius consequatur eveniet est delectus id possimus cupiditate.',52),('1959-01-19',4.61864897,-15.5876893,'Quaerat quas dolores cupiditate autem. Assumenda aspernatur odio optio saepe atque et harum. Illum et porro sint qui impedit inventore.',50),('1976-05-30',18.1453038,-142.70196585,'Voluptatibus voluptatem deleniti labore nihil delectus nam consequatur. Ut nesciunt rem sed molestiae aut placeat. Corporis culpa et ut dolor placeat dolor ut.',51),('1954-08-08',64.46613795,-141.97744453,'Veritatis provident occaecati consequatur facilis tenetur accusantium quod. Molestiae nihil ratione quia. Expedita saepe id dolores unde et. Nulla et sunt quia nemo aut a et.',34),('2004-12-19',82.46714581,151.03956899,'Dolorum et nam quo illum occaecati quam. Fuga in aut distinctio quis architecto. Molestiae ut laborum voluptatem alias eveniet odio dolor. Consectetur aspernatur exercitationem modi.',27),('1967-11-04',53.32810567,-176.51108276,'Totam quasi quae sit at. Sit eaque porro incidunt quasi voluptate soluta mollitia. Est accusantium vel eveniet dolores. Necessitatibus nam est illum corrupti officiis autem enim.',35),('1945-06-12',-7.69873427,4.30107228,'Aut quis aliquam sed sit recusandae. Autem voluptatem autem dignissimos provident ullam vel voluptatem. Dolores mollitia et et accusamus tempora ad. Eum facilis necessitatibus et minima.',5),('2004-11-27',85.51395974,108.71731915,'Vitae nesciunt qui amet. Incidunt ipsum necessitatibus ut. Explicabo dolor unde unde cumque. Nemo aliquam consectetur ut et voluptatem nihil dicta voluptas.',24),('1979-05-03',42.1923298,-32.85055131,'Voluptas autem laboriosam similique laboriosam magnam vel aliquid. Voluptatum omnis iste natus cupiditate et sed dolorem.',47),('2000-02-09',72.2351831,148.3515079,'Officia voluptatem exercitationem autem enim corrupti qui. Numquam accusantium assumenda asperiores. Quasi aut quia sed eius beatae.',27),('1953-05-24',-55.23532861,-111.36989462,'Eaque qui sequi vero error. Odit voluptatem sapiente est nesciunt fugiat hic. Et non voluptatem voluptas dolore.',11),('1958-09-27',-12.16295518,-10.74159642,'Natus cumque officia ipsam reprehenderit iste quidem. Ducimus illum voluptatem enim non commodi nemo.',26),('1989-01-29',-88.90022457,-146.66434646,'Ducimus et aut culpa accusantium adipisci voluptate id. Nam sed et harum aliquam sunt quae. Esse cumque quis voluptas facere voluptatem ut eum vero. Ea magni doloremque perspiciatis facilis enim.',27),('2013-04-06',36.43840313,3.24214337,'Est quae neque numquam aliquam in quisquam. Corrupti eveniet natus rerum quod aut. Neque aperiam aperiam error autem est quis.',8),('1980-10-08',-79.43914541,67.69719663,'Tenetur occaecati laborum saepe explicabo ipsa ut expedita rerum. Cumque et quisquam asperiores eos accusamus.',29),('1929-12-03',-64.38179002,63.81727064,'Et excepturi ut similique doloremque. Repudiandae non saepe quidem velit.',24),('2010-12-11',49.0693216,-168.59780374,'Tenetur enim et et ullam voluptatem. Necessitatibus hic maxime neque quia voluptas ipsum explicabo nihil.',13),('1996-02-03',-33.13799766,42.83440466,'Enim in quidem quas est. Laborum tenetur quia quia vero assumenda blanditiis. Nam vel recusandae voluptate autem.',32),('2010-07-06',41.51483666,-70.40003568,'Consequuntur ipsa et totam. Corrupti et quia ipsum quae voluptatem excepturi.',30),('1927-10-22',29.11102711,-59.69333539,'Ut deserunt provident et tempora corporis. Et et quia et. Enim nihil sit veniam molestiae.',14),('2009-07-02',66.59662613,-96.43024839,'Atque autem exercitationem qui quaerat et. Numquam delectus dolor qui in. Ut sit omnis soluta impedit.',18),('1970-08-23',-35.26868047,150.86575397,'Incidunt consectetur dicta aut tenetur et tempore tenetur. Est nam consectetur temporibus esse recusandae.',7),('1996-01-17',79.02396711,144.53762964,'Ipsa quasi maiores sed eius et ad iure. Suscipit cupiditate et molestiae quisquam quas. Laborum modi ut est magni in quo ut. Et officiis aut tempora quia atque.',42),('1948-04-23',-25.07676992,-116.63294124,'Ut laudantium doloribus adipisci. Ad earum sit quos labore doloremque. Sint beatae ut perferendis in nihil omnis. Praesentium rerum iure voluptatem consequatur quisquam debitis. Voluptatem iste eos doloremque aut omnis quos sapiente.',41),('1947-05-26',-86.1646064,-172.93367073,'Autem necessitatibus sed in ipsum corporis officiis vel quisquam. Vitae ex blanditiis recusandae sequi quas qui error. Eum quam omnis aliquid aut ad. Consectetur rem ut optio illum eius quis ipsa. Cumque accusantium eos vero aut.',29),('1947-11-30',-55.60311328,-138.32943743,'Est consequatur laudantium minima perspiciatis dolor. Distinctio sit quisquam nihil molestiae. Eius doloremque ipsum non ut dolores molestiae.',26),('1988-08-11',-33.77945675,124.67694543,'Incidunt officia rerum perferendis iste eum. Accusantium omnis illo fuga. Natus deserunt beatae ut et tenetur.',10),('1950-11-07',-54.63641917,-125.183867,'Inventore et numquam recusandae consequatur dolorem. Dolor itaque repellat cumque qui fugiat in qui.',53),('1972-06-14',54.16409641,24.10772154,'Harum unde asperiores placeat non explicabo neque necessitatibus. Quia facere ut possimus labore similique voluptas. Voluptatibus rem in minima consequatur dignissimos.',39),('1981-10-01',71.72125124,107.83806572,'Porro enim assumenda vel autem. Perspiciatis impedit voluptas est.',15),('1993-06-28',32.69541658,-44.9038865,'Veniam dignissimos qui ut quas. Molestias ut odit adipisci repudiandae voluptatibus. Non officiis dolorem quis recusandae dolor et. Et quaerat in voluptas nemo nisi est voluptas architecto.',48),('1929-05-19',75.64173842,-41.89391523,'Libero beatae vero et ipsam aut et. Et quos voluptates atque consequatur aut et qui neque. Porro quas natus ut earum accusantium at. Aliquid numquam dolor architecto quos temporibus veritatis.',20),('1948-05-26',84.15493657,-24.25272763,'Laudantium atque quis tempore autem et neque qui. Similique incidunt impedit temporibus nihil. Qui autem recusandae eius laborum.',37),('1994-04-16',62.6264076,-57.53328072,'Voluptatum alias tempore nobis. Quae dolores dicta delectus et.',42),('1960-08-07',5.54537113,-158.29282745,'Facere et itaque sapiente cumque veritatis placeat. Ea in ut tempora soluta consequatur. Quisquam quia quam aspernatur aut odio dolores vero natus. Iusto ut illo laudantium culpa ab nihil modi.',26),('1931-04-04',-26.12090461,153.60749981,'Odit unde adipisci officiis ea qui voluptas. Vitae amet et doloremque illum laboriosam ullam. Nesciunt at quis sit at. Nulla velit consequatur labore quia.',10),('1988-01-07',-70.21331475,-4.9962737,'Optio ea inventore consequatur at. Odit et nobis incidunt. Voluptatum dolorem voluptas delectus magni deserunt dolore. Corporis quibusdam aspernatur qui vitae repellat quia esse atque.',49),('2011-01-13',-89.17077279,126.59538972,'Quis placeat ut a adipisci ut enim. Pariatur vel est quod molestias quisquam sunt quod quo. Excepturi quo et quia sed corporis debitis blanditiis facere. Vel et neque voluptatem est.',51),('1922-08-16',-63.11583983,-174.47535233,'Earum sed quis sunt non necessitatibus perspiciatis. Explicabo ex ea delectus error et. Earum corporis quis id. Laudantium ut velit sit est esse sunt.',26),('1945-12-13',52.13423591,-6.26128176,'Sed est ea nihil iusto nisi excepturi ullam reiciendis. Fugiat minus suscipit nisi expedita.',11),('2017-12-16',-4.87504988,166.38738574,'Quam consectetur laudantium fugit dolores est. Voluptatem harum molestiae dignissimos itaque corporis. Occaecati qui eaque optio ut iusto adipisci. Sunt sunt esse est. Eius repudiandae qui omnis omnis.',2),('1955-02-03',-79.7144268,126.05711765,'Alias nisi repellendus cum aliquid aut. Saepe eos illo non. Aut corporis pariatur magnam.',1),('1966-06-25',71.4283717,22.91923087,'Veniam molestiae sit qui est deserunt adipisci vitae autem. Quae molestias quo pariatur ipsam veritatis eum.',39),('1965-09-20',-24.60819371,98.95749614,'Alias aliquam qui aut et minima ipsam. Nulla et est numquam recusandae ut iste ut suscipit. Rerum aut qui sit voluptas minima est ducimus.',10),('2003-02-01',-16.2209174,-135.30518943,'Illo itaque voluptatum modi quos ut magni et. Enim sit ratione quo hic quisquam ratione labore quaerat. Quas tempore provident cumque.',27),('1975-07-17',32.27730696,98.39214398,'Aspernatur deserunt illo omnis rerum cumque natus error. Culpa commodi alias quia alias. Animi sint minima iure sit a facere ut. Voluptatum cumque cum nobis modi eum.',7),('1964-08-22',-18.36322791,-165.73115698,'Dolor inventore expedita debitis necessitatibus soluta quia. Et enim quis optio doloribus dolores quisquam est. Qui laborum et quo voluptatem deserunt.',47),('1920-09-07',-48.67162569,-126.75594743,'Nesciunt officiis neque quo. Consequatur ipsa deleniti ex temporibus fugiat dignissimos recusandae. Rerum repellat voluptatem est est impedit est.',4),('1996-07-03',-71.45107492,120.85085959,'Eos pariatur pariatur qui officia labore veniam inventore. Voluptatem ratione eius cupiditate quaerat repellendus odit necessitatibus. Et aut voluptate ut magnam amet enim eos.',22),('1983-10-19',-70.14070811,103.61871205,'Placeat blanditiis quas voluptatum consectetur nihil est. Ratione dolore aut nesciunt laborum est sunt atque. In velit aliquam earum et accusantium aliquam quibusdam. Quia et sed earum sit rerum consequatur.',18),('2017-09-20',39.86892449,-7.12891334,'Reprehenderit voluptates placeat aut rerum molestiae eos similique. Aut necessitatibus nisi repellat vitae et id veritatis. Quibusdam sed qui impedit architecto quidem sunt.',14),('2003-07-13',31.11635344,-142.3303235,'Ab provident autem exercitationem sint rerum. In laboriosam qui suscipit nostrum fugit voluptatum. Consequuntur cumque rerum odit iusto. Quis aut officia sit.',40),('1970-01-17',71.6474671,23.28535559,'Natus qui ipsam nulla nostrum et error doloremque possimus. Facere impedit velit et distinctio omnis. Exercitationem assumenda quia dolorem quisquam quas.',1),('1946-03-14',-12.85030955,72.55523472,'Id soluta et reiciendis explicabo possimus beatae eligendi. Rem at laboriosam totam nihil rerum est esse. Excepturi quis sit cupiditate mollitia.',5),('1929-07-15',12.564375,12.51104267,'Dolores laboriosam nobis veniam blanditiis sed. Quae eos doloribus dolorem dolores amet molestiae laborum. Quae recusandae nisi voluptate omnis soluta veniam autem iusto. Ut sed non qui quia in magni quam eius.',11),('1929-06-06',44.00656542,-171.93890059,'Fuga quod dolore perspiciatis. Nobis ducimus perferendis iste voluptatem ut delectus. Corporis repellendus voluptas ut ducimus fugiat.',8),('1982-08-20',60.07270615,-49.73691634,'Sed facere nihil autem omnis. Rerum et quia dolores unde. Aut ex consequatur qui.',47),('1938-06-25',-59.39147904,-79.3525054,'Animi adipisci exercitationem voluptas suscipit assumenda vel ipsa. Totam voluptatem voluptas consectetur reiciendis est. Totam non alias nihil quaerat totam perferendis.',49),('1992-10-07',34.5951694,34.46472984,'Illum in quaerat totam inventore. Praesentium labore et dolor assumenda similique cum voluptate. Labore ut facere et repudiandae aspernatur. Soluta eaque ad aut.',37),('2002-08-20',56.02798315,-142.18741724,'Ea dolor quasi beatae provident nostrum accusamus. Vel iste expedita veritatis sapiente. Reiciendis illum alias ducimus commodi possimus.',31),('1958-10-16',61.24354261,45.80520294,'Beatae velit dolorem quia. Laboriosam nisi a eos vitae aut ipsam explicabo. Omnis quia officia aliquam illo accusamus.',38),('1936-10-06',-13.44831148,104.6495745,'Et officiis id quibusdam praesentium similique quaerat sapiente. Facere quibusdam minus sit minima non quis et. Iste sunt molestias velit quia.',31),('2006-04-30',15.94818611,-38.49920957,'Odio recusandae et ut ea aliquid et. Sit voluptas accusamus excepturi dicta labore officia. Aut ut modi nisi rerum numquam non odio. Nesciunt dicta illo rerum consequatur quia unde.',31),('1969-04-13',-49.63722781,-87.02457805,'Explicabo in harum eaque assumenda quod sunt. Excepturi aut ut enim aliquam consequuntur repellendus recusandae. Enim vero commodi hic quos dignissimos voluptatem debitis. Fuga magnam dicta repellendus voluptates quo quam cum perferendis.',18),('2007-10-03',26.20823499,-49.69390008,'Sit rerum aut amet nam soluta voluptatibus et. Libero nihil enim non voluptatem rerum aliquam dolores. Voluptatibus reiciendis dolorem sit voluptatem. Iure nisi eum fuga error harum quae et consequatur. Sed doloremque eaque et quia consectetur hic et.',12),('1945-07-15',46.14865423,28.914999,'Animi libero iusto a neque expedita. Eos rerum ad amet veniam. Consequatur placeat suscipit dolores saepe nihil.',33),('1958-02-05',87.46481174,136.2375221,'Sunt consequuntur odio autem odit voluptatem dolorem. Debitis eligendi saepe accusantium odit impedit est. Quam in iusto aut accusantium ut perferendis expedita.',30),('1954-05-18',-78.23711075,37.31976499,'Sit illum impedit repellat unde id ut ut. Totam illum nulla aut labore vitae voluptatem vel.',14),('1998-10-29',62.61049145,-0.88219254,'Vel a non aut repellendus animi mollitia. Occaecati porro magni et suscipit iste ullam provident iste. Aperiam beatae dicta debitis quia pariatur. Quasi quis dolorum est molestiae sunt et tempora.',33),('1984-06-10',36.29265173,92.69797198,'Harum nostrum veritatis id nihil laboriosam cumque ipsa. Ipsa fuga et modi dignissimos molestiae quae id. Dignissimos quia quia ut odio dignissimos. Ea magni enim omnis quis.',43),('1926-02-05',17.81877594,-119.30137058,'Enim in et et a assumenda dolorum id. Consequuntur delectus dolore quod atque animi. Rerum provident impedit consequatur ipsa nesciunt non.',20),('1999-05-30',52.52761942,164.06735457,'Eum nobis ipsam ratione. Eveniet distinctio architecto qui possimus soluta. Id harum voluptas a et quidem.',28),('1978-08-07',19.42916401,152.2490746,'Laudantium iure aut corporis recusandae. Voluptas earum in eveniet repudiandae est officia. Velit sapiente delectus iste praesentium necessitatibus harum et non.',38),('1942-12-09',-35.40788016,-14.46098029,'Delectus a illo doloribus debitis ratione recusandae. Minus omnis voluptatibus sapiente qui recusandae voluptas dolorem. Ratione nihil et dolor eos. Quis libero qui quia.',50),('1946-03-15',48.20715871,-129.23717232,'Aperiam similique velit ipsa rem a. Sed quidem dolorum dolores officiis qui. Natus ea eveniet quaerat nulla pariatur.',42),('1959-03-16',45.54787872,-115.02466558,'Autem qui dignissimos illum ut architecto porro. Illo et quo repellendus iste nihil aut necessitatibus. Sapiente voluptatem ea vero temporibus autem nihil.',14),('2018-12-19',74.33073014,76.26881647,'Quod rerum iste eos. Provident beatae eos consequatur repudiandae fugit sed quae quam. Voluptas a consectetur quia laudantium quisquam rem hic.',18),('2007-05-22',-1.19569747,61.13573972,'Voluptas eius quisquam est voluptas consequuntur inventore quod. Qui placeat distinctio sapiente et ipsa quia eveniet. Voluptates reprehenderit iure explicabo ab sapiente voluptas ipsam.',10),('1957-06-24',-63.90004374,78.80142896,'Rerum vel totam veniam qui eum consequatur veritatis. Commodi optio non exercitationem fugiat rerum facere quisquam. Earum at eaque officia qui cumque quibusdam.',47),('1935-06-06',58.88299734,-46.42814665,'Modi atque quia aperiam nesciunt. Numquam labore earum esse est eos qui. Voluptatem aliquid eveniet vero expedita eum quo qui.',30),('1940-09-29',-76.34949392,-111.27630028,'Necessitatibus quos qui neque distinctio alias sit ab qui. Enim enim et eos odio aut voluptates. Ducimus debitis consequatur et quod qui tempore voluptas.',6),('1938-11-23',35.31748527,-23.14370964,'Explicabo architecto est facilis eos et. In eum consectetur aut perspiciatis.',54),('1982-08-12',-61.6877875,35.49023474,'Quam id et temporibus facere dolores dolores. In qui molestias tenetur est accusantium sed. Et voluptatem cumque consequatur nemo sunt ducimus.',17),('1946-08-10',-1.36692584,11.53246369,'Aliquam minima tempore odio et officiis et numquam. Ab nisi eaque ad ipsam consequatur. Aut sint ipsa soluta iure dicta eligendi. Cumque hic distinctio exercitationem dolorem quis.',20),('1989-05-21',62.18611855,-79.05690686,'Maiores velit sit voluptas at veritatis eum. Iste aut voluptatem exercitationem quas incidunt minus sed. Quia qui consequatur non nostrum ipsum quia. Quia cumque commodi voluptatem fugiat. Enim suscipit consectetur dolore dolorem ipsa commodi nam.',12),('1969-11-09',-0.00880766,-172.89015306,'Consequatur id libero enim necessitatibus iusto. Odit tenetur eius consequatur deserunt. Sit aperiam ipsam reprehenderit.',17),('1928-06-29',85.10826674,53.94390385,'Quod et rerum temporibus beatae. Debitis autem non quisquam et libero. Aliquam deleniti et assumenda hic nihil. Nihil dolor voluptates sapiente eos et.',2),('1996-03-31',-16.62601478,-42.12195597,'Magnam sunt impedit est voluptate ut sint. In sed aut voluptates repellat. Totam maxime ducimus deserunt quaerat qui soluta. Repellat aut adipisci et quia tempore soluta est.',48),('1937-01-15',-39.98318467,-78.60056353,'Inventore sit qui explicabo quidem. Qui dignissimos mollitia eaque inventore. Laborum modi eaque eum dolores incidunt. Dolor natus distinctio ut et modi aliquam est.',9),('1991-01-07',57.59800213,80.84798998,'Vitae nostrum ratione laudantium ut veniam sapiente. Quaerat deleniti quaerat quis atque commodi aliquid. Et consequatur qui accusantium impedit voluptas. Provident est quaerat suscipit eum similique.',42),('1968-06-25',-15.67847021,29.65872342,'Atque id porro asperiores culpa. Iure eos molestiae debitis dolores. Unde qui repellat rem quo.',35),('1981-11-15',-10.18180452,135.33294376,'Rerum in quidem est corrupti aliquam necessitatibus quia et. Deleniti sint repellat quos ut ut tempore. Voluptatem quos occaecati doloribus. Voluptatem molestias explicabo illum id qui blanditiis et.',32),('1984-04-08',17.36152016,-39.86882077,'Perspiciatis illum dolorum recusandae libero. Quibusdam unde quia recusandae repellat quasi omnis expedita. Natus pariatur laudantium quibusdam mollitia rerum debitis.',11),('1953-04-17',-80.48958177,137.43781382,'Quas ullam omnis sequi et odit. Quidem ipsum qui animi suscipit. Et sed facere officia maiores. Assumenda ducimus distinctio eum qui consequatur.',34),('1967-12-23',69.35807656,-164.80377601,'Iusto eum at placeat autem nihil. Ad labore sint voluptas sunt deleniti iste assumenda. Quasi qui molestiae id qui quo nihil dolores.',48),('2002-04-07',15.94827295,-3.51980967,'Omnis enim iusto rerum labore et ut. Rerum assumenda id voluptatem odio itaque. Repellendus ea ut molestiae ipsum voluptas qui nihil.',19),('1998-07-26',40.03890178,64.58348103,'Nihil excepturi ut quos quidem dolor ullam repudiandae voluptas. Sint officiis ipsum non ducimus repellat ea aut. Nostrum quo et veritatis eos. Dicta corrupti similique architecto distinctio beatae dolore quis.',21),('1946-12-23',28.597441,-124.09320102,'Et ratione dignissimos quo. Repellendus molestiae est eum amet. Quis incidunt velit fugiat eaque eaque impedit perferendis.',10),('1979-06-13',25.41879834,-170.41436551,'Consequuntur quia a deserunt voluptatem. Tenetur illum ut voluptas nihil. Et voluptatibus non magni exercitationem omnis ut et dolores.',44),('1962-11-06',-14.18675162,-30.99268739,'Molestiae esse ad sapiente in sint. Ut provident corporis ratione dolores veritatis vero. Rerum voluptas architecto aliquid quos.',35),('1985-06-13',56.99122677,-12.90311625,'Dolores maxime minima suscipit omnis quasi dolore. Sit et aut autem dolorum. Tempora vel natus nulla aut tempora sapiente dolorem et.',21),('1977-11-03',25.24059246,-141.43388281,'Quis autem reprehenderit cum distinctio. Officiis voluptatem earum hic non. Fuga quo voluptatem non nostrum quidem debitis. Qui ea porro ut.',12),('1979-03-08',-40.6463383,16.65546732,'Quo temporibus sed odio placeat. Sapiente eligendi sequi ea eum odio aut. Perspiciatis enim vel aspernatur. Enim iste sit autem autem quidem dolorem.',50),('1946-12-19',-79.93022695,-24.64436216,'Sunt iste et eos aut ut. Est inventore ut qui ducimus nobis deserunt tempore quasi. Dolores voluptas et rerum. Qui porro minima ut velit velit qui.',1),('1997-01-21',2.49961458,-169.79065217,'Sit perferendis sint quas nobis deleniti. Soluta eum consequatur non assumenda et aut eligendi asperiores. Animi quia esse a sint hic. Eum odit dolore debitis iusto libero ipsa.',12),('1972-03-14',-8.89016062,140.57763871,'Et iure et deserunt aut libero. Molestiae dolorum excepturi adipisci eligendi dolorem omnis optio. Et excepturi reiciendis explicabo doloribus.',46),('1934-01-04',-18.08615371,95.14748076,'Libero tempora qui labore voluptas. Qui fugiat ipsum qui hic est et ea ipsa. Fugiat sed eius est quod ea molestias.',28),('1980-09-29',-8.28950749,-88.64296028,'Est impedit ullam qui qui ea dolorum et. Eos accusamus iure facere velit omnis quas temporibus excepturi. Incidunt doloribus incidunt accusamus sed ea.',11),('2012-07-29',-73.41771684,175.63520288,'Sequi minus tempore velit et. Sed sed qui est perspiciatis.',24),('1964-05-06',60.56453477,-143.78256181,'Qui consectetur atque odit culpa iste aut. Eum cumque maiores consectetur.',44),('2000-06-25',63.94443505,148.04301095,'Deserunt vitae est itaque omnis atque exercitationem. Voluptas blanditiis odio iure. Dolorum repellendus assumenda accusantium aut qui. Facere ut veniam rerum quos quia.',25),('1995-04-29',17.94597141,-34.31012262,'Dolorem voluptatem nam illo quaerat alias facere. Unde quaerat quia ut. Molestiae dolores aut veritatis et eligendi tempore. Aut sit eos velit blanditiis.',36),('1939-09-29',-77.52484973,-64.03759534,'Odit est neque nostrum natus eaque quaerat. Veritatis et soluta blanditiis ex nisi ab. Quibusdam expedita non aspernatur exercitationem porro quod.',41),('1972-08-26',21.81539688,-68.79441575,'Eum placeat quaerat et ad. Quia facilis et ipsa alias. Eaque eum aut impedit odit nobis. Illo facere expedita et eligendi rerum consectetur ut.',9),('1991-11-01',-0.17208772,-149.04311415,'Eum quis tenetur consequuntur voluptatibus est veritatis veritatis. Impedit quia doloremque rerum consequuntur culpa. Facere nesciunt nostrum aspernatur est enim.',26),('1985-03-14',-8.06072369,-26.44048265,'Sit ut totam saepe possimus fuga vitae. Ea quam voluptas tempora qui deleniti nobis. Deleniti magni harum atque occaecati quae in. Sunt doloribus non sequi labore corporis.',38),('1952-08-11',-13.16964799,-7.396459,'Pariatur minus quo est sed voluptas eligendi. Nostrum molestiae voluptas et enim aut harum quas. Quidem quisquam ipsam et ducimus quod.',4),('1948-08-30',-2.31167672,-85.00456101,'Adipisci doloremque itaque esse ipsum veritatis ratione. Qui sed molestias mollitia quasi quis quia vitae inventore. A suscipit necessitatibus corporis voluptatem error voluptatum. Quia ut est optio et ea.',5),('1951-06-14',-62.59570871,136.19239997,'Quia est facilis culpa fugit. Id dolorem alias iste delectus. Deleniti alias magnam architecto optio ut. Incidunt natus qui inventore non et.',6),('1966-01-16',8.46238558,106.98624559,'Natus soluta facilis est voluptatem laborum fuga cum qui. Dolore voluptas veniam nihil. Fuga voluptates ut omnis molestias et cupiditate. Esse aut fuga est assumenda.',50),('1996-03-10',33.07560914,134.32016762,'Qui sint nesciunt nam voluptas harum eos nihil et. Animi dolores odit sapiente voluptas explicabo sint. Et voluptas ab eum necessitatibus placeat aperiam eius. Vero aperiam veritatis qui ex qui.',7),('1987-11-28',41.73672852,-78.99028665,'Sint odit vero animi voluptatem. Fuga magnam omnis reiciendis blanditiis quidem. Dignissimos modi modi voluptate et. Quis consectetur dolorum ullam veritatis aut laudantium est.',44),('1936-06-12',12.97447445,-62.66787686,'Est ut laboriosam sequi eum fugiat. Qui molestiae iure perspiciatis fugiat. Vel perspiciatis aliquid necessitatibus ratione corporis corrupti. Sequi explicabo qui esse eum rerum ea ut.',31),('1922-03-03',68.05717845,35.75557076,'Rem nobis quidem placeat. Deserunt magnam voluptas perspiciatis expedita non. Optio voluptatem libero aut nostrum cumque veniam assumenda.',45),('1946-06-01',10.69991217,141.66746231,'Et vel nesciunt sed aut et minus. Cupiditate vel delectus dignissimos eveniet animi totam repudiandae. Accusamus perferendis ut accusamus minus autem.',43),('1987-12-15',55.38158352,166.99319466,'Tempore beatae eos laborum maiores officiis consequatur. Eum quas ut qui qui officiis numquam. Perferendis id nostrum veniam ducimus. Cum rerum est porro vitae.',34),('1979-11-13',-13.57277671,104.24591243,'Cumque eius omnis quis maiores aut. Non laudantium nihil pariatur qui. Commodi sed nemo ad omnis fuga et. Aspernatur non nemo esse.',1),('1934-02-14',-60.77996821,-46.5807672,'Debitis similique voluptas ut maxime corrupti deleniti numquam. Dolorem enim minima dolorem. Aut natus repellat cupiditate. Et pariatur eos sed quaerat voluptas in. Est nobis aut laborum quisquam.',10),('1995-09-30',-28.65719056,140.79007167,'Veritatis nemo velit placeat consectetur reprehenderit architecto. Quos facere rem id. Quos iste optio quod ut dolores quaerat.',28),('1949-09-15',33.15902257,104.74979574,'Explicabo delectus blanditiis libero aperiam. Aut id ut expedita dolores perspiciatis nemo harum. Ipsam aliquam facilis molestiae nemo. Sit tenetur rerum dolor dolor ut repudiandae.',18),('1930-07-05',62.15556559,-112.25227433,'Corporis aut est non rem. Aliquid omnis debitis est incidunt adipisci. Voluptatem consequatur possimus veniam et esse et nulla.',27),('1980-09-24',-16.13977798,152.51432093,'Laborum qui qui laudantium perspiciatis non modi quia. Aliquam beatae et voluptatem dolorem qui suscipit. Placeat non quia et.',50),('1924-06-04',-85.04454257,99.44777964,'Excepturi nihil aut consectetur est veritatis voluptas. Aut explicabo quo sunt nam voluptates. Voluptatem voluptas in id vero labore. Voluptatem et aspernatur libero quod voluptatem consequatur cum maiores.',12),('1947-11-06',-65.52266964,111.91096373,'Blanditiis quasi nihil enim veritatis recusandae libero. Omnis illum minima deleniti inventore blanditiis repellendus. Magnam facilis aut esse possimus.',40),('2012-05-22',-50.78842849,-120.56855978,'Non vel voluptas sit reiciendis quas et quam quia. Quia totam autem dolorem dolor deserunt. Fuga at qui perspiciatis. Tempore soluta sapiente saepe alias.',31),('1983-06-19',75.14575674,14.74080644,'Doloribus quis molestiae aut fugit dignissimos deleniti quis. Ex incidunt tempore ex nihil. Eum sed repellat et temporibus beatae.',25),('2018-03-25',11.27744843,-41.22827762,'Quibusdam ut nemo rem rerum. Est nulla omnis cupiditate dolorem consequatur numquam. Dolorum itaque laudantium fuga. Incidunt quas quod et ut occaecati error. Ut eos ut autem aspernatur distinctio odit nulla.',35),('2008-03-24',15.98915803,165.68721938,'Nostrum unde qui mollitia nemo aut. Hic autem vero odit voluptatum officia rerum nisi. Beatae dolores voluptatibus ab velit sed eos est possimus.',22),('1974-06-06',-82.25482139,-115.76808608,'Qui consectetur quia sit sit minima laborum. Nobis ut ducimus quia aut aperiam numquam. Qui modi quas commodi voluptate voluptatem in. Qui facere voluptatem cumque et incidunt doloribus placeat tempore.',9),('2008-04-20',48.61504843,97.03513766,'Ratione aut esse molestiae ratione voluptatum. Rerum eveniet rem excepturi non. Deserunt voluptatem sint velit sint quia facere.',38),('1991-10-26',-49.51306408,-86.40638856,'Aut velit doloribus id autem sit iusto. Architecto velit impedit consequuntur nihil ad. Consequatur et laudantium voluptatem autem.',40),('2006-05-08',47.60528374,103.14194655,'Est rerum ut ea et. In autem voluptatum labore sapiente cumque omnis. Dolorem repellat saepe possimus occaecati voluptatem ut.',40),('1934-05-10',-20.8175961,73.24996373,'Officia voluptatem ut vel praesentium veritatis qui voluptatem. Aut nobis ea ipsa nostrum iste voluptate. Aut veniam asperiores minima quo voluptates unde. Et et sit exercitationem rerum blanditiis libero. Eos enim cum veritatis quia quaerat.',5),('1980-01-06',-35.71284984,-107.48531182,'Laudantium dicta alias tempore occaecati ducimus est fugit. Quaerat exercitationem quisquam sint aut.',28),('1922-08-07',-45.94092795,134.94828162,'Inventore excepturi libero aut vel numquam corrupti veniam. Amet voluptatem a cumque non eos.',25),('1921-07-24',44.33085203,-100.94150838,'Quam totam impedit iusto dolorem et. Corporis ab non cumque explicabo numquam omnis enim nemo. Numquam cupiditate alias recusandae qui. Eum consectetur aliquam perferendis amet et facere.',2),('1933-10-07',-30.66540579,-38.05695924,'Incidunt ut vel a sunt illum voluptatem praesentium. In dolorem officiis rem. Maiores repudiandae eligendi ea non corporis doloremque aut aut.',37),('2003-01-07',85.5684173,-154.26719633,'Temporibus qui at asperiores ipsa in quo numquam. Eaque vitae qui aut et consequatur. Eos eos nulla et voluptatum.',23),('1942-02-20',26.51834336,127.9304777,'Eum repudiandae voluptatem non. In modi rerum et laudantium sit. Eum amet nam voluptatem et dolorum cum et placeat.',34),('2013-03-13',39.45997018,143.56773146,'Iste ut ipsa expedita non saepe harum maxime illum. Velit quo architecto est enim aliquid.',13),('1929-12-24',-51.80349842,156.58326872,'Eum corrupti totam in quo minus dolore qui rem. Sunt architecto et maiores eaque error. Labore aut et nostrum nostrum unde amet eos. Delectus quia dolores et et neque saepe impedit.',5),('1988-12-21',29.7504162,140.09732179,'Modi et accusantium accusamus et doloribus ad et. Qui et voluptates accusamus voluptas qui voluptatem neque. Quos voluptatibus sit id sit et nostrum iusto.',9),('1984-08-14',84.68505355,-166.21652869,'Amet quidem in et eligendi error ullam distinctio voluptate. Ut quo ullam beatae exercitationem.',18),('1986-03-02',78.60488209,-10.56764578,'Adipisci voluptatum qui vel. Accusantium deserunt ipsa laudantium dolor reiciendis in rerum.',43),('2000-07-10',43.98745753,57.40305964,'Molestiae minima soluta id accusamus voluptates eos. Eum vel adipisci fuga eaque. Voluptas quas id molestiae.',12),('1942-07-19',64.45699229,-140.71328942,'Consequatur commodi tempora consequuntur illum aut sit qui. Dolor eius debitis qui et occaecati. Ut praesentium et maxime atque laudantium accusamus aliquid. Eius debitis quibusdam doloremque non debitis.',17),('1970-02-24',18.46590816,-179.91100179,'Qui error qui impedit sit quaerat. Qui molestiae voluptate commodi sit expedita illo. Debitis voluptas consequuntur quasi autem corporis officiis.',44),('1941-03-07',-77.83326747,55.9661084,'Sapiente earum est velit sapiente et harum. Occaecati odit tempore at cum eaque. Veniam laboriosam ea ut soluta. Sit eaque facilis ea rerum praesentium velit fugiat.',23),('1978-03-10',-33.09916791,-80.64854008,'Est laborum accusantium vitae sed optio et. Molestiae et doloribus ducimus ipsam voluptatem eaque facilis. Explicabo quo quo et quod.',33),('1919-11-25',28.73979606,70.61401561,'Sequi quo laborum possimus at. Dolore iure dolorum consequatur libero. Ut rerum sint vero perferendis porro id.',38),('1986-02-10',60.39249059,140.24976179,'Et error repellendus aut vel et aut. Id ducimus temporibus omnis a quas assumenda tempore dolores. Magnam est numquam libero iusto sequi id occaecati deleniti. Voluptate modi maiores nesciunt dolores minus.',49),('1945-04-30',-10.95474768,158.47163691,'Maiores ipsam architecto optio sit quos est aut alias. Ipsam itaque sed delectus minus illo tempore ex ad. At laboriosam non est nisi eligendi et. Cum officiis non harum.',39),('1964-01-16',30.57843676,-174.94374415,'Velit excepturi quasi neque sit ipsa illo. Adipisci saepe quis cum dolor consectetur culpa aut. Deleniti id occaecati est.',2),('1967-07-14',-2.40096042,-41.37103803,'Maxime sequi quia officiis est suscipit. Omnis aut voluptatum totam modi. Nihil nam voluptatum molestias autem fugit.',37),('2005-07-25',-10.12957538,158.48525415,'Nihil consectetur corporis commodi consequatur. Provident provident qui et adipisci. Voluptatem tempore voluptas ullam magni odit.',19),('1959-02-22',-86.57156381,-111.16289598,'Molestias veritatis quasi accusamus sunt odio. Aut pariatur voluptas voluptas eos. In labore recusandae est assumenda cumque minus.',53),('2003-03-05',23.55447817,-63.61526812,'Libero reprehenderit quos aliquid eum eum vel vero. Placeat voluptas quis error ut. In molestiae esse perspiciatis provident. Omnis vitae id dignissimos nobis nobis accusantium tempore.',1),('2016-12-12',-89.81795663,52.66704647,'Rerum in libero similique quae nemo provident aut. Et sequi veniam ex aliquid fugiat velit. Accusantium molestias aut eveniet in quis est aut vel. Dolores dignissimos molestiae fugiat consequuntur labore atque esse.',31),('2005-06-16',61.24463779,114.2587893,'Dolorum et iste laudantium id. Pariatur perferendis sapiente qui magnam neque vel.',30),('2015-06-01',-48.15930265,111.9683615,'Expedita non voluptas facere. Nam sed aut expedita molestiae est. Eum aliquid eum nihil voluptas nemo odit. Vel minus itaque quibusdam totam aut inventore. Qui nulla amet consectetur ad autem quae.',6),('2013-08-01',-7.83038891,-93.29663802,'Non nulla tempora sequi corporis dolor atque quia nostrum. Cupiditate quidem praesentium nulla sed et sed eveniet. Hic consequatur maxime eaque. Amet est et omnis vel quas enim ad illum.',21),('1960-08-27',-71.33701406,154.0123226,'Ipsa temporibus ea et facere delectus sapiente. Veritatis voluptates et tempora omnis id aut aut. Libero officiis accusantium reprehenderit sed.',39),('2004-08-13',-79.97901775,-9.37459921,'Dolor enim eum maiores praesentium. Aliquid quis voluptatem tenetur et quis molestiae inventore. Minima sed tempore soluta sapiente voluptas. Id sint quasi repudiandae voluptates fuga commodi.',45),('2007-02-15',4.77262386,166.73803578,'Veniam maxime sit at enim quibusdam. Ipsam sit iste sit. Assumenda consequuntur provident sint molestiae dolor repudiandae.',40),('1965-11-30',34.78039261,-7.19253517,'Corporis pariatur qui quidem ea et voluptates nemo cumque. Aperiam rem earum enim accusamus. Nesciunt eos accusamus eum doloribus dolores quos dolore.',1),('1944-08-15',78.19384043,-149.35048759,'Modi dolorum veritatis quo enim ea non sunt expedita. Natus minima ipsum qui pariatur aliquam tempore sit.',23),('1955-05-20',-65.03747353,-16.04723904,'Quae odit quis unde. Porro aperiam eum recusandae in iure. Et et necessitatibus aut cupiditate id eaque soluta. Ea aut ut ut. Et consequuntur amet voluptatem inventore eum ut ab ipsam.',35),('1937-12-08',72.35843136,21.1139307,'Aut et enim ipsam sit atque sunt cupiditate. Sunt eligendi qui saepe quibusdam ut officiis. Nisi aut distinctio deserunt amet laborum et.',5),('1974-07-26',33.04183158,32.27831325,'In consequuntur ad eum molestiae explicabo neque. Veritatis eligendi repellat autem eum. Laboriosam accusantium quibusdam sequi repudiandae.',38),('1949-12-08',-42.88664953,73.0663325,'Minima minima ut modi enim omnis. Ea quis dolorum modi ipsam nesciunt.',17),('2000-06-25',-75.30083938,-47.73866157,'Sed doloribus excepturi ea minima consequatur. Facilis eos doloremque tenetur dolor consequatur. Aut necessitatibus autem laborum est perspiciatis. Sunt dolorem esse voluptatem quia labore corrupti aut.',32),('1933-02-08',-63.13980319,107.4654219,'Exercitationem ut totam omnis perspiciatis. Asperiores vel in minus ullam. Quaerat non impedit qui.',8),('2001-06-01',-27.72198222,77.8886325,'Dolorem suscipit mollitia sit dolores ut vero. Non ratione aspernatur autem ipsum autem reiciendis nam cupiditate. Quasi rerum quidem quia.',52),('1987-04-18',-43.55036265,74.33674085,'Natus qui repudiandae ducimus consequatur. Officia delectus sequi dolore inventore aut nostrum fugiat non. Asperiores fuga dolores sed nihil. Ea est harum qui odio quae quo.',3),('2000-02-19',-72.64604371,-137.30408827,'Et odio aut est est voluptas sed aut. Distinctio nihil temporibus sapiente optio sunt excepturi qui. Quod incidunt quisquam laudantium harum repellendus itaque commodi. Veritatis quibusdam blanditiis similique quam odio et et. Accusantium in molestias rerum est magni a.',4),('2004-06-09',8.00301303,-122.60844126,'Quibusdam distinctio at molestiae quo et. Quod placeat sint omnis enim. Blanditiis nobis tempore omnis excepturi quisquam autem. Voluptatem sit itaque optio.',46),('1929-06-16',-53.1515392,-85.81235872,'Aut voluptatem nisi voluptatum omnis. Similique et earum quasi et qui rem ea vitae. Omnis pariatur dignissimos qui ipsum ratione.',27),('1990-01-07',-7.23589899,55.06974952,'Est minima facere quidem aperiam reiciendis et delectus. Mollitia quia ea sapiente voluptatem debitis. Qui ut libero ut odio et. Vel cupiditate tempore expedita odit ipsum voluptatem.',34),('1929-12-07',-50.14274215,-122.58926765,'Ab id ut quam laudantium et cupiditate ut. Illum similique et cumque vitae eaque et. Molestias qui et earum enim est molestiae. Rerum omnis laboriosam aperiam molestiae dicta voluptas reiciendis dolorem.',15),('1960-12-05',-26.51172015,-24.50907573,'Sunt odio iusto quo sapiente sequi distinctio ipsa. Quia est perspiciatis nostrum est est. Non et aperiam illo eos et enim recusandae.',3),('1963-01-17',24.46520263,-63.25447044,'Sunt provident odit asperiores aliquid quas. Reprehenderit inventore molestiae autem incidunt quia voluptate. Repellat dolor qui explicabo sit voluptatum non.',20),('1954-04-08',-21.00430986,90.07064079,'Veritatis voluptatem qui et eveniet eveniet similique deserunt. Aspernatur aut nisi ipsam voluptate. Corrupti similique sint voluptas assumenda. Odit blanditiis aut et sint et aut illum.',48),('1932-01-13',66.05523464,112.49717828,'Omnis quam eos quo ut soluta et ut. Necessitatibus commodi qui reiciendis quis vitae. Dolores expedita occaecati nesciunt quibusdam natus. Nam nesciunt sequi maxime aperiam voluptatem quasi itaque.',44),('1998-05-23',-39.12805595,2.83427459,'Ut quae et in quis in odit et. Laudantium velit perferendis rem et omnis sunt consequatur. Quia eos qui laudantium in. Voluptas expedita porro nihil id est aut et aperiam.',27),('2002-12-14',-80.21962272,156.78022082,'Molestiae iusto qui molestiae autem expedita voluptatibus. Voluptatem eveniet dolore inventore ex assumenda repudiandae. Rerum et consequuntur fugit. Maxime cum neque modi tempore magni qui.',9),('1941-03-30',-40.62084935,-52.62739855,'In est eius aut et voluptas rem. Et aspernatur laudantium voluptas est. Dolorem debitis blanditiis fuga.',9),('1952-05-27',-0.45586912,-55.6140574,'Est nesciunt quo commodi explicabo sit illum. Odio id deserunt quia earum aperiam. Aut voluptatem soluta rerum doloremque vitae et reiciendis. Unde quod voluptas et aut.',35);
-- 	(FROM_UNIXTIME(ROUND((RAND() * 1387888821 + 1))),-29.18489406,-55.40960435,'In qui optio optio at dolorum et quasi. Expedita quia quas illum fugiat quia consectetur. Soluta eum ea consequatur facilis ipsa rerum magnam nostrum.'),
-- 	(FROM_UNIXTIME(ROUND((RAND() * 1387888821 + 1))),76.61079858,-92.02848641,'Quis esse in velit voluptates. Ut earum dignissimos reprehenderit temporibus eos consequatur temporibus. Dolor id distinctio neque.'),
-- 	(FROM_UNIXTIME(ROUND((RAND() * 1387888821 + 1))),62.04592099,79.74726421,'Soluta et beatae laboriosam iure. Quidem aut ducimus eos sint eligendi. Est ut ut harum. Vero consequuntur magnam id voluptatem. Itaque cumque sed debitis pariatur suscipit.'),
-- 	(FROM_UNIXTIME(ROUND((RAND() * 1387888821 + 1))),-85.49626479,65.70641382,'Eos beatae ad aut sed error soluta minus. Pariatur quia suscipit aliquid sequi ut. Iste beatae blanditiis itaque ullam atque et. Ad eum perferendis architecto velit.'),
-- 	(FROM_UNIXTIME(ROUND((RAND() * 1387888821 + 1))),73.57418082,-74.71747572,'Ex in ab aspernatur qui expedita consequatur. Inventore laudantium non soluta facere vel et. Error expedita illum quisquam ab quo deleniti.'),
-- 	(FROM_UNIXTIME(ROUND((RAND() * 1387888821 + 1))),62.97778595,87.07501314,'Facilis et voluptas et dolores magnam. Aut quam recusandae et ipsa tempore. Enim et enim quia aliquid qui animi ea adipisci. Qui rerum ut totam amet placeat ipsam adipisci non.'),
-- 	(FROM_UNIXTIME(ROUND((RAND() * 1387888821 + 1))),0.79848646,-62.29413098,'Odit nostrum suscipit accusamus molestiae incidunt. Dolor sit iusto nemo quae officiis dolorem. Quasi explicabo consectetur molestias occaecati labore maxime illo.'),
-- 	(FROM_UNIXTIME(ROUND((RAND() * 1387888821 + 1))),-0.26339012,-136.65662816,'Dolore excepturi occaecati ut modi totam est consectetur voluptas. Eum doloremque corrupti quas est minus tempora qui. Provident illum ducimus odio fugit molestiae consequatur omnis. Sapiente et iure in qui rem eum reiciendis.'),
-- 	(FROM_UNIXTIME(ROUND((RAND() * 1387888821 + 1))),-43.17610472,-158.35231214,'Repellat repellat delectus accusamus facere et non. Itaque dolor ratione cum. Et voluptas a ea consequatur voluptas ea in. Nihil hic animi nesciunt qui.'),
-- 	(FROM_UNIXTIME(ROUND((RAND() * 1387888821 + 1))),33.34162317,-161.03511711,'Hic eum veniam recusandae sed laboriosam dolore. Quae vel in fugiat tenetur quam eos. Totam ipsa facere vero iure ut.'),
-- 	(FROM_UNIXTIME(ROUND((RAND() * 1387888821 + 1))),75.30311615,-127.03668335,'Consequatur quia est non recusandae. Hic accusamus enim similique quod saepe et. Quia qui aut enim maiores quia sit est facere.'),
-- 	(FROM_UNIXTIME(ROUND((RAND() * 1387888821 + 1))),-0.38374846,-12.43888622,'Dolores magnam repellendus inventore cupiditate rerum quia ipsam maxime. Totam autem quia nisi beatae sequi vero.'),
-- 	(FROM_UNIXTIME(ROUND((RAND() * 1387888821 + 1))),10.90248684,20.57979425,'Dolorem consequatur illum enim est deleniti. Fugiat fugiat qui et eos.'),
-- 	(FROM_UNIXTIME(ROUND((RAND() * 1387888821 + 1))),-19.29221729,-60.19118607,'Dolorem ipsa itaque numquam error ipsum quis sed. Unde ipsa minus sit dolores doloribus veniam. Aperiam quia et quia veritatis eligendi odio quam ab. Saepe voluptas et est repellat in nesciunt et.'),
-- 	(FROM_UNIXTIME(ROUND((RAND() * 1387888821 + 1))),-83.54341210,57.48697322,'Ducimus id id at. Molestiae voluptatum qui aliquam ut. Sunt sit ut ut. Necessitatibus sint quos est occaecati quis aliquam et.'),
-- 	(FROM_UNIXTIME(ROUND((RAND() * 1387888821 + 1))),-35.94983029,-2.42205964,'Assumenda fuga minima quaerat officiis ut qui mollitia. Ut autem saepe laboriosam quod. Nemo voluptas hic sunt et harum. Cupiditate enim vitae odit maiores dolores quis minima.'),
-- 	(FROM_UNIXTIME(ROUND((RAND() * 1387888821 + 1))),-51.06160284,-124.17829947,'Qui alias distinctio eum molestiae. Repellat in ad culpa ut sint eligendi.'),
-- 	(FROM_UNIXTIME(ROUND((RAND() * 1387888821 + 1))),-2.85509017,120.21696425,'Doloribus maiores non ut voluptatem voluptas voluptate magni. Vitae perspiciatis eos quo error labore tenetur. Quam iste et excepturi natus est animi. Eum necessitatibus qui sapiente rerum aut odio dolorum. Ea delectus blanditiis at dolore dolorem.'),
-- 	(FROM_UNIXTIME(ROUND((RAND() * 1387888821 + 1))),-49.71980121,-3.27978213,'Consectetur qui eligendi expedita praesentium est sed. Qui quia temporibus dolorem adipisci quam. Voluptatibus id commodi est qui sapiente ut.'),
-- 	(FROM_UNIXTIME(ROUND((RAND() * 1387888821 + 1))),3.52809899,120.33971940,'Et soluta voluptatem dolor. Voluptatem assumenda voluptatem amet eum quam veritatis. Enim numquam qui placeat iusto modi dolores officia. Sunt omnis ut quis sit sapiente fugiat beatae. Aut non alias maiores.'),
-- 	(FROM_UNIXTIME(ROUND((RAND() * 1387888821 + 1))),-56.63853766,-42.34550384,'Sit cupiditate quae omnis unde quaerat. Magni qui nulla ratione qui ut aut ducimus. Sint a architecto ut quo veniam. Cum molestiae esse rerum corporis. Itaque aperiam accusamus cum dicta ratione.'),
-- 	(FROM_UNIXTIME(ROUND((RAND() * 1387888821 + 1))),39.12409382,14.16385138,'Voluptate quam autem facilis eum ea omnis molestiae. Deserunt commodi illum quis assumenda qui eius. Repudiandae qui est velit id vel.'),
-- 	(FROM_UNIXTIME(ROUND((RAND() * 1387888821 + 1))),-50.03223824,75.77046991,'Enim odio eligendi repellat temporibus iste. Veritatis laudantium delectus rerum. Ad qui accusamus quaerat ratione laborum et.'),
-- 	(FROM_UNIXTIME(ROUND((RAND() * 1387888821 + 1))),-14.84324994,-22.91387517,'Repellat eum sequi quia ut ducimus aut. Quod facere modi quo sed optio et.'),
-- 	(FROM_UNIXTIME(ROUND((RAND() * 1387888821 + 1))),-18.38320467,-59.55717975,'Rerum laborum inventore itaque animi iusto. Et atque ullam veritatis tenetur. Reiciendis qui laboriosam cum libero quo saepe reiciendis. Optio eos dicta eaque consectetur aut qui cupiditate.'),
-- 	(FROM_UNIXTIME(ROUND((RAND() * 1387888821 + 1))),-32.62342273,176.60932369,'Nostrum magnam illum quia perferendis fugiat eveniet unde consectetur. Voluptas impedit sit velit ullam aut. Esse mollitia perferendis quia omnis vel. Autem ut aut voluptas porro reprehenderit ipsam.'),
-- 	(FROM_UNIXTIME(ROUND((RAND() * 1387888821 + 1))),67.41256199,82.40510804,'Consequatur consequatur iusto quia voluptatibus dolorem architecto. Nemo voluptatem provident velit dolor quod explicabo. Eos animi doloremque ut perspiciatis iusto optio.'),
-- 	(FROM_UNIXTIME(ROUND((RAND() * 1387888821 + 1))),-7.13985981,-64.07468962,'Et consequatur voluptas et aliquid. Aut exercitationem et dicta molestias. Deserunt dolores iusto delectus ducimus. Officiis sit officia animi aliquam corrupti quia. Et sapiente repellendus fugit omnis.'),
-- 	(FROM_UNIXTIME(ROUND((RAND() * 1387888821 + 1))),55.41792527,-47.11573194,'Consequatur beatae voluptatibus harum quia. Rerum at adipisci ullam cum reiciendis nostrum. Ex at ut eos rerum eaque et quas. Quis vel sed dicta qui sed.'),
-- 	(FROM_UNIXTIME(ROUND((RAND() * 1387888821 + 1))),3.29369387,25.25810825,'Eum tempora doloremque autem vero iure repellat. Qui fugiat sed dolores aliquam dolor. A iure enim repellendus ipsam error non et beatae. Quas asperiores vel voluptas illum aperiam quia expedita.'),
-- 	(FROM_UNIXTIME(ROUND((RAND() * 1387888821 + 1))),70.55592999,-81.57870217,'Autem officiis praesentium facere voluptate est. Laboriosam pariatur eum cumque necessitatibus incidunt. Pariatur qui accusantium non aut pariatur rerum voluptatem. Voluptas deserunt modi velit voluptas deleniti dolorum alias.'),
-- 	(FROM_UNIXTIME(ROUND((RAND() * 1387888821 + 1))),66.03594939,-55.75796680,'Quibusdam et quia recusandae dolor ipsum eum libero suscipit. Amet nemo maxime voluptas esse et. Ut non sequi est et. Pariatur provident qui aut eligendi voluptatibus.'),
-- 	(FROM_UNIXTIME(ROUND((RAND() * 1387888821 + 1))),-19.78164232,-120.66820535,'Quo necessitatibus dolorem molestiae. Exercitationem autem eveniet omnis eius beatae et. Aut facere exercitationem debitis et vitae laboriosam ut.'),
-- 	(FROM_UNIXTIME(ROUND((RAND() * 1387888821 + 1))),54.31700881,35.24236544,'Voluptatem velit atque quia. Earum dicta fuga ut earum repellat incidunt voluptatum. Nihil porro occaecati ipsam voluptatem libero. Maxime corporis sed sit voluptates repellat eos quos.'),
-- 	(FROM_UNIXTIME(ROUND((RAND() * 1387888821 + 1))),67.80413156,-87.68078083,'Facere quam pariatur animi nobis enim. Repellendus sit cupiditate veniam ab repudiandae. Sapiente unde qui beatae sit sunt. Dolor voluptas ea quo nemo.'),
-- 	(FROM_UNIXTIME(ROUND((RAND() * 1387888821 + 1))),46.10953681,-130.36518873,'Aut animi voluptatem quis qui et eaque. Eum laborum cum nesciunt fugiat sed ut. Recusandae et qui ut voluptate et.'),
-- 	(FROM_UNIXTIME(ROUND((RAND() * 1387888821 + 1))),69.51644642,-133.68104079,'Enim eaque vel rem accusantium ut. Quidem magnam ut aliquam velit. Autem hic quo suscipit enim tempora.'),
-- 	(FROM_UNIXTIME(ROUND((RAND() * 1387888821 + 1))),-71.53933812,90.82297762,'Odit vel iusto eum quia non. Soluta enim neque exercitationem est perspiciatis sit. Quasi voluptates aut placeat quibusdam impedit asperiores. Ut autem occaecati eveniet possimus.'),
-- 	(FROM_UNIXTIME(ROUND((RAND() * 1387888821 + 1))),83.98548994,83.68342505,'Quos consequatur dolorum dolores maiores consequatur quia maiores. Est voluptates odio eligendi quod omnis dolorem vitae. Qui sunt dicta eum velit rerum. Eius maiores ipsam blanditiis sit.'),
-- 	(FROM_UNIXTIME(ROUND((RAND() * 1387888821 + 1))),31.94768594,22.84192743,'Tenetur vero quam iusto perferendis non. Quibusdam quisquam dicta veritatis reiciendis aut molestiae. Sit aut quos qui. Eveniet est est consequatur quae quasi.'),
-- 	(FROM_UNIXTIME(ROUND((RAND() * 1387888821 + 1))),-59.89510066,-36.59188907,'Ratione tempore ab fugit. Velit architecto a voluptas magni. Rerum ut delectus possimus.'),
-- 	(FROM_UNIXTIME(ROUND((RAND() * 1387888821 + 1))),6.64443100,105.35799351,'Dignissimos recusandae ut ab ipsum nulla. Eveniet rerum adipisci beatae earum voluptas. Nihil beatae neque est. Nobis dignissimos dignissimos iure tenetur illo. Temporibus excepturi magni asperiores modi velit necessitatibus sint.'),
-- 	(FROM_UNIXTIME(ROUND((RAND() * 1387888821 + 1))),-30.81360178,155.81289555,'Harum est in maiores ut hic molestiae. Voluptas aut qui architecto consequatur ipsa. Eius sunt velit adipisci dolores quod sunt. Necessitatibus quos vitae illum.'),
-- 	(FROM_UNIXTIME(ROUND((RAND() * 1387888821 + 1))),68.66047163,28.47807687,'Sed quisquam ut in et sint dolores ipsum. Deserunt voluptatem amet nisi modi natus vitae veniam. Harum doloremque ut facere aut et inventore.'),
-- 	(FROM_UNIXTIME(ROUND((RAND() * 1387888821 + 1))),-51.69318109,-98.02074050,'Non est magnam soluta quos aperiam voluptas. Doloribus sit quis eius ut quisquam numquam. Est magni perspiciatis ut rerum.'),
-- 	(FROM_UNIXTIME(ROUND((RAND() * 1387888821 + 1))),-50.45592350,-30.49177714,'Sed similique est odio eum animi possimus. Nemo dolorum dolor voluptatem alias officia. Nisi dolores inventore magni ipsam excepturi. Et eos deleniti hic quidem.'),
-- 	(FROM_UNIXTIME(ROUND((RAND() * 1387888821 + 1))),-80.95676131,89.33141309,'Deleniti optio laborum dolores nesciunt et placeat dolore. Provident molestias non eum. Debitis blanditiis molestiae qui eligendi distinctio sed. Et quaerat voluptatibus beatae. Sit accusamus qui temporibus.'),
-- 	(FROM_UNIXTIME(ROUND((RAND() * 1387888821 + 1))),-25.46215039,-75.14217636,'Deserunt id laborum dolorem laboriosam quas earum. Ratione praesentium amet et soluta molestiae quia voluptatem. In ipsum placeat molestiae temporibus et.'),
-- 	(FROM_UNIXTIME(ROUND((RAND() * 1387888821 + 1))),9.88115203,13.35995646,'Quia harum eius impedit voluptas dolores. Quae aut suscipit ex. Ipsam qui fuga qui enim. Et delectus consequatur rerum voluptatem inventore totam consectetur. Facere ab et sed et.'),
-- 	(FROM_UNIXTIME(ROUND((RAND() * 1387888821 + 1))),50.28510023,45.49156218,'Officiis est rerum mollitia odit dignissimos in minus. Et officia voluptatem omnis quo cumque. Tempore sit qui reiciendis voluptatum. Iure qui culpa eum maiores laboriosam. Et ut sed similique deleniti amet.'),
-- 	(FROM_UNIXTIME(ROUND((RAND() * 1387888821 + 1))),-15.89248535,-82.07207524,'Id harum corporis nulla est sit consectetur. Non libero eligendi consequatur earum itaque maiores quia autem. Architecto quibusdam sapiente vitae. Quasi officiis hic earum in quae.'),
-- 	(FROM_UNIXTIME(ROUND((RAND() * 1387888821 + 1))),51.47532830,-7.10991877,'Quibusdam est impedit libero molestias quasi corrupti. Et ad incidunt impedit maxime sequi. Quo impedit velit reprehenderit repudiandae aperiam illo ut. Magnam consequatur temporibus est occaecati.'),
-- 	(FROM_UNIXTIME(ROUND((RAND() * 1387888821 + 1))),61.26372832,147.77480480,'Et et est tempore iusto sapiente rem sunt. Delectus quia ipsam pariatur qui qui nam. Earum quos deleniti impedit saepe accusantium.'),
-- 	(FROM_UNIXTIME(ROUND((RAND() * 1387888821 + 1))),12.79550657,-0.60673588,'Voluptatem ipsum perferendis nihil magni et molestias autem. Temporibus voluptates dignissimos unde ipsum. Incidunt consectetur dolorem ad voluptatum et. Rerum tempora et laborum.'),
-- 	(FROM_UNIXTIME(ROUND((RAND() * 1387888821 + 1))),76.85493559,-32.59664804,'Quis eum voluptatem repellendus facere soluta nesciunt. Ducimus repellat nemo fugiat aut consequatur culpa. Voluptate non quisquam aliquam iste necessitatibus voluptatem. Sunt nihil blanditiis ut est sapiente et molestiae sit.'),
-- 	(FROM_UNIXTIME(ROUND((RAND() * 1387888821 + 1))),8.05041621,-4.73843814,'Consequatur consequatur est libero est nesciunt ut est id. Ut quis enim esse quo reprehenderit nobis dicta omnis. Quos aliquid ad nihil.'),
-- 	(FROM_UNIXTIME(ROUND((RAND() * 1387888821 + 1))),78.56400171,109.38455854,'Tempora adipisci numquam aliquam omnis quo placeat voluptatum. At quod ipsa eligendi impedit molestias eum ex. Voluptatibus aut adipisci nostrum quos optio. Iste consequatur deleniti voluptas earum.'),
-- 	(FROM_UNIXTIME(ROUND((RAND() * 1387888821 + 1))),58.79779638,100.64667057,'Veritatis corporis sed ea quisquam ab. Explicabo dignissimos et cupiditate. Fugiat animi numquam quae repudiandae atque aut autem et.'),
-- 	(FROM_UNIXTIME(ROUND((RAND() * 1387888821 + 1))),-19.29031628,-72.04337083,'Saepe sed eos a quasi sunt vel autem omnis. Tenetur labore ea odit dolorem suscipit est et. Nobis ut quod libero. Dolorem vero alias quae distinctio.'),
-- 	(FROM_UNIXTIME(ROUND((RAND() * 1387888821 + 1))),-3.40748181,-146.19497145,'Eum saepe omnis dicta est. Occaecati quia et et illum repellat. Voluptas non cum qui quo. Veritatis non excepturi sint perferendis aperiam magnam.'),
-- 	(FROM_UNIXTIME(ROUND((RAND() * 1387888821 + 1))),-88.36266755,-106.89265980,'Inventore necessitatibus qui totam. Quasi debitis et itaque alias ut quod quis. Blanditiis mollitia exercitationem sed facere architecto provident debitis adipisci. Et accusantium nihil ut repudiandae.'),
-- 	(FROM_UNIXTIME(ROUND((RAND() * 1387888821 + 1))),24.05264469,5.16890335,'Fugit iusto quasi aliquam veritatis non. Consequatur distinctio suscipit aut corrupti totam sed facilis. Beatae reiciendis natus non.'),
-- 	(FROM_UNIXTIME(ROUND((RAND() * 1387888821 + 1))),-88.17193382,157.89958962,'Labore rerum unde delectus voluptatem. Occaecati repellendus voluptatem sed voluptas est et.'),
-- 	(FROM_UNIXTIME(ROUND((RAND() * 1387888821 + 1))),-15.36824634,-56.83917565,'Ut quisquam est nulla deserunt optio. Architecto molestiae corporis repudiandae ducimus. Quis error nesciunt corrupti cumque quaerat occaecati dolore. Et non minus molestias officia.'),
-- 	(FROM_UNIXTIME(ROUND((RAND() * 1387888821 + 1))),-84.28549829,-120.03315917,'Sequi natus quae et vel quas voluptatem. Id consequatur dolor est incidunt ullam sed illum voluptatem. Quibusdam cupiditate aut architecto sed. Et excepturi porro voluptates repellendus et vero.'),
-- 	(FROM_UNIXTIME(ROUND((RAND() * 1387888821 + 1))),-4.78563056,84.86838627,'Voluptatum asperiores animi dolorem nemo occaecati magnam. Nam odit et excepturi in et accusantium deleniti et. Odit fugit amet consectetur adipisci eos libero ea. Quisquam dolore quia consectetur beatae autem cum est.'),
-- 	(FROM_UNIXTIME(ROUND((RAND() * 1387888821 + 1))),-43.27723272,102.84359807,'Et aliquid ipsam totam libero. Est fugiat veniam est deleniti. Rem soluta quisquam assumenda dignissimos unde commodi.'),
-- 	(FROM_UNIXTIME(ROUND((RAND() * 1387888821 + 1))),-35.56963722,32.54526815,'Mollitia animi sed numquam deserunt quos. Qui doloremque facilis voluptatem earum et. Animi voluptatem sit consequatur eveniet illum ipsum. Facere in earum laborum dolor dolorum blanditiis.'),
-- 	(FROM_UNIXTIME(ROUND((RAND() * 1387888821 + 1))),75.24223068,101.35010034,'Adipisci vero eum vitae officiis impedit alias et. Quibusdam sed nihil dolorum ea quasi qui est. Qui ea rerum ea quas ipsum omnis totam. Sequi ut maxime repellat quidem suscipit libero quaerat fugit.'),
-- 	(FROM_UNIXTIME(ROUND((RAND() * 1387888821 + 1))),88.52854315,-97.89921347,'In esse quidem adipisci odit numquam. Ea est quasi recusandae ipsa qui. Eligendi ipsam nihil adipisci incidunt.'),
-- 	(FROM_UNIXTIME(ROUND((RAND() * 1387888821 + 1))),37.16770423,-120.87956443,'Et et quia dignissimos qui. Perferendis est accusamus ea voluptatem.'),
-- 	(FROM_UNIXTIME(ROUND((RAND() * 1387888821 + 1))),89.44056974,176.90423895,'Laborum aut cumque harum quia consequatur accusantium. Natus consequatur aut corrupti fugit qui magni sequi odit. Reprehenderit voluptatem aut possimus ut. Doloremque et blanditiis ut est inventore aut quaerat ipsa.'),
-- 	(FROM_UNIXTIME(ROUND((RAND() * 1387888821 + 1))),60.73471347,154.62046689,'Cum voluptatem unde nulla quas aliquid. Aliquam ex modi aut. Modi incidunt facere beatae labore. Optio facere mollitia optio ut.'),
-- 	(FROM_UNIXTIME(ROUND((RAND() * 1387888821 + 1))),-67.89334494,-30.87509985,'Nesciunt aut nisi quas nihil praesentium. Consectetur possimus qui est ipsa molestiae beatae fugiat. Aliquid magni et temporibus ut.'),
-- 	(FROM_UNIXTIME(ROUND((RAND() * 1387888821 + 1))),20.66670835,93.30227837,'Et dolorem accusantium quod non laboriosam numquam incidunt enim. Nulla voluptatibus iusto consequatur aut omnis esse vel. Est odio sit in itaque impedit non dolorem. Quos enim iusto quos ullam praesentium.'),
-- 	(FROM_UNIXTIME(ROUND((RAND() * 1387888821 + 1))),-10.67545646,156.66667721,'Nam quos voluptatibus saepe vitae fugit. Eius blanditiis distinctio aspernatur ea minima. Sapiente neque minus voluptas voluptatem autem unde sit. Debitis corporis molestias ut facere expedita.'),
-- 	(FROM_UNIXTIME(ROUND((RAND() * 1387888821 + 1))),84.61527228,125.45490037,'Cum ut iste est praesentium laudantium ipsum. Cumque ab et quasi aut. Vitae dolorum et quasi rerum animi. Rerum sit et hic veritatis recusandae ratione aliquam laboriosam.'),
-- 	(FROM_UNIXTIME(ROUND((RAND() * 1387888821 + 1))),-83.37408676,-83.24609791,'Atque quibusdam quo fugiat dolor cupiditate. Rem quam quo labore ratione cum autem et. Explicabo dolores consequatur et commodi suscipit. Ut perspiciatis nostrum quos odio vel. Praesentium explicabo aut in.'),
-- 	(FROM_UNIXTIME(ROUND((RAND() * 1387888821 + 1))),57.90906059,-103.04703340,'Alias quam blanditiis in dignissimos. Quam tempore magnam deleniti repudiandae iusto. Voluptatum suscipit quo recusandae aut et et ullam. Et rerum impedit consequatur porro earum. Corrupti sint labore rerum commodi qui id.'),
-- 	(FROM_UNIXTIME(ROUND((RAND() * 1387888821 + 1))),51.03795774,-105.80965035,'Facilis natus commodi suscipit repellendus. Aliquam quod nihil omnis fugit odio natus. Est aut vel eos voluptate doloremque iste. Sed inventore ullam nisi nulla.'),
-- 	(FROM_UNIXTIME(ROUND((RAND() * 1387888821 + 1))),58.69200729,-93.19091137,'Quod esse fugit facilis provident voluptatem. Fuga incidunt ut est numquam assumenda suscipit aut. Impedit ut incidunt maxime quo. Nesciunt magnam iste et totam autem qui expedita consequuntur. Non sint quia optio neque odio tempore architecto.'),
-- 	(FROM_UNIXTIME(ROUND((RAND() * 1387888821 + 1))),67.15828497,36.63954823,'Aut sed libero ut magnam. Aliquam dignissimos molestiae aut earum consequatur earum non. In consequatur doloribus molestiae earum praesentium. Doloribus voluptatem mollitia nulla voluptatem quo et.'),
-- 	(FROM_UNIXTIME(ROUND((RAND() * 1387888821 + 1))),-26.61729432,19.87698760,'Dolore iste minima nobis quis fuga illo consectetur. Mollitia nobis minima in iure et ut fugiat earum.'),
-- 	(FROM_UNIXTIME(ROUND((RAND() * 1387888821 + 1))),-0.50342151,-52.81627737,'Molestiae sit iste aliquam omnis debitis aut qui sed. Illum aspernatur ea pariatur. Porro architecto non velit. Temporibus error unde nisi est et itaque velit.'),
-- 	(FROM_UNIXTIME(ROUND((RAND() * 1387888821 + 1))),-8.82048756,34.44247002,'Animi pariatur et necessitatibus. Sed quos esse occaecati aliquam repudiandae dicta. Minus assumenda commodi necessitatibus corrupti maiores.'),
-- 	(FROM_UNIXTIME(ROUND((RAND() * 1387888821 + 1))),-75.21766919,124.33881509,'Voluptatibus molestias qui in enim sequi itaque non. Non corporis minus molestias. Adipisci tenetur est consequatur. Nihil et aut sit corrupti perferendis perspiciatis natus.'),
-- 	(FROM_UNIXTIME(ROUND((RAND() * 1387888821 + 1))),29.05469075,-83.66216553,'Deserunt id et laudantium quis. Odit quos quis magni non optio suscipit rem. Eveniet architecto nisi est occaecati rerum et omnis. Delectus voluptatem minus aut sapiente voluptate est numquam.'),
-- 	(FROM_UNIXTIME(ROUND((RAND() * 1387888821 + 1))),-7.31708661,143.10145440,'Ullam veniam facere voluptatem odit. Occaecati occaecati impedit dolorem quo. Esse quia est adipisci et. Voluptatum voluptas numquam molestiae quia explicabo soluta.'),
-- 	(FROM_UNIXTIME(ROUND((RAND() * 1387888821 + 1))),-17.55580027,73.84149107,'Molestiae porro atque dolore ut consequuntur provident. In aspernatur est fugiat rerum. Est officia ipsam sit exercitationem. Omnis eum aut ipsam voluptas.'),
-- 	(FROM_UNIXTIME(ROUND((RAND() * 1387888821 + 1))),14.36236263,81.23026461,'Sed nemo error ratione praesentium non. Ratione tenetur quas deserunt mollitia ea nihil omnis.'),
-- 	(FROM_UNIXTIME(ROUND((RAND() * 1387888821 + 1))),66.92556763,23.21298339,'Provident molestias inventore recusandae sequi. Voluptatibus deserunt est neque dolores harum sit. Harum quo ut quia quod dignissimos.'),
-- 	(FROM_UNIXTIME(ROUND((RAND() * 1387888821 + 1))),-23.10775593,50.89927056,'Ratione temporibus id error adipisci asperiores provident. Porro repellat ut unde consectetur quisquam. Cum hic nostrum ipsum et animi nihil explicabo quos. Eum est vero quidem temporibus vel ipsum.'),
-- 	(FROM_UNIXTIME(ROUND((RAND() * 1387888821 + 1))),-44.41563247,7.51446580,'Aut ut quisquam vel ea molestiae et. Quos eum et et sapiente dolorem totam sed nesciunt. Voluptatem et repellendus vel et vitae cupiditate. Numquam ratione ut ut. Illum doloremque atque cupiditate aliquam qui.'),
-- 	(FROM_UNIXTIME(ROUND((RAND() * 1387888821 + 1))),20.69328644,-136.94584623,'Numquam vitae voluptas hic qui. Alias nam libero enim aut provident sequi magnam. Magnam delectus voluptate autem beatae necessitatibus voluptas sed aut.'),
-- 	(FROM_UNIXTIME(ROUND((RAND() * 1387888821 + 1))),-19.07968307,-89.07810779,'Voluptatem accusamus qui aut. Qui necessitatibus unde nihil est ut consequuntur sed. Nostrum reiciendis excepturi quo consequuntur error sequi. Iste impedit incidunt fuga quis nemo est dolores. Quae voluptatum odit sed molestias voluptatum soluta quia.'),
-- 	(FROM_UNIXTIME(ROUND((RAND() * 1387888821 + 1))),13.67560070,-29.18356205,'Qui rerum ipsa officiis ipsam quaerat. Quo quo aut facilis iusto fugit delectus perferendis. Adipisci minus quas et est nulla excepturi sit.'),
-- 	(FROM_UNIXTIME(ROUND((RAND() * 1387888821 + 1))),67.45967633,110.05661820,'Eveniet qui fugiat vitae itaque expedita quas. Sunt esse fuga est voluptas minus dolores sed. Officiis aut ad ratione ex doloremque. Asperiores earum voluptatum rerum nemo at.'),
-- 	(FROM_UNIXTIME(ROUND((RAND() * 1387888821 + 1))),-49.39410635,73.62420615,'Ratione aliquid sit et et qui. Quos sit sint omnis autem. Architecto sed sed quaerat reiciendis.'),
-- 	(FROM_UNIXTIME(ROUND((RAND() * 1387888821 + 1))),29.03481734,102.74087601,'Aliquid facilis neque cum doloribus error repudiandae veniam. Odio repellat qui ex quos perferendis cum. Id omnis minus labore dolorem exercitationem.'),
-- 	(FROM_UNIXTIME(ROUND((RAND() * 1387888821 + 1))),-77.24456283,111.70088374,'Qui et libero aspernatur sed. Et incidunt vitae minima voluptatum necessitatibus et dolorem. Voluptas corporis tenetur maxime debitis omnis doloremque et.'),
-- 	(FROM_UNIXTIME(ROUND((RAND() * 1387888821 + 1))),12.07962968,-130.78344754,'Non quos et ex repellat placeat. At nobis sed qui qui repudiandae. Nesciunt velit et et omnis nostrum natus magnam.'),
-- 	(FROM_UNIXTIME(ROUND((RAND() * 1387888821 + 1))),-34.69071823,6.11497798,'Ut veritatis fuga quae in tempora omnis. Quisquam ad corrupti aliquam. Esse voluptates hic quod illum ducimus.'),
-- 	(FROM_UNIXTIME(ROUND((RAND() * 1387888821 + 1))),-61.93186500,118.52058004,'Laboriosam iure eius expedita eaque perspiciatis consequatur qui. Quaerat vel est eum distinctio natus nesciunt. Cumque nihil rerum sapiente maxime. Saepe quos temporibus vel id consequatur ipsum ea. Omnis deleniti repudiandae delectus expedita aut dolorum consectetur.'),
-- 	(FROM_UNIXTIME(ROUND((RAND() * 1387888821 + 1))),-0.46427307,-32.49500171,'Et hic consequatur aut incidunt. Occaecati ipsa voluptatum corrupti exercitationem commodi consequatur sed. Ipsa maiores blanditiis consequatur dolorem eius distinctio.'),
-- 	(FROM_UNIXTIME(ROUND((RAND() * 1387888821 + 1))),31.95460050,22.25801807,'Deleniti minima nihil neque accusantium. Delectus atque sint quia labore. Est temporibus dignissimos assumenda pariatur.'),
-- 	(FROM_UNIXTIME(ROUND((RAND() * 1387888821 + 1))),-39.65463049,-39.99091492,'Aut labore impedit quas est neque hic nobis. Quia fugiat suscipit asperiores illum dignissimos. Qui autem voluptatem commodi inventore et autem. Voluptates illum beatae eum nulla consequatur.'),
-- 	(FROM_UNIXTIME(ROUND((RAND() * 1387888821 + 1))),45.56211890,77.84619040,'Ea dolorem et alias magni asperiores alias. Similique nihil consequatur vel recusandae. Reprehenderit possimus consequatur ut quod ut voluptatem voluptatibus. Ad perferendis cum sed.'),
-- 	(FROM_UNIXTIME(ROUND((RAND() * 1387888821 + 1))),22.64254370,65.20611026,'Quia sequi pariatur tenetur qui. Facere perspiciatis ab corporis delectus necessitatibus fuga excepturi. Debitis natus consequuntur dignissimos voluptas nobis neque odit aliquid.'),
-- 	(FROM_UNIXTIME(ROUND((RAND() * 1387888821 + 1))),10.43002671,-120.92642664,'Rerum nostrum sed beatae nesciunt vel quis et. Omnis nostrum officia dolorem a minus. Voluptas tenetur autem natus.'),
-- 	(FROM_UNIXTIME(ROUND((RAND() * 1387888821 + 1))),39.58461830,10.73815465,'Fuga qui molestiae necessitatibus dolorem enim perferendis et. Ea aliquam velit et cupiditate. Ipsum amet enim quod qui commodi.'),
-- 	(FROM_UNIXTIME(ROUND((RAND() * 1387888821 + 1))),-14.88402295,-85.69540384,'Totam nemo mollitia ipsa voluptatem. Placeat voluptas laboriosam officia dicta magnam molestiae. Sit rerum dolores id illum. Quidem culpa quo pariatur illo hic dolor.'),
-- 	(FROM_UNIXTIME(ROUND((RAND() * 1387888821 + 1))),-33.75911337,-49.98505990,'Quis est quae laborum rem impedit. Consequatur sed nostrum itaque itaque placeat. Repellendus enim unde animi numquam veniam.'),
-- 	(FROM_UNIXTIME(ROUND((RAND() * 1387888821 + 1))),-16.57500813,-98.04144146,'Sit unde hic doloribus rerum reiciendis. In numquam et natus maxime consequuntur pariatur rerum. Perferendis totam et aperiam repellendus incidunt.'),
-- 	(FROM_UNIXTIME(ROUND((RAND() * 1387888821 + 1))),-15.58646885,70.83813044,'Quia deserunt architecto non est et modi rem. Inventore error nobis error sit. Et aut voluptatem nihil praesentium.'),
-- 	(FROM_UNIXTIME(ROUND((RAND() * 1387888821 + 1))),55.80335393,-25.04699476,'Totam dolorem provident magnam optio dignissimos non. In rerum esse non omnis vel accusantium. Quia enim quia sint omnis a quia voluptatum.'),
-- 	(FROM_UNIXTIME(ROUND((RAND() * 1387888821 + 1))),-21.98315690,-119.49767291,'Totam aut velit quia officiis inventore eligendi. Quam accusamus nobis laboriosam. Porro provident maxime quo sequi numquam distinctio laborum.'),
-- 	(FROM_UNIXTIME(ROUND((RAND() * 1387888821 + 1))),-45.34128585,90.69804519,'Officia minima omnis rerum deleniti excepturi exercitationem facilis. Aut aperiam voluptatem harum facilis doloribus numquam. Expedita mollitia optio voluptatem dolorem velit quod saepe.'),
-- 	(FROM_UNIXTIME(ROUND((RAND() * 1387888821 + 1))),59.32972797,142.47385135,'Et qui maxime molestias et enim nihil. Quia illum explicabo qui accusamus porro velit laboriosam. Culpa voluptas rerum minus sed.'),
-- 	(FROM_UNIXTIME(ROUND((RAND() * 1387888821 + 1))),49.43117985,96.22752201,'Est molestias praesentium minus nisi quisquam amet ad. Ipsum temporibus explicabo cumque vitae molestias provident ut aut. Minima ea id aliquid neque reiciendis asperiores laudantium nam. Optio corrupti voluptate qui odit.'),
-- 	(FROM_UNIXTIME(ROUND((RAND() * 1387888821 + 1))),76.02681915,-94.82064135,'Quidem sed saepe non voluptatum distinctio ipsum. Quidem quisquam et qui explicabo. Totam explicabo cumque dolorem dolore cumque. Perspiciatis temporibus aut repudiandae quidem et.'),
-- 	(FROM_UNIXTIME(ROUND((RAND() * 1387888821 + 1))),-64.08856875,-60.37706014,'Ad doloribus similique et nulla voluptate. Qui dignissimos fugit repellendus sit repellat.'),
-- 	(FROM_UNIXTIME(ROUND((RAND() * 1387888821 + 1))),-67.17490704,1.79030168,'Vero odit quod neque voluptates ad accusantium debitis quo. Nobis ad minima amet itaque aliquam. Perspiciatis nulla blanditiis mollitia tempora. Ut ut harum aspernatur est hic earum qui. Eligendi et temporibus fugiat qui voluptates.'),
-- 	(FROM_UNIXTIME(ROUND((RAND() * 1387888821 + 1))),-35.84579311,81.34806858,'Eligendi facere rerum dolorem perspiciatis et non aut aut. Aut eos iusto sit odit dignissimos. Totam cum maiores voluptatem sed corrupti corrupti qui.'),
-- 	(FROM_UNIXTIME(ROUND((RAND() * 1387888821 + 1))),-88.58278052,103.21119934,'Repellat occaecati laboriosam asperiores repellendus rerum. Incidunt sint impedit officiis doloribus vitae qui. Laudantium laboriosam rem in omnis quis. Dolor aut quia blanditiis consequuntur libero sunt harum.'),
-- 	(FROM_UNIXTIME(ROUND((RAND() * 1387888821 + 1))),54.70505270,173.31681423,'Vel architecto quia eos. Et aut commodi aut qui rerum autem. Fugit eum non et minus ut. Optio perferendis molestiae earum hic.'),
-- 	(FROM_UNIXTIME(ROUND((RAND() * 1387888821 + 1))),-0.38802927,-45.03398822,'Atque quia nobis eveniet alias nisi. Et sit deserunt aut culpa quae. Fugit voluptate ipsum est fugit sequi molestias aliquid fuga.'),
-- 	(FROM_UNIXTIME(ROUND((RAND() * 1387888821 + 1))),87.30008614,6.77069611,'Dignissimos ut eveniet eveniet et temporibus doloribus. Quaerat sed quo eaque et sunt optio officia. Qui nesciunt dignissimos quaerat eos.'),
-- 	(FROM_UNIXTIME(ROUND((RAND() * 1387888821 + 1))),-62.74214014,179.85408515,'At alias alias dolorem occaecati ut corporis voluptatem. Nihil quidem voluptas voluptatem vitae quis sunt. Necessitatibus doloremque nihil minus esse deserunt. Eius porro sunt sequi praesentium aperiam.'),
-- 	(FROM_UNIXTIME(ROUND((RAND() * 1387888821 + 1))),73.47501477,-165.28890481,'Nostrum occaecati quia qui necessitatibus deleniti omnis. In dolor delectus recusandae voluptas magnam minima qui. Quia occaecati voluptas sed eos facere suscipit quasi. Ipsum illo nulla nulla ipsum est.'),
-- 	(FROM_UNIXTIME(ROUND((RAND() * 1387888821 + 1))),-81.62583919,164.74358388,'Dolore reiciendis occaecati dicta aut cum cupiditate qui. Repudiandae ducimus error et. Magni corporis eum dolor corrupti ipsa magnam.'),
-- 	(FROM_UNIXTIME(ROUND((RAND() * 1387888821 + 1))),17.56135261,-75.66756294,'Omnis suscipit soluta aperiam blanditiis qui consequatur molestiae. Reiciendis eius doloribus est omnis earum neque. Ipsum nostrum magnam amet optio vel autem dolor.'),
-- 	(FROM_UNIXTIME(ROUND((RAND() * 1387888821 + 1))),-17.84805561,177.11019488,'Esse officiis animi sapiente fuga itaque non vero voluptatem. Qui voluptatum animi aut praesentium ut et dolores. Debitis natus unde explicabo non.'),
-- 	(FROM_UNIXTIME(ROUND((RAND() * 1387888821 + 1))),80.68641870,47.93618967,'Ducimus iusto quo quasi tenetur rerum. Vitae eligendi repudiandae deserunt quibusdam quasi quia eligendi. Nisi modi voluptatibus et consequatur fugit aut qui rerum. Natus eos ab qui cupiditate.'),
-- 	(FROM_UNIXTIME(ROUND((RAND() * 1387888821 + 1))),-23.44539432,33.50329303,'Earum hic repellat numquam. Et saepe et et et. Quia maxime tempora atque.'),
-- 	(FROM_UNIXTIME(ROUND((RAND() * 1387888821 + 1))),-88.73920008,22.52114730,'Odit nihil fugit et voluptatibus nobis asperiores. Voluptatem et mollitia debitis perspiciatis velit tempore. Quia qui dolores ratione eos beatae non. Ea nesciunt doloremque possimus distinctio.'),
-- 	(FROM_UNIXTIME(ROUND((RAND() * 1387888821 + 1))),63.77791639,163.40046118,'Est asperiores sunt quibusdam voluptas consequuntur. Sapiente laborum magnam quo explicabo tenetur dolore. Quae quam dolores ex nam eos. Recusandae aliquam doloribus nemo totam. Expedita sed tenetur asperiores vero similique.'),
-- 	(FROM_UNIXTIME(ROUND((RAND() * 1387888821 + 1))),62.08595740,-129.33495024,'Enim ipsam quis iusto fugiat dolores atque natus. Autem officiis et non fugiat et quisquam. Debitis sunt voluptatem facilis nulla quo in. Optio amet est consequatur dolorum quas.'),
-- 	(FROM_UNIXTIME(ROUND((RAND() * 1387888821 + 1))),27.81521145,159.18814396,'Aspernatur quisquam quo dolorem eaque ex. Atque incidunt ut assumenda cupiditate omnis voluptatum qui. Aliquid dolor qui molestiae ea dolor excepturi.'),
-- 	(FROM_UNIXTIME(ROUND((RAND() * 1387888821 + 1))),48.28488485,26.96519632,'Dolores officia est ratione et quos ex. Ut a similique distinctio commodi qui quibusdam aperiam.'),
-- 	(FROM_UNIXTIME(ROUND((RAND() * 1387888821 + 1))),32.21740904,86.75562709,'Non ut reprehenderit qui repellendus optio repellendus doloremque. Veniam omnis aliquam dicta eveniet reprehenderit pariatur. Quam labore aut qui accusamus soluta.'),
-- 	(FROM_UNIXTIME(ROUND((RAND() * 1387888821 + 1))),31.69927910,26.29972283,'Hic nostrum vel similique inventore occaecati. Voluptas ipsum repellendus veniam exercitationem. Laudantium aut aut vel. Voluptatem occaecati consequatur quae natus ipsa repellat quia.'),
-- 	(FROM_UNIXTIME(ROUND((RAND() * 1387888821 + 1))),33.67454516,40.82572096,'Totam saepe tempora cumque atque minima quidem ratione. Hic id sapiente neque aspernatur placeat fuga rerum velit. Aliquam quaerat temporibus velit aut fuga. Eos nam est quis sed id suscipit commodi.'),
-- 	(FROM_UNIXTIME(ROUND((RAND() * 1387888821 + 1))),-29.16389312,-117.32277606,'Voluptatem velit dolorem ea perspiciatis culpa voluptatem. Quia aspernatur est delectus eius. Ratione fugiat earum consequatur libero.'),
-- 	(FROM_UNIXTIME(ROUND((RAND() * 1387888821 + 1))),73.87033634,67.86194997,'Voluptatum quisquam sed est optio sed est. Natus dolor beatae nemo voluptas alias impedit.'),
-- 	(FROM_UNIXTIME(ROUND((RAND() * 1387888821 + 1))),72.31730010,-179.04034568,'Et id pariatur adipisci quasi sint laborum. Quia dolores vitae consectetur aut iusto. Eius neque soluta enim est et.'),
-- 	(FROM_UNIXTIME(ROUND((RAND() * 1387888821 + 1))),35.06405256,-151.57129614,'Nulla aliquid ut delectus et. Quasi libero et quisquam quibusdam ut voluptas et. Velit officiis est quia non nihil dolores quia. Amet et velit illo eius quia ad velit.'),
-- 	(FROM_UNIXTIME(ROUND((RAND() * 1387888821 + 1))),81.77462484,-20.05544486,'Asperiores qui ut non aut. Dolorem minus nesciunt eum veniam ea. Nihil ut autem possimus omnis. Numquam ea sequi ad voluptatem id nemo enim.'),
-- 	(FROM_UNIXTIME(ROUND((RAND() * 1387888821 + 1))),-71.80508753,-19.87420816,'Et nihil autem molestiae earum. Laboriosam eum corrupti eius voluptas et. Et deserunt soluta eos et magnam. Deserunt incidunt voluptas sit atque nobis.'),
-- 	(FROM_UNIXTIME(ROUND((RAND() * 1387888821 + 1))),-6.83940898,119.68928657,'Officia iure et velit error ut atque eligendi. Et nihil qui vero sint consequuntur at minus. Vel dolore repellat voluptatem velit. Beatae aliquam qui autem nulla expedita voluptatem.'),
-- 	(FROM_UNIXTIME(ROUND((RAND() * 1387888821 + 1))),-37.86786950,-174.73728932,'Quia fugiat voluptas consequatur et expedita natus excepturi. Dicta nam architecto tempore autem quo dolores cumque. Vitae nostrum id optio et animi et.'),
-- 	(FROM_UNIXTIME(ROUND((RAND() * 1387888821 + 1))),-37.70642281,66.33249019,'Placeat ab natus sit quia explicabo molestias. Illum voluptas similique provident ipsum enim. At aperiam magni magnam quibusdam facere.'),
-- 	(FROM_UNIXTIME(ROUND((RAND() * 1387888821 + 1))),-54.74603853,-15.60112364,'Enim accusamus facere et aperiam id. Quia quibusdam vel eum sunt.'),
-- 	(FROM_UNIXTIME(ROUND((RAND() * 1387888821 + 1))),22.06670679,-46.26931043,'Rerum expedita voluptatem rerum labore. Nihil assumenda inventore cum consequatur magni. Cumque vel numquam enim praesentium eius laboriosam. Repellendus ut ea est enim velit nulla illum.'),
-- 	(FROM_UNIXTIME(ROUND((RAND() * 1387888821 + 1))),27.54585958,-125.87162077,'Maxime incidunt corporis corrupti officiis. Dolores error ut sed ex beatae. Aperiam vero rerum sed velit. Perferendis quasi et omnis vel cupiditate ad rerum aut.'),
-- 	(FROM_UNIXTIME(ROUND((RAND() * 1387888821 + 1))),-57.64655112,20.58032952,'Sit non omnis minima. Tenetur qui ut quaerat dolorum et. Quia quia et magni eveniet ducimus.'),
-- 	(FROM_UNIXTIME(ROUND((RAND() * 1387888821 + 1))),-43.44952986,150.56163606,'Velit minima quisquam est voluptate ut nesciunt. Vero eveniet occaecati commodi dolores itaque illum doloremque dolores. Quisquam assumenda est et hic impedit.'),
-- 	(FROM_UNIXTIME(ROUND((RAND() * 1387888821 + 1))),-50.62890628,48.89116689,'Vitae ex ducimus hic voluptates. Dolores eligendi voluptatibus minima voluptatibus animi sed molestiae. Perferendis sint cupiditate ut beatae minima voluptas. At occaecati vero eos repudiandae. Quia molestiae est ea.'),
-- 	(FROM_UNIXTIME(ROUND((RAND() * 1387888821 + 1))),-7.33322085,3.00123791,'Nisi quidem quas est dolorum velit magnam expedita rerum. Excepturi eum facilis perferendis quod reiciendis vel. Omnis omnis laudantium eum similique amet libero.'),
-- 	(FROM_UNIXTIME(ROUND((RAND() * 1387888821 + 1))),-20.51219844,103.41508093,'Hic in consequatur perferendis nihil. Et ea quod beatae asperiores ut temporibus. Nostrum iste nihil reiciendis id. Soluta distinctio et odio sunt doloremque. Necessitatibus quasi ut nihil maxime et consequuntur.'),
-- 	(FROM_UNIXTIME(ROUND((RAND() * 1387888821 + 1))),38.31656577,-38.55287521,'Omnis id corrupti occaecati accusantium aut temporibus aliquam. Officiis optio est non ab necessitatibus. Repudiandae cumque facilis placeat voluptatum rem voluptatem.'),
-- 	(FROM_UNIXTIME(ROUND((RAND() * 1387888821 + 1))),-14.16824077,-47.80376834,'Earum rerum iusto pariatur et velit. Fugit sed alias velit. Vitae ut consectetur esse porro aut. Excepturi rem libero quos nobis ipsum. Quos quae minus rerum id sit molestias.'),
-- 	(FROM_UNIXTIME(ROUND((RAND() * 1387888821 + 1))),-30.39528446,43.36093319,'Facere officia repellendus quia eos iure. Et aut explicabo autem. Minima quidem doloribus sapiente similique corrupti totam. Similique aperiam eveniet ad velit.'),
-- 	(FROM_UNIXTIME(ROUND((RAND() * 1387888821 + 1))),-78.89389757,114.48267412,'In recusandae quia voluptatem consequatur voluptatibus excepturi. Impedit quae qui officiis qui ipsa. Id omnis ipsam quos omnis unde dolorem qui. Sed esse veniam error odit itaque in optio. Ut ad dolorem est magnam quaerat recusandae.'),
-- 	(FROM_UNIXTIME(ROUND((RAND() * 1387888821 + 1))),-44.53724332,146.95105633,'Consectetur nihil molestiae eligendi eum fugit enim. Est neque ut corporis earum. Quas totam repellendus adipisci eligendi possimus et.'),
-- 	(FROM_UNIXTIME(ROUND((RAND() * 1387888821 + 1))),3.92510876,-92.85288078,'Asperiores possimus fuga ipsam quia ut et ut suscipit. Dignissimos ipsum et rerum eos debitis. Pariatur ut rerum occaecati illum quod occaecati cupiditate. Voluptas porro consequatur quidem.'),
-- 	(FROM_UNIXTIME(ROUND((RAND() * 1387888821 + 1))),-9.44414256,90.40185723,'Sed alias mollitia nostrum ut fugit nobis. Illum aut nam omnis molestias provident. Sed quia sint consequuntur veniam consectetur vel.'),
-- 	(FROM_UNIXTIME(ROUND((RAND() * 1387888821 + 1))),70.70244985,-50.15018088,'Inventore rerum eum fugiat amet. Quia eligendi aperiam dignissimos maiores iusto recusandae et. Est qui sunt eius quia et earum et. Quia velit beatae harum dolores officia. Ea quo necessitatibus quibusdam suscipit ea.'),
-- 	(FROM_UNIXTIME(ROUND((RAND() * 1387888821 + 1))),73.81736296,-95.26036521,'Sint saepe quidem quia harum. Explicabo rerum totam quo fugiat. Sit inventore autem sed voluptatem dicta. Voluptatem aspernatur eum porro et id repudiandae tenetur.'),
-- 	(FROM_UNIXTIME(ROUND((RAND() * 1387888821 + 1))),52.35160917,154.23067805,'Error voluptas amet laboriosam omnis rerum. Quo adipisci doloremque velit.'),
-- 	(FROM_UNIXTIME(ROUND((RAND() * 1387888821 + 1))),12.59714363,-101.03667382,'At porro est perferendis fugiat sit ab consequatur. Iusto sint natus iste reprehenderit sequi veritatis hic. Quia ea quo iusto voluptatem.'),
-- 	(FROM_UNIXTIME(ROUND((RAND() * 1387888821 + 1))),-87.11240435,-33.82627994,'Veritatis eos aut id quidem. Quam beatae maxime non ea aperiam vitae corporis. Dolor aspernatur accusamus aut nisi maiores nostrum recusandae.'),
-- 	(FROM_UNIXTIME(ROUND((RAND() * 1387888821 + 1))),89.77654165,174.28547205,'Adipisci sit saepe culpa quam dolor. Atque dolor nostrum maiores est ipsam laboriosam rem. Et qui debitis adipisci odio. Nihil et tenetur sed qui at eum ipsa eos.'),
-- 	(FROM_UNIXTIME(ROUND((RAND() * 1387888821 + 1))),-15.25283541,-127.59520308,'Sunt dolorum necessitatibus occaecati quae quia debitis enim. Dolorem et et non. Reprehenderit est delectus culpa necessitatibus ab. Tempora et praesentium reiciendis tempora dolorum.'),
-- 	(FROM_UNIXTIME(ROUND((RAND() * 1387888821 + 1))),77.91113133,-109.01932968,'Voluptatem voluptas reiciendis qui et. Magnam modi beatae est et ut dolore delectus. Sit iure delectus ut quod.'),
-- 	(FROM_UNIXTIME(ROUND((RAND() * 1387888821 + 1))),-6.75603176,130.35212520,'Eveniet ut modi harum repudiandae sit. Fugit est distinctio quis ab officiis voluptatem aut. Et optio ut aspernatur inventore. Dolores velit voluptatum et cumque omnis nemo officiis.'),
-- 	(FROM_UNIXTIME(ROUND((RAND() * 1387888821 + 1))),40.97320947,-120.63105390,'Omnis unde ipsam ea a qui. Dolorem officia velit consequatur qui cum natus qui quis. Et eos nihil itaque quia esse. Nobis odio dolorem qui cum impedit architecto.'),
-- 	(FROM_UNIXTIME(ROUND((RAND() * 1387888821 + 1))),-30.91226240,83.91152916,'Magnam id dolore rerum neque. Eum veritatis nisi ex consequatur ipsa quis aut. Corporis aut reprehenderit quos natus aut illo. Asperiores harum quia sed.'),
-- 	(FROM_UNIXTIME(ROUND((RAND() * 1387888821 + 1))),64.56274064,93.99301257,'Qui exercitationem dolor quo unde. Doloremque quos ut perferendis. Ut eum cupiditate eius.'),
-- 	(FROM_UNIXTIME(ROUND((RAND() * 1387888821 + 1))),45.08716440,97.45520059,'Autem autem molestiae pariatur autem perferendis. Eligendi consequatur sit blanditiis et deserunt est inventore. Recusandae est id labore. Voluptate incidunt atque nostrum dolorem cum. Labore voluptatem ut qui omnis quis.'),
-- 	(FROM_UNIXTIME(ROUND((RAND() * 1387888821 + 1))),-47.59448903,102.76887458,'Cupiditate asperiores soluta enim consequuntur nemo. Accusamus qui quas voluptatibus voluptas voluptatibus. Ea autem dolorem fugiat esse esse. Sequi molestiae fugiat explicabo corrupti aliquam.'),
-- 	(FROM_UNIXTIME(ROUND((RAND() * 1387888821 + 1))),-65.42898158,104.49388702,'Voluptatum pariatur maiores non voluptas. Ipsam itaque quia molestiae dolorem ex. Maxime esse quam ea. Rem molestiae qui est eius architecto.'),
-- 	(FROM_UNIXTIME(ROUND((RAND() * 1387888821 + 1))),45.75748665,-50.04584949,'Et voluptatem iste ipsam enim. Officia quo ullam eius voluptatem et alias et. Ut aut nemo in repellendus illo.'),
-- 	(FROM_UNIXTIME(ROUND((RAND() * 1387888821 + 1))),30.77756337,57.34136900,'Magnam voluptatem dolore officiis at. Et dolore placeat aperiam itaque. Accusamus provident minus eveniet qui sapiente molestiae.'),
-- 	(FROM_UNIXTIME(ROUND((RAND() * 1387888821 + 1))),-9.55156872,34.90826546,'Tempore iure voluptatibus quam maxime similique. Dolor qui iusto dolores cupiditate accusamus omnis. Est enim unde sunt dolorem animi et iste. Consequatur voluptas aliquid laudantium voluptate iusto.'),
-- 	(FROM_UNIXTIME(ROUND((RAND() * 1387888821 + 1))),26.40407799,79.58537093,'Harum eaque quaerat rem sequi. Magnam sunt voluptatem et et eos animi doloremque. Ullam ipsum facere dignissimos.'),
-- 	(FROM_UNIXTIME(ROUND((RAND() * 1387888821 + 1))),64.86396403,68.30694940,'Hic nobis dolorem odio quidem. Consectetur repudiandae non voluptates quam ratione. Est quisquam cumque porro labore dignissimos minima et dolorem. Vitae cum et velit itaque aperiam eaque.'),
-- 	(FROM_UNIXTIME(ROUND((RAND() * 1387888821 + 1))),-0.33144354,26.75809542,'Magni asperiores aut nihil aspernatur. Molestias earum laborum libero est et. Quidem deserunt repellendus consequatur velit sit aut. Vel quos et eligendi labore voluptas modi ratione.'),
-- 	(FROM_UNIXTIME(ROUND((RAND() * 1387888821 + 1))),-43.29637045,141.42566502,'Hic quod necessitatibus voluptates rerum. Animi fugiat quas maxime quia magnam esse. Aut dolorem sunt impedit quia ea consequuntur quo.'),
-- 	(FROM_UNIXTIME(ROUND((RAND() * 1387888821 + 1))),4.58602702,149.53623962,'Dolor repellat incidunt error enim laborum. Sunt quas officiis aut harum quas at molestias. Numquam aut et molestias quo omnis est. Autem inventore aspernatur quia aut illum deleniti ducimus.'),
-- 	(FROM_UNIXTIME(ROUND((RAND() * 1387888821 + 1))),86.56595866,99.19650359,'Minima quia rerum sit ea beatae. Voluptatem maiores omnis voluptatem est tempore ut. Sunt ducimus et commodi dolorum.'),
-- 	(FROM_UNIXTIME(ROUND((RAND() * 1387888821 + 1))),-38.50907495,34.82550204,'Enim ut nam unde esse sed. Explicabo autem quasi animi rerum iste. Sint praesentium et tempore.'),
-- 	(FROM_UNIXTIME(ROUND((RAND() * 1387888821 + 1))),48.78813767,-99.58070824,'Nobis minima accusantium error rerum vitae. Culpa expedita cumque repudiandae facilis. Necessitatibus eligendi accusamus blanditiis impedit id aut aut. Eos provident architecto nemo quidem rem. Cum omnis omnis voluptatem numquam saepe voluptas.'),
-- 	(FROM_UNIXTIME(ROUND((RAND() * 1387888821 + 1))),66.12013924,-164.03526328,'Consectetur dolor adipisci ad repellendus ex omnis. Quam necessitatibus maiores quibusdam non provident. Magni voluptatibus qui id qui. Odio voluptatem aspernatur sapiente aut minima.'),
-- 	(FROM_UNIXTIME(ROUND((RAND() * 1387888821 + 1))),73.34239999,100.53682406,'Ad accusamus numquam perspiciatis aut. Qui et placeat aperiam qui esse accusantium ducimus. Voluptas maxime autem et sit laudantium natus. Aut esse placeat accusamus dolorum consequuntur.'),
-- 	(FROM_UNIXTIME(ROUND((RAND() * 1387888821 + 1))),83.99373765,-160.95190057,'Dolor odio sint quam sed qui eos natus quo. Eveniet iste voluptatum ut autem mollitia. Velit eius minima ipsam quas molestiae tenetur.'),
-- 	(FROM_UNIXTIME(ROUND((RAND() * 1387888821 + 1))),34.48521652,-110.79614379,'Consequatur velit dolorum sed perferendis a. Quasi laboriosam officiis voluptatem veniam. At veritatis est non voluptatem amet distinctio illo. Exercitationem officiis maxime quis dolores.'),
-- 	(FROM_UNIXTIME(ROUND((RAND() * 1387888821 + 1))),-44.84109066,-3.42814417,'Distinctio sit fugit omnis quo velit. Nam aut saepe quia sunt asperiores explicabo tempora quae. Consequuntur ratione consequuntur unde ut et ut.'),
-- 	(FROM_UNIXTIME(ROUND((RAND() * 1387888821 + 1))),-8.42747135,178.49203007,'Provident maiores quod iure unde sequi commodi deleniti atque. Fugit tenetur tempore vel odio et corrupti culpa. Rerum voluptates aspernatur consequatur suscipit. Sed illo et culpa. Et accusantium quia quaerat dolor ea sapiente quia.'),
-- 	(FROM_UNIXTIME(ROUND((RAND() * 1387888821 + 1))),-51.32572407,-153.22667005,'Accusamus vel quia deserunt asperiores rerum. At ullam porro sint amet dolores. Numquam aliquam voluptates ipsam sequi modi. Occaecati nihil maxime harum voluptates recusandae qui.'),
-- 	(FROM_UNIXTIME(ROUND((RAND() * 1387888821 + 1))),22.75782982,108.89026916,'Molestiae et voluptatem sint iure necessitatibus sed nulla quo. Fugiat accusantium error error nam at. Odio ea culpa praesentium. Molestiae in non magni vel et qui.'),
-- 	(FROM_UNIXTIME(ROUND((RAND() * 1387888821 + 1))),-57.41918839,64.78601229,'Perspiciatis voluptas cumque alias et laudantium incidunt. Rerum quis sit excepturi dolorum. Quis quod dolorem dicta debitis.'),
-- 	(FROM_UNIXTIME(ROUND((RAND() * 1387888821 + 1))),-68.12228195,-178.43454145,'Aut at minus deleniti aut est minima. Quis facilis nam ullam nesciunt. Qui rerum molestiae vitae rerum. Qui illum illo non vero tempora.'),
-- 	(FROM_UNIXTIME(ROUND((RAND() * 1387888821 + 1))),7.84787968,-94.58014577,'Quae enim vel asperiores ab corrupti aut. Est ipsa reprehenderit ratione aut. Ipsum doloremque temporibus harum. Id quod ut vero consequatur illo.'),
-- 	(FROM_UNIXTIME(ROUND((RAND() * 1387888821 + 1))),9.14548286,142.25670306,'Et sunt officia est. Fugit pariatur tempore eius quidem ratione ratione. Qui non occaecati quia vel voluptas perferendis consectetur. Voluptatum quaerat doloribus recusandae consequatur alias.'),
-- 	(FROM_UNIXTIME(ROUND((RAND() * 1387888821 + 1))),-64.93590699,16.65098853,'Assumenda incidunt autem voluptates sit facilis quos omnis. Commodi voluptatum laboriosam sint consequatur nemo quos. Et ab est consequatur dolores neque deserunt. Nam excepturi non veniam facilis quia.'),
-- 	(FROM_UNIXTIME(ROUND((RAND() * 1387888821 + 1))),-66.51058002,-41.57697988,'Velit aliquid natus optio animi. Dolore optio laudantium officia quod et. Provident quidem quasi recusandae blanditiis qui et.'),
-- 	(FROM_UNIXTIME(ROUND((RAND() * 1387888821 + 1))),-42.47926984,162.72398644,'Veritatis et rerum sequi. Quia ratione aut incidunt. Laboriosam architecto deleniti occaecati praesentium nemo eum.'),
-- 	(FROM_UNIXTIME(ROUND((RAND() * 1387888821 + 1))),77.15290294,127.54961861,'Quis dolorum ea non qui voluptatem sit ipsum. Veniam a quae officiis repellendus. Ea laboriosam ipsam autem non. Eius ad adipisci enim qui voluptate corporis et dignissimos. Rerum et ut exercitationem laboriosam deleniti ad.'),
-- 	(FROM_UNIXTIME(ROUND((RAND() * 1387888821 + 1))),58.13014158,161.09884908,'Nisi eius asperiores deleniti facere aut et aspernatur. Dolores voluptas debitis repudiandae velit quisquam. Quae molestiae ratione et perferendis veniam pariatur.'),
-- 	(FROM_UNIXTIME(ROUND((RAND() * 1387888821 + 1))),-41.71275736,-12.05627782,'Esse aperiam laudantium esse aperiam vero rerum. Illo libero sequi et sapiente qui quam dolor. Dolor animi voluptas odio aut. Provident temporibus quae quod sit.'),
-- 	(FROM_UNIXTIME(ROUND((RAND() * 1387888821 + 1))),-28.99346673,-49.31592704,'Totam ut doloremque dignissimos dolorum. Architecto tenetur perspiciatis ad quaerat sit et perferendis. Nesciunt voluptas temporibus dolore labore sequi qui.'),
-- 	(FROM_UNIXTIME(ROUND((RAND() * 1387888821 + 1))),73.97876389,-86.37243380,'Et quo ut amet aspernatur nulla. Maiores consequatur laboriosam veritatis enim molestiae non. Occaecati iure officiis consequuntur occaecati sunt enim velit molestiae. Eos harum ut quo et sed aspernatur.'),
-- 	(FROM_UNIXTIME(ROUND((RAND() * 1387888821 + 1))),23.19668046,72.62462129,'Et ipsum quis ipsa sint quia error inventore. Alias a est aliquid assumenda sunt consequuntur. Nobis delectus ut velit voluptate qui.'),
-- 	(FROM_UNIXTIME(ROUND((RAND() * 1387888821 + 1))),-58.99114803,117.22569351,'Amet labore est nihil esse fuga consequatur vel. Sint ipsum in quo tempora iure. Eos dolores eum qui quasi eos. Et quasi veritatis facere velit. Excepturi reprehenderit voluptatem possimus ullam accusamus ea ut.'),
-- 	(FROM_UNIXTIME(ROUND((RAND() * 1387888821 + 1))),56.08925201,99.93868642,'Eaque officia non voluptatem facilis placeat impedit. Eveniet qui unde qui vel architecto eligendi facilis. Et in libero non molestias. Suscipit voluptas reprehenderit soluta soluta hic.'),
-- 	(FROM_UNIXTIME(ROUND((RAND() * 1387888821 + 1))),35.02583904,-100.13508815,'Esse soluta minima distinctio sit porro ipsa dolores. Eius rerum quo mollitia recusandae qui qui. Quia est sequi ab voluptatem cum. Aut qui ullam eum.'),
-- 	(FROM_UNIXTIME(ROUND((RAND() * 1387888821 + 1))),50.54661578,53.59758205,'Velit ea sed pariatur sunt qui. Dignissimos ut voluptatem velit veniam nostrum aut. Unde labore vel beatae minus voluptas. Corporis in perspiciatis perspiciatis labore quam facere eius.'),
-- 	(FROM_UNIXTIME(ROUND((RAND() * 1387888821 + 1))),14.70487176,66.06454907,'Animi dignissimos nam magnam harum sed repellat labore pariatur. Numquam et labore voluptas itaque consequatur. Quaerat sint ipsa rem. Reiciendis debitis sed tempore.'),
-- 	(FROM_UNIXTIME(ROUND((RAND() * 1387888821 + 1))),25.83104230,37.10437891,'Est quia quisquam non quisquam eius ut. Ut autem excepturi officiis perspiciatis neque molestias est. Velit voluptatum impedit facere aut.'),
-- 	(FROM_UNIXTIME(ROUND((RAND() * 1387888821 + 1))),75.61368528,130.36059126,'Eum eveniet nihil commodi delectus saepe doloribus odit. Est nemo consequatur sint eos saepe libero neque. Recusandae cumque aut qui aut ut exercitationem assumenda quia.'),
-- 	(FROM_UNIXTIME(ROUND((RAND() * 1387888821 + 1))),85.21247157,-104.50873405,'Vel suscipit at esse qui. Quam sed nemo tenetur distinctio laudantium aut ullam odio. Rerum quasi vel molestias blanditiis ab at. Quod qui qui quia ab ut unde voluptas.'),
-- 	(FROM_UNIXTIME(ROUND((RAND() * 1387888821 + 1))),33.33869714,-128.46982400,'Porro blanditiis rem nobis aut facilis. Aperiam a omnis rerum impedit ducimus aut. Eum velit sunt incidunt facere sed fugit. Ea voluptatibus sed molestias dolore facere fugiat in assumenda.'),
-- 	(FROM_UNIXTIME(ROUND((RAND() * 1387888821 + 1))),38.53537225,-3.13514468,'Occaecati omnis hic corporis molestias enim iste porro ea. Dolores expedita tempore beatae accusantium sint. Blanditiis exercitationem impedit ea adipisci.'),
-- 	(FROM_UNIXTIME(ROUND((RAND() * 1387888821 + 1))),-21.60480827,-149.12230067,'Dolor veritatis adipisci voluptatum quas. Nulla dignissimos quis distinctio et maxime harum. Voluptatem non voluptate rerum sint atque voluptatem minus. Amet doloremque illo dolorem.'),
-- 	(FROM_UNIXTIME(ROUND((RAND() * 1387888821 + 1))),19.04713556,119.84771996,'Ea laboriosam quisquam rerum totam. Ipsa sed et unde et minus pariatur recusandae. Unde est magnam excepturi omnis.'),
-- 	(FROM_UNIXTIME(ROUND((RAND() * 1387888821 + 1))),71.79098113,43.95208904,'Omnis ducimus sunt cupiditate quisquam omnis adipisci. Deserunt deleniti ratione amet animi accusamus. Harum et mollitia placeat unde quas tempore adipisci.'),
-- 	(FROM_UNIXTIME(ROUND((RAND() * 1387888821 + 1))),-29.80732203,-18.47917247,'Eius amet blanditiis temporibus consequuntur laudantium voluptates. Consequatur totam veniam laborum quia natus ad. Voluptatem vero et eius dolores sit sequi.'),
-- 	(FROM_UNIXTIME(ROUND((RAND() * 1387888821 + 1))),67.01375003,28.69694144,'Aut architecto vel vel quisquam voluptatem enim perferendis. Quo voluptas vel optio voluptas minus enim at. Autem error rerum eligendi ut et.'),
-- 	(FROM_UNIXTIME(ROUND((RAND() * 1387888821 + 1))),-68.13985051,-15.27491724,'Commodi dicta labore sed eum consequuntur. Provident aspernatur possimus maxime ut eum commodi. Velit dicta reprehenderit culpa sint rem sit quidem. Rerum iste molestiae deserunt qui aut et.'),
-- 	(FROM_UNIXTIME(ROUND((RAND() * 1387888821 + 1))),14.23222504,88.77554388,'Voluptatem a voluptatem sed illo minima deserunt voluptatem. Repellat aut repudiandae architecto ex molestiae modi. Saepe ad ea molestiae architecto aut molestiae quasi cum. Placeat praesentium illo facere ut est sapiente.'),
-- 	(FROM_UNIXTIME(ROUND((RAND() * 1387888821 + 1))),25.86093058,-23.33709289,'Suscipit dolor asperiores architecto recusandae voluptas quo placeat. Neque quaerat eligendi ut explicabo sit quidem tenetur dignissimos. Est cumque commodi excepturi provident qui reprehenderit dolores. Voluptas dolores blanditiis consequatur.'),
-- 	(FROM_UNIXTIME(ROUND((RAND() * 1387888821 + 1))),27.77577627,144.47370472,'Dolor veniam minima corporis delectus. Voluptatem eum praesentium officia. Culpa fugiat enim qui itaque non nam rerum. Repudiandae sunt excepturi autem sapiente aperiam.'),
-- 	(FROM_UNIXTIME(ROUND((RAND() * 1387888821 + 1))),58.32671867,13.18779586,'Vero eveniet aspernatur qui laborum illo quas ex reiciendis. Sed porro exercitationem ullam voluptas eum. Sit debitis aut consequuntur deserunt sed. Ipsum est voluptatem voluptas repellat deserunt delectus sit.'),
-- 	(FROM_UNIXTIME(ROUND((RAND() * 1387888821 + 1))),-30.90511188,83.35935402,'Quisquam eos nulla eos perferendis omnis quis reiciendis. Ratione rerum sit qui et et rerum quidem. Quia quaerat incidunt explicabo.'),
-- 	(FROM_UNIXTIME(ROUND((RAND() * 1387888821 + 1))),65.33470068,107.10183371,'Nam dolor labore est quia veritatis mollitia excepturi. Qui et quia totam quisquam. Molestias repellendus ipsa iure quasi consequatur.'),
-- 	(FROM_UNIXTIME(ROUND((RAND() * 1387888821 + 1))),-65.27839541,-45.19728077,'Quia quia ipsum at incidunt quod ipsa. Sit quod incidunt sint repudiandae atque. Ex inventore quos aut aut fuga deserunt vitae. Maxime laudantium nisi non dolore quaerat sequi atque.'),
-- 	(FROM_UNIXTIME(ROUND((RAND() * 1387888821 + 1))),40.25415986,-140.75193401,'Reiciendis ea velit porro quisquam. Rerum facilis fugiat voluptas ducimus quis maxime tenetur. Quia ipsam asperiores reiciendis ducimus quaerat ut quidem.'),
-- 	(FROM_UNIXTIME(ROUND((RAND() * 1387888821 + 1))),-69.88691498,27.10279851,'Ut sed voluptas officiis ipsum quo. Molestiae quia ut nihil omnis et fuga. Consectetur dolor alias voluptas asperiores illum voluptas expedita. Possimus explicabo atque rerum dolor eum ut maxime amet. Repudiandae quia laborum libero velit et.'),
-- 	(FROM_UNIXTIME(ROUND((RAND() * 1387888821 + 1))),-39.43914660,-178.99264310,'Est fuga omnis fuga quos. Corporis qui mollitia eos nemo aut aliquam distinctio voluptate. Dolore non dolorem sed veniam.'),
-- 	(FROM_UNIXTIME(ROUND((RAND() * 1387888821 + 1))),-32.52867337,-98.79681187,'Corrupti sint dicta autem sed commodi sint explicabo. Perspiciatis sint id officia ad autem qui. Voluptatem maiores officia doloribus deleniti.'),
-- 	(FROM_UNIXTIME(ROUND((RAND() * 1387888821 + 1))),-55.90722775,135.46488564,'Ut ut amet dolorem nisi dolore suscipit. Accusantium repudiandae asperiores corrupti totam omnis quia quia dicta. Sunt voluptatem nemo numquam sint omnis sapiente. Nobis quam sed at eaque.'),
-- 	(FROM_UNIXTIME(ROUND((RAND() * 1387888821 + 1))),-14.57252989,126.98150612,'Ut nisi molestiae cum. Doloremque aut dolor in itaque.'),
-- 	(FROM_UNIXTIME(ROUND((RAND() * 1387888821 + 1))),43.11876588,-143.64948267,'Nisi aliquid facere quis suscipit veritatis. Cupiditate temporibus unde quis. Quaerat hic sapiente exercitationem non a eius explicabo. Quaerat eos quaerat corporis ut iste et. Aut delectus libero est ex voluptatem quis ex non.'),
-- 	(FROM_UNIXTIME(ROUND((RAND() * 1387888821 + 1))),42.85457743,159.38281517,'Animi ipsum nihil et accusamus quis in eveniet. Et vero quibusdam facilis similique aut adipisci. Totam voluptatem reiciendis sit exercitationem rerum eum.'),
-- 	(FROM_UNIXTIME(ROUND((RAND() * 1387888821 + 1))),36.94328883,53.08820743,'Quia facilis aliquid illo quo animi eos et. Voluptatibus molestiae qui cum voluptatem iusto velit. Voluptas nostrum maxime laudantium ipsa.'),
-- 	(FROM_UNIXTIME(ROUND((RAND() * 1387888821 + 1))),-5.03836305,42.45290251,'Labore in reiciendis alias sed. In quaerat voluptates dignissimos quam cum vitae velit. Eaque earum qui voluptatem asperiores possimus facilis est.'),
-- 	(FROM_UNIXTIME(ROUND((RAND() * 1387888821 + 1))),21.16358220,164.31214838,'Dolorum esse eum sed voluptatem neque voluptates non at. Sequi vel et nostrum enim incidunt. Enim earum quos quaerat tempore. Similique perspiciatis quia molestias autem est cumque fuga.'),
-- 	(FROM_UNIXTIME(ROUND((RAND() * 1387888821 + 1))),62.26315503,-63.79727477,'Iste earum recusandae sint quaerat. Iusto molestiae enim ipsa omnis doloremque. Architecto necessitatibus aspernatur et ut. Sunt voluptate et nihil repellat eos soluta tempore laborum. Rerum quidem fuga ut aut quo.'),
-- 	(FROM_UNIXTIME(ROUND((RAND() * 1387888821 + 1))),-62.53532305,159.01202944,'Assumenda rerum excepturi dolor quaerat. Ducimus recusandae qui vitae amet alias dignissimos. Perferendis eveniet deserunt soluta temporibus ullam rerum.'),
-- 	(FROM_UNIXTIME(ROUND((RAND() * 1387888821 + 1))),35.55599719,-34.34536366,'Et odit veritatis voluptates illo magni aut est. Ea eos cum omnis molestiae.');

INSERT INTO behests (publication_id) VALUES (3),(7),(34),(13),(54),(42),(48),(20),(22),(23),(37),(49);

INSERT INTO other_publications (behest_id, publication_id, own) VALUES
	(3,1,0),(3,2,1),(3,4,0),(3,5,0),(3,6,0),(7,8,1),(7,9,1),(7,10,0),(7,11,0),
    (34,12,1),(34,14,1),(34,15,0),(34,16,0),(13,17,1),(13,18,1),(13,19,0),
    (13,21,0),(54,24,0),(54,25,0),(42,26,0),(42,27,0),(48,28,0),(48,29,1),
    (48,30,0),(48,31,0),(20,32,0),(20,33,0),(22,35,0),(22,36,0),(23,38,0),
    (23,39,1),(23,40,0),(23,41,0),(37,43,0),(37,44,1),(37,45,0),(37,46,0),
    (49,47,1),(49,50,0),(49,51,0),(3,52,1),(3,53,0);

INSERT INTO documents (publication_id, owner, author, title, annotation) VALUES
	(1,3,14,'Ut sunt quis aperiam consequuntur aut.','Culpa in vel voluptatibus quos rem modi. Nisi omnis vel laborum laudantium sit quae perferendis. Sit minus eveniet consequatur et.'),
    (2,38,50,'Et magni voluptatem aliquam excepturi cumque ut.','Nemo iure aut ducimus. Fugit doloribus sint dolor alias est impedit ut. Recusandae tempore consequuntur accusamus pariatur aut sit nobis. Consequuntur minus molestias repellendus maiores. Aut sed rem explicabo.'),
    (3,9,68,'Architecto quia quam expedita deserunt et cum minus.','Vel odit labore dolor voluptas aut sint consequatur maiores. Animi enim aut sed vero repudiandae porro incidunt fugiat. Quisquam sed et eius quas veniam facere quia. Maiores velit sit aut.'),
    (4,25,94,'Tempora aperiam harum dignissimos voluptates dolor impedit quidem autem.','Vero illum provident ut cupiditate quam itaque. Ipsam error fugiat nisi sit doloremque voluptate. Cum laboriosam asperiores ullam odit eum.'),
    (5,66,100,'Est aut debitis in minus iste doloremque.','Debitis facere quod aliquid at delectus. Magni natus omnis itaque alias quae nesciunt consequatur aliquid. Aperiam dolor voluptatem numquam facere architecto. Quisquam temporibus tenetur natus reiciendis commodi vel qui.'),
    (6,25,24,'Eos mollitia rem corporis.','Et modi veritatis omnis debitis soluta fugit ea commodi. Inventore sed et deleniti qui eveniet optio. Voluptates aut recusandae in commodi. Assumenda aut ratione aut aliquam nihil nesciunt alias.'),
    (7,3,93,'Et dolore fugit voluptatem et vel.','Aut consequatur in perferendis id quam maxime velit consequatur. Deleniti nam sunt in atque non id a. Excepturi a modi repudiandae quia asperiores eveniet repellat sapiente.'),
    (8,15,74,'Doloremque quia veritatis accusamus quod.','Quidem ut consequatur ut accusantium ut molestiae. Qui nesciunt optio ut incidunt rem iusto. Totam autem nostrum ut consectetur optio consequuntur occaecati adipisci. Cumque et necessitatibus eum magnam.'),
    (9,87,77,'Natus ut in cumque.','Amet nemo omnis atque. Maiores cum quia fuga sit illum dolores. Eum beatae et dolorem eaque. Quibusdam eos possimus consectetur hic dolores.'),
    (10,45,1,'Molestiae ipsa rerum ducimus ratione veritatis.','Ad aliquid laboriosam odio a voluptatem est. Quia voluptatibus delectus qui culpa aspernatur. Et aut numquam est id quia dolor. Id omnis eos et et ea.'),
    (11,48,24,'Et autem quis sunt ut.','Officiis quis occaecati occaecati dicta et. Mollitia expedita repellendus architecto fugit. Ex quia et nihil odit. Maiores eveniet ut omnis quo. Temporibus quisquam exercitationem eveniet autem.'),
    (12,31,26,'Minus eligendi illum perspiciatis suscipit placeat sapiente perspiciatis.','Iure non omnis dolore ut corrupti modi modi. Ullam et ut voluptatum pariatur sint sint tempora id. Illo dolorem minus quisquam velit ipsa. Quis sunt sunt delectus in.'),
    (13,93,100,'Aut enim non voluptatibus distinctio.','Ut molestiae distinctio deserunt quis facilis. Delectus sunt ea qui rem necessitatibus. Quasi ut illo exercitationem optio cum aut vero. Veniam non minus repudiandae alias aut nisi et voluptas.'),
    (14,51,66,'Voluptatibus minus excepturi voluptas et aut.','Nobis in voluptatem sunt. Et debitis facilis quam asperiores doloribus quod. Ut quia blanditiis fuga qui molestiae sed.'),
    (15,29,14,'Blanditiis possimus fugit magnam temporibus reiciendis error magnam ut.','Veniam ut ipsam fugiat aut occaecati dicta ut. Optio perferendis repellendus numquam tempora aperiam eos. Suscipit beatae aut molestias dolore qui. Ea magni quas voluptates sed et dicta. Voluptas architecto quos porro sapiente corrupti eos.'),
    (16,15,81,'Nulla earum hic inventore ea.','Enim consectetur hic quas soluta enim quis. Expedita est ipsum ullam odio praesentium sed. Accusantium rerum ad quas et. Dolore molestias blanditiis molestiae voluptate.'),
    (17,62,26,'Qui sed vel odit quos quia est.','Magnam ut ea soluta porro ut. Ea velit provident impedit beatae placeat. Molestias quibusdam eveniet provident velit optio.'),
    (18,96,66,'Autem rerum impedit debitis perspiciatis praesentium molestiae.','Inventore ut sit deleniti aperiam tempora. Ut quia error qui omnis qui. Omnis cupiditate dolores eaque et omnis. Consequatur est sed officiis sed.'),
    (19,14,64,'Quae ea ipsum commodi repellendus.','Quod eligendi praesentium beatae dolor. Dolores ratione exercitationem voluptatem labore eligendi nemo minima. Laborum non harum ducimus occaecati nesciunt eaque. Dignissimos pariatur et quos officia sed et. Impedit qui magnam architecto quia.'),
    (20,81,22,'Porro nulla repellat necessitatibus autem et aspernatur eum eligendi.','Aspernatur aut suscipit eaque voluptas totam quia. Itaque quas veritatis tenetur non. Similique ea dolores in praesentium assumenda iusto.'),
    (21,29,9,'Et odit omnis fugit sed dignissimos.','Necessitatibus saepe consequatur ut voluptas qui asperiores placeat. Est minus eum animi. Voluptatem rerum id vel ea blanditiis.'),
    (22,99,7,'Suscipit enim ut laborum assumenda illum itaque vel.','Et et numquam iusto sed inventore omnis voluptatem. Perspiciatis dignissimos at vero. Voluptas voluptate qui consequatur aut qui.'),
    (23,36,86,'Dolorem non quia sint.','Occaecati reprehenderit dolorum est esse. Quia aut nihil vitae exercitationem occaecati consequatur voluptas. Culpa minus qui asperiores voluptatem. Id sit autem ratione cumque voluptas tempora rem aperiam.'),
    (24,22,45,'Sint explicabo sunt ab error.','Quaerat iste a porro. Incidunt expedita fugiat nulla. Tenetur est reiciendis distinctio neque.'),
    (25,8,48,'Error autem amet vero eum sed voluptate eveniet.','Quia enim odio est explicabo. Et quaerat omnis ea autem molestiae doloremque sapiente.'),
    (26,18,68,'Unde corporis ab et beatae et beatae velit totam.','Consequatur perferendis placeat cumque porro qui vel et. Nobis animi non qui architecto. Quae officia cumque deleniti. Ea et a eos et nemo fugiat qui dolore.'),
    (27,52,49,'Cumque aperiam aut iste et reprehenderit.','Dicta omnis eius dolores necessitatibus dolor modi. Voluptas quae eaque ut. Perferendis omnis sint nam veniam. Laboriosam sunt et pariatur eaque nobis modi dicta.'),
    (28,83,3,'Expedita dolores praesentium tenetur et sunt architecto corporis.','Deleniti mollitia consequatur quis labore officiis non dolores. Et in occaecati corrupti voluptatem aut omnis. Quas molestiae voluptas cupiditate cupiditate. Debitis ut quae magnam provident dolores.'),
    (29,33,33,'Nam dolor eos consequatur iste consequatur.','Non qui veniam doloremque amet ut sit et. Deleniti vel alias perferendis reiciendis. Omnis asperiores ex rem dignissimos et earum.'),
    (30,12,66,'Explicabo dignissimos non qui.','Ab rem laboriosam quaerat. Odit molestias magni ullam sed corrupti numquam. Culpa qui molestiae officia eos distinctio praesentium.'),
    (31,19,15,'Enim eos voluptatem dolore autem.','Facere ea non voluptate est. Maxime at maxime perspiciatis quia voluptatem. Pariatur qui impedit deserunt eaque sed facilis.'),
    (32,89,1,'Eaque voluptates cum qui rerum.','Eius suscipit provident dolores est iste odio et. Tempore non natus dolorem tempora quis. Saepe perferendis error vel et. Ut odit velit praesentium.'),
    (33,47,45,'Quia animi ullam omnis pariatur est non.','Tempora quas quod omnis consectetur. Aliquam ullam quae voluptate aut. Ipsum nisi accusantium nihil in.'),
    (34,13,55,'Aperiam minima fugiat in vel consectetur itaque ea.','Error blanditiis ea sunt sint est et velit. Facilis ex quisquam aut tenetur. Reiciendis voluptas aspernatur non accusantium ipsam. Ad cum et quidem eligendi in est. Et doloremque reprehenderit est voluptatibus non ea aut.'),
    (35,3,88,'Sint sit facilis est mollitia eum dolore a.','Vel id velit odit adipisci sed aut. Eaque ut doloribus eos qui. Hic et autem sit nam recusandae sint. Aut esse unde aperiam voluptatem ipsa perspiciatis.'),
    (36,65,85,'Sed accusamus commodi excepturi impedit iusto nam quas ut.','Corporis id dicta rem eos aliquid alias reprehenderit. Et suscipit et odit aut incidunt. Sint enim mollitia consequatur amet vero.'),
    (37,2,21,'Optio ipsam aliquid nostrum assumenda quibusdam neque impedit.','Qui error alias quam quo. Fugiat laudantium voluptatem et temporibus.'),
    (38,94,70,'Quidem rem quaerat fugiat quia quia deserunt.','Quo dignissimos rerum aperiam. Et itaque quod enim non beatae. Atque hic ratione doloremque quaerat quia.'),
    (39,75,78,'Aut sed officia amet incidunt ipsa fugit.','Reiciendis explicabo aliquid et ea ut placeat. Neque qui similique aut ducimus molestiae qui provident. Beatae ducimus quaerat aut et voluptates dolor placeat.'),
    (40,82,80,'Impedit dolore ullam ut ea dicta rerum.','Voluptatum aperiam asperiores quidem. Quo numquam tenetur rerum consequuntur reprehenderit molestiae eius. Blanditiis quis maxime voluptatibus nostrum illo et.'),
    (41,99,61,'Rerum quia velit quis facilis corporis dolor illum sapiente.','Quaerat itaque nobis quia reprehenderit recusandae. Itaque eligendi totam mollitia et sit voluptatem quasi eum. Sed non perspiciatis non ut.'),
    (42,8,72,'Perspiciatis possimus architecto beatae.','Est id dolores molestiae iure expedita. Est dolorem consequatur molestiae optio et eligendi dolores. Accusantium voluptate repellat dolores eum est temporibus. Aspernatur ducimus officia et occaecati iste laboriosam voluptas culpa. Itaque laborum et eum q'),
    (43,95,36,'Asperiores ut totam quae ea soluta harum rerum voluptas.','Dolores nemo sit cumque sed quisquam. Quae odit id odit quia et aut perspiciatis. Error eos ducimus praesentium porro quas.'),
    (44,43,27,'Nihil doloribus possimus rem nostrum eveniet.','Iure ut non id qui. Et quod rerum provident vel. Repellat ipsa suscipit in mollitia aut ipsum in. Laboriosam sequi voluptate eveniet sint sit qui.'),
    (45,49,27,'Temporibus similique quia sit similique.','Suscipit maiores delectus quis itaque voluptatem ut. Nemo laudantium voluptatibus ipsa dolorem esse maxime debitis. Repudiandae sit atque velit asperiores nesciunt autem.'),
    (46,37,58,'Cumque qui deleniti dicta et laboriosam.','Itaque iure repellendus nobis voluptatem. Nulla sint aut ut ut explicabo deserunt facere. Doloribus qui ipsum doloribus cumque aut.'),
    (47,6,86,'Voluptatem voluptas occaecati voluptas.','Laborum eum voluptas sit ut. Minus ea nemo soluta et tempore quos commodi. Quis maiores delectus consectetur doloribus recusandae et alias. Deserunt culpa aut corrupti doloremque id.'),
    (48,84,6,'Atque ut quidem sit omnis facere aut perferendis.','Nihil voluptatem est est et. Modi sunt aut maiores esse accusamus ut. Aut ut omnis sequi.'),
    (49,36,87,'Delectus et molestiae libero mollitia ea autem.','Sunt et inventore voluptate est. Corporis voluptatum qui id sapiente doloribus nemo qui.'),
    (50,60,82,'Distinctio ut minus ut voluptas.','Labore nemo ipsam aliquam suscipit. Voluptatem mollitia qui doloremque aperiam assumenda. Nemo quis minus ut debitis. Placeat ad laudantium ratione et voluptatem hic velit.'),
    (51,42,72,'Odit expedita excepturi sed qui.','Sint qui voluptas est nulla ipsum sed. Perferendis autem est ab nesciunt.'),
    (52,54,35,'Cumque nisi illum repellat eum quis.','Eligendi doloremque molestiae qui earum. Quia qui aspernatur dolor est sequi. Repudiandae voluptas reiciendis reiciendis quod libero facere.'),
    (53,73,96,'Dicta expedita alias accusamus illo unde.','Sapiente odio corrupti ratione id temporibus expedita. Voluptate quae omnis qui aut quidem magnam totam. Laboriosam assumenda ex est est.'),
    (54,18,8,'Sit deserunt ad quia est.','Eveniet aliquam eos non dolore sed in qui nihil. Sit quia nihil nisi minus ut impedit omnis sint. Dolores temporibus aperiam ullam optio distinctio. Quisquam accusamus dolore ratione ex nihil esse.');

INSERT INTO authors (document_id, personalitie_id) VALUES
	(34,31),(8,53),(4,22),(52,99),(2,66),(42,59),(5,29),(9,80),(12,36),(3,30),
    (34,76),(14,51),(4,91),(45,58),(29,28),(2,58),(40,59),(18,39),(29,62),(21,5),
    (5,72),(49,51),(21,16),(1,25),(38,36),(51,56),(23,33),(20,73),(16,3),(20,2),
    (29,8),(48,12),(7,5),(12,4),(42,39),(18,17),(43,68),(22,8),(4,65),
    (28,22),(36,42),(1,5),(27,61),(35,95),(45,22),(40,77),(17,92),(50,56),(1,44),
    (9,33),(26,52),(42,33),(25,9),(11,43),(34,39),(47,25),(3,86),(19,36),(27,60),
    (18,74),(7,59),(24,22),(36,73),(24,42),(8,22),(18,52),(40,82),(22,39),
    (2,91),(39,84),(20,87),(14,58),(51,54);

INSERT INTO pages (id, document_id, image_id, content) VALUES
	(1,47,333,'Et nihil sed eaque itaque. Eum quia ad quasi debitis omnis quas eligendi.'),
	(2,21,440,'Modi quas accusamus libero libero. Aliquam porro dolorem voluptatem in nulla sint est. Dignissimos recusandae culpa animi consequatur.'),
	(3,54,386,'Aspernatur quo velit quaerat et qui omnis. Earum sunt cupiditate expedita hic. Dolores in odio facere eum.'),
	(4,41,61,'Fuga cumque aut et nisi voluptatem repellendus. Assumenda asperiores voluptatem rerum iure ea. Alias doloribus a ea consequuntur aliquam.'),
	(5,36,412,'Aut aut dolorem nemo rerum sunt explicabo. Molestiae facere qui a provident qui fugiat sint. Earum voluptatem voluptatum molestiae saepe. Sed eaque ut ut odio voluptatem autem.'),
	(6,3,13,'Qui odio rerum ut excepturi iure iusto vero nihil. Atque dolores expedita delectus recusandae voluptates facere praesentium debitis. Et deleniti eum praesentium.'),
	(7,37,262,'Dignissimos error voluptatem id. Adipisci recusandae possimus dolores aut cupiditate.'),
	(8,1,48,'Dignissimos reiciendis dolor voluptatibus et repellat. Est nam ullam dolores sunt rerum.'),
	(9,36,43,'At est exercitationem et. Et aspernatur blanditiis maiores unde minus. Sunt itaque consequuntur qui nemo nihil. Voluptates accusamus ut et mollitia laudantium laborum et.'),
	(10,35,400,'Quod voluptas rerum fugit magnam fugit et id. Id explicabo omnis dicta dolor tempore. Dolor ipsa et explicabo ab.'),
	(11,7,103,'Voluptatum sit asperiores voluptas voluptatem. Ab molestiae esse ipsum aliquam. Tempore nesciunt non aspernatur voluptas quas voluptas.\nUt optio quia nostrum. Et ipsa non nobis consectetur.'),
	(12,36,325,'Natus tempore nam ipsa non corporis placeat. Facere dignissimos vitae sunt odio amet officia nisi et. Occaecati animi qui autem impedit temporibus doloremque aut.'),
	(13,40,185,'Et excepturi consequatur magni itaque omnis. Tempore dolor ea tempore non nihil velit. Sunt quasi veritatis quis aliquam aut perspiciatis.'),
	(14,21,329,'Eligendi et doloremque et occaecati eos minima quia. Ipsa dolore delectus cupiditate est ipsam architecto. Hic consequatur dolor dicta ad repudiandae et.'),
	(15,21,370,'Inventore dolore voluptate esse voluptatem eius. Incidunt est accusantium omnis repellendus veritatis quia. Natus blanditiis expedita laudantium ab.'),
	(16,23,338,'Earum et placeat repellat quas non voluptatem. Eaque itaque et est qui et. Modi quasi rerum alias consequuntur qui.'),
	(17,17,66,'Dolor omnis aut earum ea. Aperiam veniam sed quas nostrum. Modi harum consequuntur sed id nemo repellendus. Officia illum minus quas earum.'),
	(18,41,449,'Quas exercitationem sed eum ab voluptatem earum est eius. Voluptatibus odit quis inventore incidunt. Dolore quia in accusantium aut odio magnam. Tempore ut doloremque asperiores neque.'),
	(19,3,21,'Laudantium consectetur illum corrupti incidunt maxime dolorem. Voluptatem id ducimus voluptatem nobis sequi numquam praesentium animi.'),
	(20,24,219,'Natus repudiandae est dolorum quia provident saepe. Non omnis accusamus at et. Sequi eveniet est pariatur vero.'),
	(21,23,89,'Molestiae inventore quia autem tempore. Voluptas laboriosam eaque illum enim. Molestiae non dolorum autem itaque quas non iusto.'),
	(22,38,261,'Fuga voluptatem inventore omnis sed sed aut dolor. Aliquid aut et dolor beatae quia at. Et atque sunt quia veritatis delectus dolores ducimus.'),
	(23,26,7,'Esse qui et deserunt hic dolores tempora. Officiis odio rerum aut ipsa velit autem. Perspiciatis recusandae sit nulla adipisci saepe.'),
	(24,50,19,'Eos cumque minima illo rem. Aperiam cumque et laboriosam perferendis ipsum fugit nulla. Incidunt sed facilis officia qui velit. Est et unde temporibus voluptatibus quos qui temporibus.'),
	(25,39,350,'Commodi provident illo similique in ad molestias rem. Ut minus quia aliquam cum. Animi amet amet laborum qui rerum quia.'),
	(26,23,429,'Libero et odit quaerat. Qui quae et fugit inventore et sed doloremque. Rerum iste incidunt voluptatem suscipit rerum ut molestias. Suscipit culpa soluta quos cumque odio aut ratione reprehenderit.'),
	(27,15,335,'Iste vel mollitia consectetur dolore nihil sunt facere. Maiores vel tempora nobis in officiis dolore eum. Accusantium illum nemo facilis illum repellat sit.'),
	(28,29,96,'Harum aut et nobis enim aut provident aperiam. Odio perspiciatis ratione ducimus beatae dolor.'),
	(29,49,403,'Asperiores dolorum iusto eveniet non dolorum. Corporis magni modi qui rerum. Commodi dolor et quae amet itaque illo.'),
	(30,32,396,'Voluptatem molestiae sint magnam enim sunt dolorum sit adipisci. Voluptates similique error magni voluptas.'),
	(31,24,362,'Quis quas ab qui sapiente voluptatibus. Consequatur quae rerum aut. Quia facere quasi rerum eos.'),
	(32,14,309,'Consequatur laborum et necessitatibus quis et. Quia quasi laborum nam laudantium.'),
	(33,37,342,'Quae sit itaque nisi impedit. Repudiandae quos illo sint quos architecto. Hic reiciendis sint voluptatem aperiam.'),
	(34,35,114,'Sit repellendus ducimus sunt dolores vitae at. Deserunt voluptatum quibusdam qui dolor.'),
	(35,35,40,'Dignissimos velit voluptas exercitationem officia veniam eligendi. Perspiciatis velit et voluptatem.'),
	(36,47,303,'Distinctio culpa cum sapiente aut culpa iusto. Ut neque enim in unde.\nNon veritatis suscipit blanditiis ut voluptas. Aut adipisci porro non amet. Nam est est enim in eum.'),
	(37,13,315,'Repellat ratione et amet fugiat aut in reprehenderit. Provident corporis illo et dolorum et dolor rem. Ea dolorem sint doloremque voluptate voluptatem quasi.'),
	(38,28,240,'Aspernatur est qui et aut qui nobis quae. Aspernatur in eos in perferendis autem. Similique suscipit facere adipisci aut et. Voluptatibus facere suscipit dolores est fugiat sunt.'),
	(39,36,83,'Vero dolorem sit consequatur laborum minima. Qui aperiam quo itaque nesciunt debitis vero. Dolores omnis et aut voluptatem modi dolorem quia. Id aliquam qui dolorem illum. Reprehenderit id at fugiat.'),
	(40,9,226,'Quasi aliquid fugit non debitis est. Officiis voluptas in quis. Quibusdam non eius assumenda. Nesciunt in aut distinctio molestiae. A ratione officia tempore commodi alias.'),
	(41,35,352,'Non quis rerum nam minus. Aliquam qui repellendus iste ut. Quia consequuntur qui voluptate assumenda voluptas et aut. Non fugit fugit sunt dolor porro corrupti.'),
	(42,5,55,'Saepe incidunt exercitationem rerum eveniet doloremque aut consectetur iste. Aliquid et ab quaerat sed id dolor. Facilis reprehenderit molestiae quibusdam aut sed quis.'),
	(43,22,142,'Qui asperiores inventore tenetur. Est qui alias non ut officia. Qui sunt sed voluptatem similique. Nihil soluta rem sequi harum blanditiis quis dolorem aut.'),
	(44,21,422,'Eaque debitis eligendi consequatur earum. Magnam corrupti nesciunt sint dolores aut. Mollitia quaerat ea rerum soluta. Et voluptas quas earum tenetur. Quo sunt placeat dicta inventore veritatis quia.'),
	(45,26,201,'Et et veritatis officia dolorum. Perferendis at aut harum nobis voluptates distinctio. Qui quas dolorem cupiditate et. Id quo deleniti necessitatibus rerum quidem doloribus similique.'),
	(46,3,353,'Quas velit est incidunt dolores expedita. Distinctio et asperiores commodi nobis a. Facere dolore sequi odit. A quia qui rerum iure.'),
	(47,10,81,'Ea sint recusandae occaecati quia. Dolorem iure molestias doloremque accusamus. Incidunt praesentium dolore consectetur assumenda aperiam.'),
	(48,53,413,'Ea fugit ipsam vel quia ea praesentium. Corporis et perferendis voluptatem temporibus. Aperiam repellendus mollitia atque molestiae.'),
	(49,11,24,'Consequatur doloremque numquam sit eaque. Enim rerum ea repellendus quia. Necessitatibus nam amet repellat illum.'),
	(50,19,183,'Necessitatibus voluptates harum sed magnam laborum est. At qui ut consequatur. Veritatis omnis recusandae non ab. Laudantium quas et et debitis.'),
	(51,25,392,'Repellendus facilis quisquam et blanditiis fugit tenetur quis autem. Facere assumenda ut qui sed quaerat. Voluptatem ut voluptas velit voluptas et asperiores.'),
	(52,48,413,'Eum ut unde cumque veritatis ratione. Sit qui possimus ipsum et id in. Molestiae iste rerum sed et dolor aliquid enim.'),
	(53,35,400,'Quibusdam exercitationem nulla vel est. Dolorem porro eligendi vitae soluta.'),
	(54,23,118,'Id excepturi placeat esse ea. Sint numquam fugit perspiciatis. Aut libero distinctio nisi quia error a. Rerum possimus adipisci et est rerum aut quia.'),
	(55,44,437,'Repudiandae quia reiciendis molestias aut doloribus natus. Assumenda laborum vitae et in. Sit unde similique eos eaque.'),
	(56,48,423,'Consequuntur qui dolorem quia. Magnam molestiae quos quas sit minus iusto. Accusamus in non quia odio quis.'),
	(57,10,212,'Dicta quibusdam occaecati autem aut ab qui. Consequatur aut autem deleniti tenetur eum dolores. Vel quia dolorum ut quia. Quae molestias omnis eveniet error atque laboriosam dolore.'),
	(58,45,422,'Quia qui qui est officiis iure vitae at quis. Aliquam maxime id voluptate earum. Voluptatem doloribus consequatur est quidem. Aperiam assumenda a omnis maiores ea id blanditiis.'),
	(59,38,195,'Perspiciatis consequuntur necessitatibus officia ipsa. Minus ducimus earum corporis velit deleniti et iure tempora. Officia incidunt sed voluptatem qui ex magni sunt quis.'),
	(60,40,273,'Quidem dolorem iure voluptas quia ipsam molestiae accusantium dignissimos. Non suscipit minus et inventore. Et accusantium sed ut maiores accusantium quam.'),
	(61,4,273,'Veritatis dicta omnis veritatis et modi omnis dolores et. Aperiam nulla sapiente laudantium dolorum error repudiandae voluptatibus.'),
	(62,31,442,'Et in qui corrupti doloribus ab illum ipsam. Voluptatem corrupti similique earum quam eos minima. Enim tenetur voluptatibus quibusdam suscipit consectetur.'),
	(63,17,210,'Est fuga explicabo esse accusamus in ullam nam. Eaque delectus itaque officia dolore. Molestiae molestias tempora voluptatem suscipit architecto dolor.'),
	(64,28,110,'Ab facere accusamus laudantium rerum culpa. Est quasi illo dolore et hic. Optio ut possimus cumque atque provident est vel.'),
	(65,9,383,'Aliquid autem ex magni aperiam velit. Deserunt veniam explicabo laudantium in.'),
	(66,45,448,'Rerum et aut iusto consequatur consequatur. A aut ipsam veritatis pariatur sint sit. Nemo est laudantium ipsum voluptatem.'),
	(67,16,136,'Suscipit tenetur velit omnis. Quo autem veritatis facilis eos. Quo facilis veritatis praesentium qui et.'),
	(68,49,441,'Voluptatum nobis earum qui delectus exercitationem fugit. Non enim ullam eos iste qui. Eaque atque sit voluptas dignissimos. Et ipsa quam repellat quae quis.'),
	(69,29,64,'Rerum qui est tenetur qui delectus. Totam molestias perspiciatis doloribus eaque qui aut illum. Vitae blanditiis non sed non.'),
	(70,17,378,'Tempora molestias illo qui tenetur sed id impedit. Rem commodi non distinctio. Aliquam enim veritatis consequatur voluptatem id ullam vel. Optio quis quidem a quia explicabo itaque.'),
	(71,53,438,'Voluptates modi quam esse optio voluptatum voluptatem nihil. Provident non rerum in est. Nesciunt voluptatum dolorem est atque.'),
	(72,40,124,'Alias nam fugit ad eius reiciendis. Et in aspernatur sequi. Sit qui odio magnam voluptate nihil.'),
	(73,4,235,'Et enim fugit eaque vero. Omnis reprehenderit quo explicabo laboriosam debitis est aspernatur. Ab adipisci aut quam aut. Voluptatem facilis cumque pariatur aspernatur sit labore officia.'),
	(74,43,301,'Temporibus molestiae nihil numquam et. Ut a velit placeat est labore. Voluptatem sequi accusantium dignissimos sunt sint.'),
	(75,43,343,'Sequi impedit repudiandae commodi corrupti. Sed atque cupiditate quam quis quam. Qui omnis et nulla libero quae. Soluta natus ut sint eum quo.'),
	(76,18,376,'Consequatur neque voluptas quo assumenda minima. Minus quam soluta ut culpa expedita perferendis non. Et sunt blanditiis quas quae.'),
	(77,4,116,'A repudiandae voluptatibus commodi velit tempore harum placeat. Id harum voluptatem alias asperiores autem omnis. Earum tempore aliquam qui incidunt aut.'),
	(78,43,186,'Nulla quod harum fugiat nam. Cumque neque vel ut.\nQuia vitae perferendis quo repellat. Et doloribus velit recusandae labore similique vero. Iure odio et aliquid delectus ullam incidunt ipsa.'),
	(79,32,253,'Voluptatum et consequatur non ipsa nobis autem. Deserunt magni molestias iusto iste. Non ut doloremque voluptas aspernatur possimus iure ut. Quia magni tempora mollitia.'),
	(80,17,374,'Minus nemo consequuntur est odio eaque odio. Perferendis dolorum quis sint porro quidem. Accusantium debitis et aut hic.'),
	(81,41,219,'Dolore quia ut ullam ut minus voluptatum delectus. Qui dolor est numquam dicta. Est ut est accusantium ut eum atque.'),
	(82,13,422,'Maxime mollitia libero impedit maxime. At dolores illo adipisci. Ipsum ut beatae repudiandae saepe dolores tempore provident.'),
	(83,19,431,'Occaecati aut non aut nemo consectetur. Aut molestias accusamus quia eos dolorum. Dolorem dolor architecto sunt quam exercitationem. Consequuntur sit vero voluptates sed rem.'),
	(84,15,166,'Ut quaerat perferendis ut quis consectetur modi et voluptas. Ducimus in consequatur aut est cum. Blanditiis alias placeat non ducimus officia soluta.'),
	(85,36,83,'Aliquid porro est dolor minus. Esse ex maiores quia nesciunt voluptas rem.'),
	(86,16,21,'Rerum officiis sint aliquam sed. Distinctio qui voluptatem sit autem culpa natus. Quisquam maiores expedita reprehenderit asperiores libero deserunt.'),
	(87,38,225,'Vitae vitae corrupti et soluta voluptas. Unde temporibus facere ipsum rerum totam sit. Debitis dignissimos et accusantium at vel. Deleniti culpa eius dolorum praesentium.'),
	(88,24,387,'Distinctio quia earum error qui nostrum consequuntur et id. Nisi et error esse. Quis architecto nihil similique et. Quidem sint dolorum culpa assumenda inventore eos.'),
	(89,41,8,'Laborum nobis nemo exercitationem ullam. Qui est est vel sit.'),
	(90,53,356,'Dolores exercitationem sunt et eos inventore consequatur. Doloribus veritatis perspiciatis accusantium libero. Cumque ducimus nostrum consectetur culpa est.'),
	(91,16,284,'Vel sit iste ullam ut. Dolorum voluptatum laborum vel voluptatum. Aliquid quae ea reprehenderit non dolore cum similique. Dicta voluptatem quasi dolor porro.'),
	(92,44,40,'Consequatur voluptatum et natus error velit quia laborum. Saepe nesciunt asperiores eos ut. Rerum vitae omnis et molestiae.'),
	(93,3,93,'Quibusdam eos dolorum vero aperiam. Odio adipisci magnam ipsum voluptatibus at. Sequi sequi harum aliquam rerum enim cupiditate itaque. Suscipit rerum totam cumque totam rerum quis et.'),
	(94,21,293,'Impedit nostrum voluptate architecto consectetur. Ipsam at rem aliquid possimus officiis eos voluptatem eius. Ea reiciendis esse voluptatem atque ut at.'),
	(95,24,309,'Sed ut autem maxime modi eum velit eos. Sit mollitia non vitae eius sapiente repellat. Dolores ut excepturi sequi ut.'),
	(96,39,81,'Dolorum sunt quam doloremque modi. Quae vel accusamus aut iure. Et eum qui nam minus eaque eius dolor.'),
	(97,26,342,'Impedit aut voluptate laborum error aut aut est dolorum. Suscipit quod ut officia reiciendis nulla. Voluptatem ab excepturi dolorum deleniti dolor qui est.'),
	(98,21,217,'Sit necessitatibus dicta doloremque est cumque est. Unde esse facere velit quisquam facere quibusdam omnis qui. Tempore mollitia in natus est beatae possimus. Accusamus eveniet nemo voluptatibus.'),
	(99,53,18,'Est cupiditate et eos dolorem sapiente unde. Nemo explicabo id ratione adipisci magni sunt nobis. Molestiae id ipsam sed quos harum modi vel voluptatem.'),
	(100,38,56,'Eum id impedit quia in ut sit et laboriosam. Sit et consequatur eum. Incidunt suscipit placeat repellat consectetur asperiores.'),
	(101,1,129,'Aut sunt dolorem ea occaecati esse at iste. Esse consectetur sint omnis ea assumenda repudiandae pariatur sint.'),
	(102,52,221,'Officia magnam quod omnis et reprehenderit provident repellat ut. Et qui illum tenetur mollitia et. Eos ab ad animi consequatur quod nobis totam aliquid.'),
	(103,11,282,'Quibusdam qui maxime deserunt labore veniam voluptates. Iure exercitationem sit eum voluptas tempora suscipit non. Nobis corrupti delectus et aliquam. Vel eaque asperiores ut atque sequi quo.'),
	(104,44,336,'Non debitis cum sint vero. Sunt quod alias atque aliquid nostrum omnis. Natus velit minus quos autem est suscipit ut dolor.'),
	(105,48,410,'Accusamus eum saepe quaerat repudiandae. Expedita sint ut tenetur aut blanditiis et perspiciatis. A et fuga enim voluptate. Id non praesentium voluptatum impedit illo sunt.'),
	(106,10,201,'Molestiae et vel tenetur ex dolorem sapiente. Cumque fuga facilis omnis animi et iusto voluptatem. Ut explicabo fugit harum quia qui et. Cupiditate modi aut sint libero dolor itaque dolor.'),
	(107,7,266,'Quasi eum rerum facilis facere. Incidunt est laboriosam ut eaque quas. Pariatur consequatur totam qui eum error est. Et modi deleniti qui distinctio quam sit.'),
	(108,35,404,'In unde consectetur placeat molestiae temporibus veritatis sed. Enim ut error molestias ea cumque quae. Qui aut consectetur ut delectus laudantium veniam.'),
	(109,17,224,'Nesciunt quos minus quia suscipit. Quaerat nostrum suscipit accusantium ex molestiae optio. Qui mollitia corporis impedit ut ad et officia enim.'),
	(110,44,212,'Deleniti rerum quia est unde. Perspiciatis voluptas iusto et vitae in dolores quos. Quisquam distinctio sint animi sint officiis repellat.'),
	(111,29,208,'Dolorem exercitationem et aut voluptatem. Corrupti quos sunt fuga numquam quasi enim. Fugiat debitis atque recusandae. Eligendi numquam ut doloribus dolor quos repudiandae officiis.'),
	(112,42,192,'Voluptatibus unde dolore exercitationem quidem repellat id qui. Voluptatem officia consequuntur illo amet reiciendis culpa. Voluptas molestiae ut a excepturi.'),
	(113,18,137,'Sed ut doloribus dolor distinctio mollitia et. Soluta amet nemo doloremque dolorem excepturi. Porro consequatur optio placeat.'),
	(114,11,9,'Vero illo sit qui mollitia aperiam similique est. Pariatur sed quo ut. Eum quaerat iusto nesciunt fugit impedit fuga.'),
	(115,14,7,'Ab consectetur at occaecati. Ut non et deserunt.\nRerum quod iste laudantium porro suscipit ad. Id aut sint sit inventore. Dolore quia quis id. Molestias quos maxime ab consequatur.'),
	(116,12,225,'Quasi exercitationem facere eum perferendis eos sed voluptatem non. Error dolorem consequatur libero ipsum. Voluptates a omnis culpa numquam quae.'),
	(117,32,328,'Quam possimus aut et earum. Rerum repudiandae est architecto et iusto. Incidunt eveniet adipisci repudiandae aut harum est eos. Rerum beatae sit autem sit.'),
	(118,13,364,'Debitis quae molestias et voluptatem natus aut quam placeat. Eaque sint sint non. Praesentium autem earum quae voluptatem aut. Nemo sed quis iure nobis quia.'),
	(119,33,328,'Qui dolores doloribus molestiae et. Dolor placeat ullam est ut praesentium sed. Error et rerum expedita non.'),
	(120,28,304,'Nobis ut sapiente corporis repudiandae nemo qui est. Iste voluptas illum amet cum sed ut minus. Voluptas delectus nam quaerat quia sunt. Ab et ducimus asperiores tenetur aut.'),
	(121,8,238,'Sint similique et nam. Necessitatibus architecto aliquid reprehenderit aliquid quos ut deserunt dolor.'),
	(122,2,347,'Ullam ad consequatur repudiandae quos fugit id. Optio omnis aut eos in corrupti consequatur totam. Voluptate fugiat sit voluptatum.'),
	(123,47,50,'Ullam quo delectus odio est reprehenderit quibusdam. Sit repudiandae ad ut sed ex. Repellendus sint nihil similique dolor voluptatem.'),
	(124,7,397,'Reiciendis dolor aliquid harum laudantium enim. Ea repellat ab maxime adipisci quis modi cum. Nulla praesentium possimus aliquid quis aut fugit maiores.'),
	(125,34,18,'Quis autem assumenda dolor quos. Illum et aliquam dolor dolorem nihil suscipit sunt expedita. Et id consequatur et reiciendis ullam suscipit aperiam enim.'),
	(126,6,364,'Adipisci quisquam atque qui in. Perspiciatis ut cumque enim rem voluptate et qui. Cum cumque aut sapiente blanditiis dicta.'),
	(127,41,180,'Consequatur consectetur ea quibusdam id aperiam. Qui commodi consequatur magni dolorum soluta non. Aut eos dolore placeat omnis aliquam aperiam odit. Quos quia molestias est tempora.'),
	(128,29,404,'Corrupti voluptates ducimus dolores iusto provident. Maxime dolorem enim reprehenderit nisi repellendus eum. Aut dolor esse reiciendis et.'),
	(129,38,224,'Nostrum perferendis et et cupiditate. Debitis vel tempore delectus inventore quod sed laboriosam.\nIpsa id qui iste. Nam corporis est vel ad. Laboriosam et sunt vero dolores.'),
	(130,17,181,'Quaerat fuga quaerat corrupti beatae. Est explicabo aspernatur maxime explicabo sed. Explicabo minima et ratione veritatis ut voluptates quo.\nAliquam et aperiam ut. Voluptas autem vel illum.'),
	(131,5,409,'Suscipit facere fugit ut quibusdam. Rerum quae dolorem neque minima. Quod est deserunt et esse qui doloribus consequatur libero.'),
	(132,17,387,'Quo officiis ipsam quisquam vitae rerum. Id voluptates id sunt eveniet. Aperiam qui quo optio nulla earum qui ipsa. Nisi est minima voluptas qui itaque omnis cumque.'),
	(133,38,353,'Nihil qui iusto placeat sed et odit. Est et suscipit qui. Dolor dolores rem dignissimos et et. Occaecati perspiciatis laborum sint praesentium corporis fugiat quis.'),
	(134,9,334,'Consequatur velit qui sit aliquam omnis. In nam voluptatem quam omnis consectetur omnis nihil.'),
	(135,24,294,'Quaerat molestiae eum expedita ut. Non eum id consequatur vel aut ipsa aut. Ut modi eos et eum quia nihil corrupti. Quo explicabo doloribus dicta voluptas optio.'),
	(136,37,172,'Eos neque ipsum fuga atque debitis. Dolore vel doloribus repellat porro molestiae quia natus. Amet quia non aspernatur cupiditate. Dignissimos quisquam et nihil ipsum autem.'),
	(137,21,416,'Dolorem nihil quia beatae eius. Maiores nulla optio repellat beatae aut fuga iste. Ut qui magni placeat asperiores possimus tempore non.'),
	(138,23,432,'Tempora earum ea perferendis. Facilis ex facilis sed facere impedit cumque et mollitia.\nQuos accusamus deserunt assumenda eaque est dolore mollitia itaque. Et et rerum veniam.'),
	(139,22,257,'Error consequatur est sit incidunt fuga voluptatum libero. Ea qui placeat occaecati. Nihil neque repudiandae sunt voluptatum voluptatem. Ratione placeat omnis soluta et consequatur est.'),
	(140,9,24,'Quos sunt ipsa culpa architecto a ipsum ut. Et quia id ea. Est nostrum consequatur voluptatem vel. Velit consequuntur voluptatum dignissimos recusandae non ut praesentium.'),
	(141,25,77,'Qui voluptatem quaerat qui rerum veniam molestiae eveniet. Et inventore deleniti minus asperiores.'),
	(142,37,317,'Odit excepturi eos qui aut quisquam. Tempora voluptate ipsa quidem ipsam. Dolore consequatur nam dolor doloribus animi. Sed voluptates fugit qui cupiditate corrupti.'),
	(143,16,130,'Veritatis aut sit totam sunt et dicta. Id assumenda labore quia autem ullam. Et tenetur placeat rerum omnis qui odit.'),
	(144,3,339,'Alias minima aut et. Numquam unde alias placeat quae recusandae. Ut soluta debitis illum quod officia. Eveniet amet natus quia voluptas sed.'),
	(145,18,48,'Et aperiam ut velit non. Facere cupiditate quod explicabo. Dolore sed maiores officiis modi. Blanditiis eos dicta repellendus voluptate error itaque.'),
	(146,39,176,'Vel minus mollitia optio ut est illo. Id illum aut vero id a ea accusantium. At qui asperiores occaecati ipsa.'),
	(147,23,204,'Nam excepturi modi magni natus ut autem. Provident eos eligendi reiciendis explicabo qui id nam vero. Molestiae delectus esse occaecati in. Corporis cupiditate ut quo quaerat omnis asperiores qui.'),
	(148,40,265,'Eos aut quibusdam ullam maxime. Sit necessitatibus impedit possimus ratione laborum. Distinctio qui in itaque eos nisi voluptatem. Dolores laudantium voluptatibus nihil rerum.'),
	(149,35,140,'Culpa enim qui id est corrupti rerum. Sed dolore cum eos sit. Nisi saepe qui dicta magni vitae illo.'),
	(150,38,444,'Sequi tenetur architecto sed vel. Cumque nam aut dolores rerum. Possimus aut et accusamus itaque.'),
	(151,11,209,'Totam sit nulla id ea. Et distinctio tempora dolor sint odit quo aut delectus. Accusantium atque praesentium modi est. Accusantium error molestias qui est at incidunt.'),
	(152,17,208,'Minima aperiam aut illo nisi quos et qui architecto. Est iusto voluptatum expedita natus et officiis. Eaque laboriosam et doloremque aliquam nesciunt eos.'),
	(153,11,437,'Iure vel eum non aliquid suscipit. Est accusantium corporis debitis. Modi ut quia et consequatur temporibus. At omnis odit hic est deleniti nihil eaque.'),
	(154,14,204,'A quas quas impedit quasi quis quam. Amet qui possimus in. Culpa rerum deleniti eveniet est ad voluptas veritatis ad. Omnis fugiat id impedit sint.'),
	(155,16,429,'Totam eos odit qui error. Dolore vitae voluptatum voluptas aperiam voluptate accusamus repellendus. Beatae id distinctio eum at aliquid.'),
	(156,14,28,'Aut fuga consequatur voluptatum. Repellat non ut ea unde sit dolore. Iure distinctio accusantium rem et excepturi.'),
	(157,8,230,'Odio incidunt harum aperiam quod. Dicta ut sint vero blanditiis qui vel. Nostrum libero ut et et. Nobis qui sed inventore quia saepe eum est.'),
	(158,16,203,'Voluptatem praesentium dolorem magni id fugiat. Ab adipisci est inventore nostrum. Sed nihil minima accusantium. Qui sequi et ea architecto est quas aliquid.'),
	(159,4,320,'Placeat iusto adipisci accusantium rerum temporibus id tempora. Enim adipisci animi repellendus atque voluptates quaerat voluptatem et. Qui nemo non est commodi dolorem nesciunt odit assumenda.'),
	(160,39,56,'Qui cupiditate libero illum perspiciatis repudiandae. Inventore facilis et nobis vitae sapiente voluptatem natus.'),
	(161,27,297,'Vitae nulla et nemo aliquam. Debitis ut rerum consequatur qui. Consequatur cumque voluptatem in officiis ex eum maiores.'),
	(162,46,218,'Iste quis dicta voluptate amet tenetur earum. Et quaerat eligendi veritatis qui natus. Velit laborum numquam dolor maiores rerum et eos. In sequi maiores consequatur architecto reprehenderit eum.'),
	(163,49,140,'Laborum et reiciendis autem. Et voluptatem pariatur magni eum. Et voluptas voluptatem et ullam.'),
	(164,20,296,'Vel et rerum molestiae quo aspernatur. Recusandae ea vero corrupti esse. Autem placeat quibusdam sunt nobis facere ut harum. Officiis sunt mollitia vitae doloremque.'),
	(165,47,283,'Commodi consequatur magni dolor dolor et fuga ut. Voluptate sint tempora est eos. Dolores veritatis ex voluptas quos est. Non illo blanditiis voluptates eligendi sed. Sed ut et sed sint nam ut.'),
	(166,43,131,'Aut occaecati et esse debitis quidem quaerat praesentium. Fugit est soluta aliquam. Molestiae laudantium quo natus.'),
	(167,32,248,'Nobis porro cum modi adipisci recusandae. Totam laudantium cumque ullam ut. Accusantium eos aliquid ex autem ea voluptatum cumque. Autem in odio et.'),
	(168,37,349,'Aut ut distinctio est fugit. Nihil repellendus qui explicabo eum odio nam. Ducimus minima nostrum adipisci nesciunt. Sapiente eius id dolorem id id sint.'),
	(169,34,323,'Quis mollitia quia repellat suscipit nisi accusamus necessitatibus optio. Sit sed explicabo voluptate. Sed vero accusantium sed sint delectus dolores quaerat.'),
	(170,22,369,'Suscipit in illum ea praesentium sequi provident voluptas. Et provident dolores quis doloribus itaque repudiandae. Ut odio voluptatem necessitatibus voluptatibus.'),
	(171,18,359,'Soluta aspernatur illum quod occaecati. Laborum eligendi dolore ut repellendus nihil. Explicabo consequatur distinctio nisi atque. Architecto tempora voluptates ad aut aspernatur.'),
	(172,24,243,'Provident animi ut sit sint rerum amet. Voluptatibus officia at animi laboriosam. Praesentium sed sed deleniti expedita. Aut aliquam sequi suscipit impedit.'),
	(173,2,244,'At molestias nulla iste ut nihil praesentium nostrum. Sunt alias sint impedit quasi nostrum autem. Corrupti quos id omnis. Ipsa consequuntur ipsa rerum dolore.'),
	(174,42,401,'Pariatur nam incidunt reprehenderit blanditiis iste. Reprehenderit consequuntur vel illum quas. Explicabo alias sapiente possimus rerum.'),
	(175,46,321,'Provident fuga asperiores quia. Voluptates sed doloribus sit nulla voluptas quo minima. Pariatur ab nihil nesciunt.\nVoluptas accusamus illo molestiae. Animi unde omnis deleniti eveniet quidem.'),
	(176,37,321,'Enim eaque doloremque sunt nulla dolorem vel illo. Enim eos doloremque inventore qui quia vitae. Sed corporis eveniet natus perspiciatis quidem asperiores.'),
	(177,33,258,'Dolorum sint magnam voluptas dolor sed. Ut blanditiis voluptate aperiam quibusdam magnam vel. Accusamus pariatur aut alias beatae consequatur rerum aut.'),
	(178,45,353,'Asperiores sit explicabo sed illum sequi enim. Iusto placeat magni qui hic. Impedit voluptas sunt hic eaque cum. Aspernatur officiis debitis veniam assumenda.'),
	(179,40,25,'Reiciendis quis nostrum exercitationem eum ut qui quis. Expedita quis recusandae aliquam deleniti rerum soluta. Ipsam repellendus labore minima atque. Commodi optio a sunt debitis in voluptatem.'),
	(180,46,151,'Unde ut ducimus repellat dolore. Aliquid quos quia corrupti sit reiciendis. Dolorem repellat libero veritatis labore autem et. Quis deleniti nobis et quod dolor tempora dolorem in.'),
	(181,23,312,'Facilis facilis iusto ut alias dolores minus. Rerum ipsam voluptatem ipsa omnis. Pariatur veritatis optio excepturi et eos. Quidem ipsa quod et quis non voluptas asperiores non.'),
	(182,12,318,'Dolor est laborum accusantium voluptatum eius. Quia quaerat aut qui vel in. Neque exercitationem voluptates non laboriosam sit. Sunt sint et optio non saepe aut.'),
	(183,42,450,'Ad ut voluptates autem ea doloribus harum et. Enim debitis ut sed voluptatem sit modi id. Quia nam itaque cumque minus dolor explicabo.'),
	(184,13,51,'Modi voluptatem sint occaecati eum ullam illum. Incidunt aliquam voluptatum sit sunt. Dolorem nemo illo sequi earum qui. Porro reiciendis magnam ut.'),
	(185,17,345,'Eveniet ut natus id. Non minus illo sunt ut dolorem non necessitatibus. Distinctio quibusdam recusandae quo consequatur. Nesciunt et sint eum.'),
	(186,9,358,'Perspiciatis ut ea eos est ut ea. Animi quam enim molestias quas iste incidunt. Consequatur ut rerum tempore voluptate est nostrum quis.'),
	(187,19,434,'Vel quia consequatur ad laudantium. Et ut facere qui voluptas voluptates saepe iure. Corporis est aut dolores qui. Delectus magnam commodi dolor ipsa.'),
	(188,52,406,'Omnis ipsa aut voluptas aut quia. Distinctio molestias libero eligendi numquam. Totam optio quis quas et dolore incidunt. Quae aut tempora veritatis minus alias voluptatibus saepe.'),
	(189,17,173,'Maxime similique ducimus error molestiae doloremque aperiam nostrum. Porro ducimus harum est aut eos voluptatem repellat illum. Quos id ipsum qui maiores. Aliquid minima sed est autem.'),
	(190,38,255,'Rem sint aut inventore tempora. Molestiae reiciendis velit quo voluptatibus perspiciatis. Quo deserunt facere ab ut iste consectetur non.'),
	(191,51,274,'Aut dolor mollitia enim et sed. Nulla cupiditate odit in quisquam placeat dolores. Voluptate commodi occaecati eligendi aliquam quia voluptas incidunt. Nisi ut voluptas sed.'),
	(192,17,134,'Fugit deleniti corporis et velit illum reiciendis quis. Alias possimus vel et dolorum et aspernatur. Eveniet qui quasi quia laboriosam praesentium. Voluptas ipsam neque libero.'),
	(193,21,285,'Quia quibusdam dolores exercitationem. Molestiae sed sapiente libero minus officiis. Omnis laboriosam in dolores dolores nihil. Aut ut sit est omnis explicabo repudiandae excepturi consequatur.'),
	(194,46,6,'Aut distinctio nemo ipsa porro excepturi autem. Soluta exercitationem libero sed non. Ullam ratione quo sunt.'),
	(195,26,1,'Beatae necessitatibus nisi accusantium totam. Et mollitia aut tempore sapiente ad. Omnis sed quo harum harum ex facere quas.'),
	(196,3,29,'Sint dolores suscipit non repellat nobis. Dignissimos tempora mollitia maxime molestiae sit occaecati doloremque. Ab enim et est sed sit maiores maxime cumque.'),
	(197,10,316,'Asperiores sit laudantium a natus eos architecto. Quisquam provident nemo et enim. Porro laborum temporibus error. Animi odio et facilis sapiente.'),
	(198,44,438,'Aut expedita reprehenderit eum quo odit tenetur. Non eum ut earum reiciendis quibusdam est. Velit cum ut rerum deleniti. Repellat et dolore eveniet mollitia minima est accusantium.'),
	(199,32,389,'Non qui est sunt omnis rerum repellat. Ut qui in occaecati nam iure a. Fugiat possimus mollitia nobis pariatur quas dolorum. At voluptates eius est eos aut eveniet expedita.'),
	(200,23,203,'Animi deserunt rerum delectus voluptate at ut ratione. Distinctio soluta nihil cumque. Delectus facere aut in error pariatur est saepe. Accusantium placeat natus omnis sapiente.'),
	(201,34,420,'Illo quia blanditiis cupiditate dolores assumenda id. Aut quisquam nihil dignissimos cumque. Culpa minus quia omnis placeat sapiente et. Velit aut quia praesentium explicabo sed aut excepturi.'),
	(202,34,140,'Velit harum laborum ea et. Autem nemo mollitia voluptatem ab expedita.'),
	(203,34,305,'Ea cupiditate aperiam quas qui molestiae. Maxime harum blanditiis ratione eos et est vitae. Enim consequatur assumenda debitis expedita ipsa.'),
	(204,51,299,'Minus recusandae ipsam facere deleniti deleniti qui. Qui dolorem reiciendis accusamus et dignissimos rerum quia. Corrupti odio ut eum maxime debitis quidem eos.'),
	(205,1,449,'Incidunt est aut recusandae modi. In aperiam suscipit beatae dicta. Officia placeat enim exercitationem. Minima qui libero voluptas nisi.\nUt dolores et iusto eveniet dolorum ut. Et cum hic quasi.'),
	(206,46,126,'Velit explicabo ullam accusamus dolorem. Non doloribus a qui sed inventore sunt. Veniam sequi quam atque quia quia. Facere pariatur aliquam labore illum aut corrupti rerum.'),
	(207,39,366,'Sed iure inventore officiis deleniti. Molestiae vitae velit dolorum enim voluptas. Provident culpa expedita facere iusto dicta. Ducimus voluptates quod non et.'),
	(208,45,61,'Aperiam corporis dolore ea sed autem ratione. Harum ab magnam assumenda non. Dicta quam aut officia dolorem et recusandae expedita. Minus odio aut aliquam earum tempore et nisi.'),
	(209,14,238,'Distinctio ipsam corporis pariatur rem odit velit qui. Possimus perspiciatis iure sunt fuga at. Quae cupiditate distinctio dicta nisi.'),
	(210,31,433,'Sint velit voluptate omnis ut. In perferendis ullam molestias. Quaerat eum nihil error fuga. Quos enim rerum modi perspiciatis id quasi eaque.'),
	(211,28,119,'Nisi ut ut error qui. Et quisquam veritatis sint rem ab mollitia voluptas eveniet. Voluptatum quidem in cupiditate. Labore voluptate omnis voluptatem accusamus enim.'),
	(212,23,7,'Nam tempore quas tenetur. Vero ea modi saepe vitae dolor velit. Aliquid occaecati vel quam eos quisquam velit minima voluptatibus. Qui autem fugit voluptates quis laudantium.'),
	(213,17,308,'Non voluptas ipsa quia ipsam. Qui sint sint rem ad.'),
	(214,12,414,'Et error quos nostrum aliquid provident. Nesciunt voluptatum atque animi aut. Ducimus aut hic commodi.'),
	(215,22,396,'Itaque quis architecto sed libero velit veritatis. Et molestiae in ut exercitationem. Molestias autem corrupti et cum. Doloribus non repellat iste recusandae quae.'),
	(216,48,10,'Modi perferendis voluptates a enim fugit voluptas vel. Sed eum nulla et est ipsa et quibusdam. Sed iusto earum necessitatibus. Iste fugit totam non perferendis voluptatibus nulla ipsam voluptatem.'),
	(217,19,322,'Consectetur sequi soluta numquam rem. Dolorum enim ipsa error officiis doloribus tenetur. Consequuntur est minima ratione. Natus blanditiis et optio maiores ipsam ad.'),
	(218,41,212,'Quia rem est velit quo corrupti aut. Est omnis ratione aut. Officia distinctio labore inventore error voluptas aut aspernatur. Iste magnam repellat aut ad enim.'),
	(219,48,72,'Voluptatem quod deserunt voluptas eius et atque quia. Beatae sunt odit iure tempora repellat. Corporis nisi cumque quae soluta.'),
	(220,19,105,'Maiores vitae dolorem dolor est ipsum. Corporis laudantium sed iure aut. Dignissimos placeat recusandae adipisci et hic.'),
	(221,15,363,'Sit id veniam itaque iure maxime laudantium. Dolores unde possimus perspiciatis et animi quis ipsum. Dolore fugiat at eos.'),
	(222,36,246,'Inventore temporibus nisi vel expedita suscipit. Aut molestiae aut voluptates placeat. Commodi id quas at earum et omnis.'),
	(223,22,387,'Et voluptatem autem nisi doloribus molestias quibusdam. Omnis id et autem facere numquam est. Voluptas eligendi quisquam vero deserunt ipsam aut beatae. Iste accusantium distinctio in odio.'),
	(224,40,281,'Vero suscipit ratione hic nulla et assumenda. Eaque est id rerum iure. Aut vitae incidunt omnis aut consequatur accusantium aut.'),
	(225,3,171,'Amet expedita repudiandae earum in quia dicta ad. Vel voluptatem cupiditate ex corrupti minima voluptates. Recusandae quia et quo perferendis excepturi earum ut quidem. Error ea architecto facilis.'),
	(226,42,79,'Voluptate id sed labore ex ipsa delectus a. Doloribus incidunt autem molestias reiciendis expedita. Quasi odio fugiat quod et similique doloremque.'),
	(227,5,103,'Rerum asperiores nostrum voluptas non. Culpa et exercitationem et saepe quia. Omnis at ut nemo.'),
	(228,7,409,'Omnis perspiciatis aut et corrupti qui eum aliquam. Eum quisquam rem ut placeat cupiditate. Ea consequatur id rerum. Enim et perferendis quidem.'),
	(229,31,154,'Laboriosam minima praesentium commodi temporibus voluptatem. Debitis pariatur ut et. Ut cupiditate et aspernatur similique incidunt. Eaque quaerat dicta dolor pariatur laborum.'),
	(230,26,190,'Officia ut rem qui ea accusantium ullam suscipit. Hic accusamus perspiciatis numquam commodi minus in. Eos rerum culpa non non aliquid nobis. Qui porro est aperiam dolores quisquam qui.'),
	(231,18,447,'Id quae illo natus ratione est totam molestiae. Non similique et harum dolores praesentium quia delectus. Perspiciatis omnis et amet consequatur est ea. Dolor praesentium iste vel illum iste.'),
	(232,26,73,'Modi atque dolor molestias ab et non. Est dolore consequatur et consequatur rem aliquam fugit.'),
	(233,25,238,'Inventore debitis error illum ipsum eos odit. Eius velit explicabo voluptatem. Repudiandae animi nostrum temporibus ad. Atque ab incidunt quod nam ullam.'),
	(234,29,219,'Quia possimus porro qui dolorem ipsam et iusto dolor. Quia quibusdam qui aperiam vel ut alias id. Veritatis quos aliquam corrupti iusto vitae.'),
	(235,1,237,'Voluptatem necessitatibus qui repudiandae tenetur tempore consequatur. Repudiandae sed fugiat aut repellendus. Ut sequi expedita repellat non. Non et illum laudantium autem quaerat autem iusto.'),
	(236,45,339,'Doloremque architecto laborum soluta assumenda. Quasi consequuntur est qui non accusamus repellendus. Veniam rerum incidunt voluptatem est quia.'),
	(237,44,137,'Dolorum velit qui id in ipsa et assumenda pariatur. Commodi suscipit nemo ut quibusdam fuga. Veritatis sit ab voluptatem maxime. Delectus nisi nobis repellat amet.'),
	(238,37,29,'Quaerat sit et repellendus velit laudantium odio. At sunt omnis corporis sint qui accusamus. Molestiae et et aut quam illum dolores.'),
	(239,52,359,'Laborum rerum incidunt quia atque commodi quibusdam quod. Et culpa cum fugit. Eos nemo sit ex consequatur placeat fuga quidem.'),
	(240,49,95,'Est minus quaerat non dolores neque. Eum et aut dolorum neque. Expedita facilis dicta veritatis velit quod corrupti. Et voluptatem molestias ut eius quia.'),
	(241,45,156,'Et fugiat qui quam et neque possimus. Quas quas laborum omnis illo. Autem soluta enim doloribus officiis. Tempore nam voluptatem enim repellendus dolor quos.'),
	(242,48,441,'Aliquam qui tempore modi aut autem aperiam voluptas. Minima et laborum est quidem.'),
	(243,49,164,'Quae omnis odit aut sed. Velit repellat natus quo. Autem atque distinctio amet assumenda fugiat qui. Illo itaque et nemo ut minima.'),
	(244,44,235,'A quia ut qui inventore quas eaque fuga. Aperiam reprehenderit corporis veniam id. Aspernatur voluptas possimus dolorem minima. Blanditiis aperiam pariatur unde est earum exercitationem.'),
	(245,15,25,'Aut debitis officiis qui repellat. Minima quam recusandae saepe debitis provident. Nihil quia est error ducimus soluta veniam assumenda. Debitis expedita amet fuga sit.'),
	(246,29,402,'Quos quibusdam voluptas qui sit quis. Dolores qui non rem cumque minima sit iure. Et neque et repellat eveniet culpa omnis.'),
	(247,33,347,'Iste voluptatum nulla dicta. Assumenda voluptatem quia illo sed corporis. Ut quaerat vel impedit quas iusto. Minima porro repudiandae cumque repellendus.'),
	(248,21,285,'Expedita ipsam tenetur non. Debitis consequatur natus culpa asperiores. Velit ratione dolorem et natus mollitia magni ut. Dolor non dignissimos qui repellat ullam ea repellat.'),
	(249,23,52,'Magnam est aperiam velit aut quis accusamus fugit. Eum iusto eum quis ipsa. Exercitationem earum error velit dolorum reiciendis sint reprehenderit. Enim et odit nam reprehenderit hic porro fugit.'),
	(250,54,234,'Nesciunt doloremque velit accusantium autem cum at. Error vel pariatur in voluptate aliquam eum omnis. Laborum est neque sed fugiat. Ea nulla magnam et natus dignissimos.'),
	(251,24,233,'Accusantium ut exercitationem in aliquam illo est. Cumque mollitia quia molestiae. Earum sapiente fugiat accusamus ullam voluptatum aut esse.'),
	(252,18,108,'Ut ut placeat deleniti tenetur sunt recusandae voluptatem. Omnis quia tempora vel enim non. Quod tempora cum blanditiis suscipit est sint. Eos dolores sequi est.'),
	(253,46,209,'Illo quibusdam ipsa impedit tempore voluptatem esse molestiae. Placeat cupiditate alias architecto dolorem. Qui provident illo sit hic similique.'),
	(254,38,64,'Eius eos esse dolores. Esse eius inventore voluptatem delectus perferendis blanditiis. Repellat sapiente autem explicabo sed consectetur.'),
	(255,22,278,'Voluptate voluptatem deserunt deleniti dolore qui assumenda beatae a. Distinctio ex accusantium iure placeat id dolor praesentium a. Inventore deserunt sequi consequatur amet est nesciunt sequi.'),
	(256,14,56,'Aut molestiae quia et sed sit. Ratione non ut sed maxime ullam qui. Vero aut omnis sint quis voluptatem eaque dolorum consequatur.'),
	(257,31,69,'Voluptates sunt illum officiis voluptate sed. Ut aut officia ea distinctio nihil animi. Aliquid velit vitae dignissimos sapiente. Nostrum modi atque molestiae enim ad.'),
	(258,33,252,'Aspernatur quae quis sequi. Illo numquam neque possimus a sed corporis nostrum. Aut ea totam hic maxime aspernatur eius.'),
	(259,41,167,'Fugit quisquam quos repellat quis. Accusamus repellat et qui enim. Beatae ab laboriosam dolor. Maxime dolor eius ut dolorem ducimus.'),
	(260,22,296,'Et iste architecto quis possimus sunt modi nobis. Laboriosam cupiditate sint quidem minus nemo. Culpa maxime autem totam autem sint in porro.'),
	(261,5,337,'Non eaque eius voluptatem aut. Sunt tempora neque accusamus non nulla aut non. Qui quidem libero expedita quam consequatur eos voluptatibus. Odit porro aperiam eligendi quasi.'),
	(262,16,160,'Rem aut aut quis at quasi quod. Aperiam id velit amet ut corporis rerum. Aspernatur dolorum maxime voluptas possimus alias. Earum quisquam sint reprehenderit ducimus qui facere neque ea.'),
	(263,9,234,'Maxime illum assumenda dolor rem occaecati esse et quisquam. Architecto rerum vel quo in iure dignissimos. Magnam laudantium vitae nemo consectetur ut possimus.'),
	(264,7,426,'Blanditiis aut qui fugit voluptatum accusantium rem sit. Commodi blanditiis enim aut blanditiis neque.'),
	(265,13,237,'Assumenda dicta enim et nulla qui a doloremque. Deleniti consectetur delectus delectus delectus assumenda. Exercitationem tempore rerum velit ipsam ut.'),
	(266,39,427,'Maiores ducimus qui cumque aut totam ab nihil placeat. Cupiditate officiis et quod blanditiis non. Iusto et autem quo voluptatibus iusto asperiores.'),
	(267,11,205,'Iure consequatur vel rem odio voluptas nisi quia blanditiis. Nesciunt repellendus quidem sed sunt omnis esse. Accusantium officiis tempora cupiditate dolorem.'),
	(268,22,326,'Excepturi adipisci nulla aut voluptatibus ut porro ipsa. Reprehenderit voluptatum est qui cupiditate. Velit officia eos et eos asperiores velit. Modi error voluptatibus et modi illo aliquam qui.'),
	(269,32,326,'Aliquam illum ipsam perferendis et sunt amet voluptates. Et neque aspernatur expedita totam in et omnis unde. Aut veniam sit tempora in ipsa id.'),
	(270,47,80,'Dicta autem quaerat voluptas similique quo eum. Modi ut similique sunt occaecati molestias. Dolor recusandae nobis minima commodi. Velit vel rerum perferendis rerum rerum tempore quo aut.'),
	(271,52,231,'Dolores itaque quam dolores reprehenderit. Recusandae et asperiores necessitatibus enim praesentium nulla sit.'),
	(272,35,271,'Eum culpa dolorum nobis dolores magnam saepe. Consectetur facere eius hic iste. Consequatur hic vitae voluptatem itaque. Rerum velit eum amet aut aperiam aut.'),
	(273,4,7,'Adipisci porro consequatur quibusdam. Soluta provident mollitia unde esse molestiae. Saepe quis fugiat recusandae ex vel vel pariatur. Iste provident ab aspernatur magnam qui.'),
	(274,35,449,'Rem velit saepe consequatur eveniet. Corporis incidunt libero consequuntur officiis eligendi.\nEt est sapiente pariatur. Qui consequuntur iusto quidem ea recusandae est in.'),
	(275,13,79,'Quis ipsam voluptatem a qui fugit. Qui modi minima totam itaque modi et ut. Dolor hic quas ad nobis voluptatum architecto et.'),
	(276,36,412,'Quo et eaque tempore corporis necessitatibus fugit quam recusandae. Autem ut consequatur possimus earum veritatis. Amet est sit pariatur itaque ut.'),
	(277,22,255,'Rerum dolorum nesciunt dolore necessitatibus. Veniam sed odio rerum laborum quas. Aut delectus voluptatum distinctio rem. Dolore laboriosam dolorem voluptas nemo quia.'),
	(278,19,276,'Modi aut laudantium atque ratione non enim quis. Debitis aut repellat est animi vel. Ipsum quas illo et aut.'),
	(279,40,175,'Et officia est sint iure qui. Soluta iure amet quia repellat. Id sunt aut est labore qui quo. Molestiae ab ipsum maxime minus perspiciatis facere.'),
	(280,31,68,'Nostrum reiciendis ea veniam. Quisquam voluptas qui voluptatum. Consequatur autem quia et.'),
	(281,3,381,'Dolor ea deserunt laudantium. Mollitia ut illum ullam iure est distinctio et. Enim aspernatur tempora officia ea suscipit beatae velit.'),
	(282,19,375,'Qui omnis molestiae fugiat tenetur. Dolorum id est quam ratione quisquam voluptas sint architecto. Voluptas aliquam accusamus et velit cum porro. Corporis magnam fuga doloremque sed ut.'),
	(283,23,117,'Voluptatem rerum voluptas eos quia repellendus. Impedit voluptatem occaecati ratione quod et delectus quis sint. Illo quod veniam quae illo.'),
	(284,33,138,'Sequi consequuntur quo hic. Consequatur autem esse in blanditiis aut minima. Et consequatur qui iusto commodi nobis odit nam. Non eos non consequatur libero illum quo.'),
	(285,45,423,'Sint mollitia doloremque et dolores sit tempore. Eveniet quia reiciendis ea culpa quia magnam et. Delectus dicta nostrum quas et eius.'),
	(286,14,274,'Dignissimos tenetur expedita amet ut ut porro. Totam incidunt suscipit necessitatibus est quia velit molestiae. Aliquid harum fugit omnis nobis fuga nisi voluptatibus. Qui ut ut possimus.'),
	(287,38,80,'Praesentium dolor quam est et. Dolores aspernatur blanditiis porro ipsa et possimus. Fugit aut doloribus vitae ut veniam temporibus cumque. Explicabo maiores repellendus consequatur suscipit tempora.'),
	(288,41,370,'Reprehenderit tempore ad eos adipisci fugit. Voluptas ratione ea quo voluptatem. Velit quia molestias explicabo rerum similique culpa officia.'),
	(289,32,228,'Praesentium incidunt doloribus provident officia ipsum velit recusandae. Assumenda error modi at vel aut numquam vitae. Iste quia cupiditate officia id.'),
	(290,49,55,'Ratione quis odio omnis et odit aut. Aut corporis ducimus et ab provident delectus. Recusandae laboriosam quae est voluptatem ut illum earum autem.'),
	(291,7,277,'Sed ea ea impedit. Voluptatem corporis eum ducimus. Quia voluptatem sint laboriosam molestias accusamus ea inventore.'),
	(292,40,286,'Mollitia provident pariatur inventore omnis. Accusantium ipsa quisquam laudantium eveniet laborum.'),
	(293,37,431,'Iure quia ab voluptate temporibus quos. Illum in eveniet et praesentium iusto et error. Ipsa qui iure sunt adipisci.'),
	(294,24,150,'Debitis aut enim quasi expedita sint magnam molestias ut. Corrupti quia id sit unde minus. Hic vitae eum eos. Qui officiis nam sit. Esse perspiciatis omnis rem consequatur possimus.'),
	(295,23,403,'Qui dignissimos repellat debitis culpa ipsam vel aperiam. Asperiores aut voluptatibus et non. Natus labore provident magnam porro aut atque et. Ipsam repellendus ipsum iure earum est ipsam illum.'),
	(296,50,290,'Nesciunt distinctio illo voluptas porro eum vero. Numquam a ipsa praesentium rerum atque tempore.'),
	(297,38,340,'Cumque velit velit esse vitae. Fugit non velit quos veritatis fuga quia voluptatem. Dolor voluptatem sed ullam distinctio aliquam. Sed omnis est aliquid ut.'),
	(298,50,422,'Voluptas quas repellat officia sapiente. Facilis sit deserunt est ipsam cum. Saepe dicta ut rerum.'),
	(299,50,103,'Et voluptas quae explicabo aliquid voluptatibus omnis nostrum. Vel non enim recusandae molestias maxime.'),
	(300,30,346,'Mollitia sunt similique eos dolor ipsa tempora consequatur dicta. Aliquam alias eos est et sunt voluptatem qui. Unde est optio itaque voluptate quia ut qui.');

INSERT INTO reference_pages (reference_id, sending_id) VALUES
	(7,135),(221,247),(83,189),(259,106),(35,194),(114,126),(211,219),(44,186),
    (133,258),(36,273),(234,268),(37,76),(116,127),(250,254),(279,58),(166,47),
    (175,129),(292,136),(104,142),(14,7),(164,118),(289,60),(51,21),(248,197),
    (276,101),(113,217),(146,296),(173,289),(138,293),(71,286),(257,82),(126,184),
    (93,287),(4,279),(95,86),(8,183),(3,13),(146,183),(261,42),(133,17),(40,190),
    (179,278),(126,111),(91,173),(60,194),(54,101),(222,179),(195,252),(65,219),
    (221,177),(103,193),(140,262),(217,30),(32,249),(109,65),(153,43),(163,80),
    (123,73),(36,237),(105,230),(257,100),(157,115),(101,35),(45,88),(272,108),
    (41,117),(221,292),(161,158),(11,200),(144,288),(137,8),(208,207),(272,246),
    (2,163),(144,42),(297,177),(24,169),(7,51),(101,71),(160,203),(20,234),
    (16,29),(171,112),(27,152),(177,131),(133,67),(168,231),(6,73),(173,34),
    (134,40),(282,125),(30,1),(208,24),(78,91),(159,222),(84,125),(79,179),
    (157,220),(145,156),(259,263);

-- Настраиваем систему логирования.

-- Логируем наиболее значимые объекты, это помимо включенного стандартного логирования.
DROP TABLE IF EXISTS logs;
CREATE TABLE logs (
	created_at DATETIME DEFAULT CURRENT_TIMESTAMP COMMENT 'Дата создания',
	target_table VARCHAR(255) COMMENT 'Целевая таблица',
	command VARCHAR(16) COMMENT 'Команда',
	target_id int COMMENT 'Идентификатор целевой записи',
	content_name VARCHAR(4096) COMMENT 'Поле name в целевой записи'
) COMMENT = 'Журнал событий' ENGINE = ARCHIVE;

DELIMITER //
DROP TRIGGER IF EXISTS insert_record_users//
CREATE TRIGGER insert_record_users AFTER INSERT ON users
FOR EACH ROW
BEGIN
	INSERT INTO logs (target_table, target_id, command, content_name) VALUES ('users', NEW.id, 'insert', CONCAT('Зарегистрирован новый пользователь: ', NEW.name));
	INSERT INTO profiles (user_id) VALUES (NEW.id);
END//

DROP TRIGGER IF EXISTS insert_record_cards//
CREATE TRIGGER insert_record_cards AFTER INSERT ON cards
FOR EACH ROW BEGIN
	INSERT INTO logs (target_table, target_id, command, content_name) VALUES ('cards', NEW.id, 'insert', CONCAT('Создана новая карточка: "', NEW.title, '"'));
	INSERT INTO publications (card_id) VALUES (NEW.id);
END//

DROP TRIGGER IF EXISTS insert_record_publications//
CREATE TRIGGER insert_record_publications AFTER INSERT ON publications
FOR EACH ROW BEGIN
	INSERT INTO documents (publication_id) VALUES (NEW.card_id);
END//

DROP TRIGGER IF EXISTS insert_record_behests//
CREATE TRIGGER insert_record_behests AFTER INSERT ON behests
FOR EACH ROW BEGIN
	INSERT INTO logs (target_table, target_id, command, content_name) VALUES ('behests', NEW.publication_id, 'insert', 'Создан новый памятник');
END//

DROP TRIGGER IF EXISTS delete_record_users//
CREATE TRIGGER delete_record_users BEFORE DELETE ON users
FOR EACH ROW
BEGIN
	INSERT INTO logs (target_table, target_id, command, content_name) VALUES ('users', OLD.id, 'delete', CONCAT('Пользователь удален: ', OLD.name));
    DELETE FROM profiles WHERE user_id = OLD.id; 
END//

DROP TRIGGER IF EXISTS delete_record_cards//
CREATE TRIGGER delete_record_cards BEFORE DELETE ON cards
FOR EACH ROW BEGIN
	INSERT INTO logs (target_table, target_id, command, content_name) VALUES ('cards', OLD.id, 'delete', CONCAT('Карточка удалена: "', OLD.title, '"'));
    DELETE FROM publications WHERE card_id = OLD.id; 
END//

DROP TRIGGER IF EXISTS delete_record_publications//
CREATE TRIGGER delete_record_publications BEFORE DELETE ON publications
FOR EACH ROW BEGIN
    DELETE FROM documents WHERE publication_id = OLD.card_id; 
    DELETE FROM behests WHERE publication_id = OLD.card_id; 
END//

DROP TRIGGER IF EXISTS delete_record_behests//
CREATE TRIGGER delete_record_behests BEFORE DELETE ON behests
FOR EACH ROW BEGIN
	INSERT INTO logs (target_table, target_id, command, content_name) VALUES ('behests', OLD.publication_id, 'delete', 'Памятник удален');
END//
DELIMITER ;
