-- База данных VK.
drop database if exists vk;
create database vk;
use vk;

-- Справочник ролей пользователей.
drop table if exists roles;
create table roles (
    id int unsigned not null auto_increment primary key,
    name varchar(256) not null,
    created_at timestamp default current_timestamp,
    updated_at timestamp default current_timestamp on update current_timestamp
);

-- Таблица зарегистрированных пользователей.
drop table if exists users;
CREATE TABLE users (
    id INT UNSIGNED NOT NULL AUTO_INCREMENT PRIMARY KEY,
    name VARCHAR(256) NOT NULL,
    email VARCHAR(256) NOT NULL,
    email_confirmed BIT NOT NULL DEFAULT 0,
    phone VARCHAR(64) NOT NULL,
    phone_confirmed BIT NOT NULL DEFAULT 0,
    password_hash VARCHAR(1024),
    blocked BIT NOT NULL DEFAULT 0,
    created_at TIMESTAMP DEFAULT CURRENT_TIMESTAMP,
    updated_at TIMESTAMP DEFAULT CURRENT_TIMESTAMP ON UPDATE CURRENT_TIMESTAMP
);

-- Таблица ролей пользователя.
drop table if exists user_roles;
create table user_roles (
    user_id int unsigned not null,
    role_id int unsigned not null,
    primary key (user_id, role_id),
    foreign key (user_id) references users (id),
    foreign key (role_id) references roles (id)
);

-- Таблица типов медиафайлов.
drop table if exists media_types;
create table media_types (
    id int unsigned not null auto_increment primary key,
    name varchar(255) not null unique,
    created_at timestamp default current_timestamp,
    updated_at timestamp default current_timestamp on update current_timestamp
);

-- Таблица медиафайлов.
drop table if exists media;
create table media (
    id int unsigned not null auto_increment primary key,
    media_type_id int unsigned not null,
    user_id int unsigned not null,
    filename varchar(255) not null,
    size int not null,
    metadata JSON,
    created_at timestamp default current_timestamp,
    updated_at timestamp default current_timestamp on update current_timestamp,
    foreign key (user_id) references users (id),
    foreign key (media_type_id) references media_types (id)
);

-- Таблица профилей пользователя.
drop table if exists profiles;
create table profiles (
    user_id int unsigned not null primary key,
    first_name varchar(100) not null,
    last_name varchar(100) not null,
    sex char(1) not null,
    birthday date,
    hometown varchar(100),
    photo_id int unsigned not null,
    created_at timestamp default current_timestamp,
    updated_at timestamp default current_timestamp on update current_timestamp,
    foreign key (user_id) references users (id),
    foreign key (photo_id) references media (id)
);

-- Таблица сообщений.
drop table if exists messages;
create table messages (
    id int unsigned not null auto_increment primary key, 
    from_user_id int unsigned not null,
    to_user_id int unsigned not null,
    body text not null,
    important boolean,
    delivered boolean,
    created_at timestamp default current_timestamp,
    updated_at timestamp default current_timestamp on update current_timestamp,
    foreign key (from_user_id) references users (id),
    foreign key (to_user_id) references users (id)
);

-- Таблица состояний дружбы.
drop table if exists friendship_statuses;
create table friendship_statuses (
    id int unsigned not null auto_increment primary key,
    name varchar(150) not null unique,
    created_at timestamp default current_timestamp,
    updated_at timestamp default current_timestamp on update current_timestamp
);

-- Таблица дружбы.
drop table if exists friendship;
create table friendship (
    user_id int unsigned not null,
    friend_id int unsigned not null,
    status_id int unsigned not null,
    requested_at datetime default now(),
    confirmed_at datetime,
    primary key (user_id, friend_id),
    foreign key (user_id) references users (id),
    foreign key (friend_id) references users (id),
    foreign key (status_id) references friendship_statuses (id)
);

-- Таблица групп.
drop table if exists communities;
create table communities (
    id int unsigned not null auto_increment primary key,
    name varchar(150) not null unique,
    created_at timestamp default current_timestamp,
    updated_at timestamp default current_timestamp on update current_timestamp
);

-- Таблица связей пользователей и групп.
drop table if exists communities_users;
create table communities_users (
    community_id int unsigned not null,
    user_id int unsigned not null,
    primary key (community_id, user_id),
    foreign key (user_id) references users (id),
    foreign key (community_id) references communities (id)
);

-- Таблица типов объектов рейтинга.
drop table if exists object_type;
create table object_type (
    id int unsigned not null auto_increment primary key,
    name varchar(256) not null,
    created_at timestamp default current_timestamp,
    updated_at timestamp default current_timestamp on update current_timestamp
);

-- Таблица лайков, не лаек.
drop table if exists likes;
create table likes (
    object_id int unsigned not null,
    object_type_id int unsigned not null,
    user_id int unsigned not null,
    value int null,
    primary key (object_id, object_type_id, user_id),
    foreign key (user_id) references users (id),
    foreign key (object_type_id) references object_type (id)
);

-- Generation time: Wed, 18 Sep 2019 23:50:57 +0000
-- Host: mysql.hostinger.ro
-- DB name: u574849695_22

INSERT INTO roles (name) VALUES
('admin'),
('user'),
('author'),
('moderator'),
('owner'),
('redactor'),
('expert'); 

select * from roles;

INSERT INTO users (name, email, email_confirmed, phone, phone_confirmed, password_hash, blocked) VALUES
('gaylord.darrion','geovanny.gaylord@example.com',0,'+30(5)3202100932',0,'f9e20680e58746a1f959bcc95d501ac6347c308e',0),
('carolyn94','jacobs.bill@example.com',0,'(493)284-7081x5855',0,'15e1fc6310bf18a9ce96f4ce1cb32e42feca1111',0),
('rkihn','rosina.o\'hara@example.net',0,'1-074-109-2670',1,'1bf6f593147a7d0fcd679a34bc2478afccdb28be',1),
('beth47','ro\'conner@example.com',0,'1-299-512-8910x528',0,'833b37eb01e739f2dfb314a0bbc890d7cb60b475',0),
('gzemlak','jessie48@example.org',0,'(198)720-3901',0,'fc37680d578dddfcebe292f2a6297a198b46cca2',1),
('bhowell','fbartell@example.com',1,'933-131-5290',0,'2552d173976fbbaea308b23bd4571be4a2f9a125',1),
('darien.muller','mbartoletti@example.com',1,'+42(4)8528535202',0,'4ec677d76e1a222a1d5fbfffa76cc4944e58368e',0),
('stephon.quigley','ulang@example.net',1,'921-614-8557x24206',0,'99dc587f896427deb25ce2983ac427ef90f8e7fe',1),
('amitchell','stroman.may@example.org',1,'(551)385-6334x2651',1,'28d70c6509b27a4c5dd517743a9e4640fdedb91e',1),
('vita05','bkrajcik@example.org',1,'069-492-2493x870',0,'59eb760d20c4e776094836f93eb4fcc38b1dfcd8',0),
('hbarrows','vbeier@example.com',0,'752.024.5557',1,'60a462f6011cc362fe9233cd00d8d465738444b5',1),
('carter.gregoria','ricardo.kris@example.org',0,'892-653-3700',1,'017375b1ee80312f7088b95be759659f6c6312c4',0),
('mathilde24','smarquardt@example.net',1,'(329)445-9798x33577',0,'6f6cea0b97eaf12126d27f873d3cfdad854203b8',1),
('mweissnat','stokes.tara@example.net',0,'564.191.9322',0,'f13621910cb2cc3210498981a60816cbaab555d6',1),
('howard75','nhermann@example.com',1,'1-774-429-1992',0,'955bbc0809796830b2e1c63b8f1b6acf1f1809f0',0),
('buford89','perry.grady@example.com',0,'(837)676-5197x98989',0,'0452d52c471a148de86487bec0d2e4af7daadaba',0),
('keebler.jedidiah','jayne98@example.com',1,'1-522-876-5759',1,'44a0844a708c71164f145a6eeb89ff382b800214',0),
('raven18','auer.casey@example.com',1,'589.514.8447x258',1,'7f89fc22598432fd0600d8bcdb717d143c5bfabf',1),
('hdubuque','vada61@example.com',1,'616-418-8840',0,'d4c6bbac410ad5e7094b4804e53fdb0db63bb8dd',0),
('lemke.roosevelt','padberg.claudine@example.net',0,'1-034-846-2814',0,'8d50a1a9b43785159c6b6d1aa1b9c89fdbec50c1',1),
('brakus.noelia','devon79@example.net',1,'08252825059',1,'4d4eede24cd6de635e94c57dd81e1fc7ed68290d',1),
('misael.kuhlman','jeremy.johnson@example.com',0,'977.937.4400x7748',0,'5a4c19eddb81d3e4c324468b4c006f7137fb8c24',0),
('zwaters','xhermann@example.com',0,'1-160-330-9525x127',0,'9d94167172bb383018fb9d5f90d3b3af00279c4d',0),
('rowena33','maymie.schmidt@example.org',0,'+64(0)2068940909',0,'83d2a432b2424fb66214b8474a4602027ca751da',1),
('reichert.kaley','autumn11@example.org',0,'281.083.3422',1,'eb83d61c5b327a31a8f4cd255d32570577b167a2',0),
('hilpert.gussie','ulises.moore@example.net',1,'923-247-0829x5002',0,'7cc3d720b978a77261db5cbe8377de89ca2a3d75',1),
('helena98','neil37@example.org',1,'+20(1)1645489553',1,'d184bdc8751279af5d2aaf363659dd27662de5e5',0),
('julien47','will89@example.com',0,'(270)877-2136x5984',0,'faa4544d1f8879ae94ef2ad07f0c8d1ce0e4db8f',0),
('bell.pfeffer','hoppe.haylie@example.org',0,'1-941-144-2285x35081',1,'e52baf2770254baa0052e2b925dabd6f37a6ac16',0),
('wo\'reilly','oda.mayer@example.net',0,'+36(6)8787404448',0,'bb4f061363de520b66c91295992e9b4841180618',0),
('ullrich.merritt','bettie25@example.org',1,'132-404-7238x118',1,'8472b2290e39141a006ca3491259d8d7f2fc72da',1),
('laverna.auer','gstark@example.com',1,'01230480109',0,'07edd918acf849b1e10b574fcd547d27c0eff4e9',0),
('grimes.estevan','antonio68@example.com',0,'368.319.3572x03162',0,'92131a7fab23a948d99eae846ff1e365e14573b6',1),
('arnaldo.runolfsdottir','jsanford@example.net',1,'733-644-7769x3647',0,'6a3744d5a547a163683ba4145b156f210820dddc',1),
('evie.bradtke','wjacobs@example.com',1,'+62(4)8773130356',0,'e3f878a4662afa55cfe8b9211a358a2a71ee5212',1),
('leanne.rempel','dietrich.taryn@example.com',1,'(041)105-9395x130',0,'2b0cae802b9217db8c0376ce5a9bc7a3fbedc9c7',1),
('vicky.jakubowski','rowe.athena@example.net',0,'+18(8)5236787371',0,'3618527fc4eec86ac1a37cfe3a1d1efcf0f21ccb',1),
('barrett98','barbara31@example.net',0,'370.129.8190',1,'bbadae5fd0114a33ee25636bd77dcebabc50d61a',0),
('pkovacek','kuphal.francesco@example.net',0,'1-824-600-6210x464',1,'8f699b7d448ce20983b84080bf83e74f3b47f202',1),
('theresia57','zmurray@example.com',0,'+92(0)9355034702',0,'3767f48a0bb85fae6ce28e71cd4bf9f33078f428',1),
('christiansen.tyreek','carolanne61@example.org',1,'1-031-100-1583x835',0,'91f68dd64c787144c9bf92d6ab2cb4517cbddccb',0),
('grady.gabriella','nmarks@example.org',1,'1-467-136-2908x004',0,'04d165d190e7ad93662a6cc258e05d28db967e33',0),
('fhirthe','giovanni.west@example.com',1,'06269722776',0,'a4a113345abbd1def121e8d89441daa7e8e7966a',0),
('jess.oberbrunner','kailey59@example.net',1,'1-330-703-8674x3490',0,'10bf1ca277638b67b435451c15a34bded500f347',0),
('ethel34','ismael.ruecker@example.org',1,'888.604.4778',1,'7da2fa0af16f5d4d0c16546fdbf53b151f86cf4d',0),
('wuckert.lenna','uhickle@example.org',1,'833-867-2605',1,'443a6b144417d0b5433217d53cf417b9fc2f2083',1),
('blick.elwin','noemie.sawayn@example.net',1,'(167)337-9308x500',0,'7ef7ab288dae57d2c6f79ff33a92e9e40db28d7d',0),
('rkirlin','xkertzmann@example.org',0,'1-222-479-0636x289',1,'449e703fd301f1273cc15ce030a0cc1b6b045cc4',1),
('kevon86','alfred.crist@example.net',1,'744.300.5489',0,'e213f0cfc1d2a6316d88cc1c52ffada029b8eb28',0),
('svolkman','pschinner@example.net',1,'(602)444-7012x97120',0,'d5fe288ce48074c6b88efeb683b75622be2b5d9d',1),
('marks.dee','eernser@example.net',0,'(128)759-2879x098',1,'6d748e3c31c7232840449dce89e76cb6199a0ec1',1),
('tzemlak','everette74@example.org',0,'1-031-458-8605x2728',0,'54f0dc398163c98713be35d06d1825bcc79c93df',0),
('lindsey.abshire','sheila.pouros@example.org',0,'(300)612-3674x67611',0,'fe3470280600af674394d5a4ae778ee52ed30f12',0),
('vonrueden.ellsworth','hledner@example.net',1,'(932)707-1415',1,'b31013a2f467b4f496c7cff8e10735455dff1ed8',1),
('maximilian25','wsmitham@example.com',0,'+15(5)9216987263',0,'d2c6963f875092b4167c26aa5519e56f5d59a9b7',0),
('boyer.cyril','xkris@example.com',1,'(330)773-4848x69920',0,'b7bdb7518bf407b7113f03b74a289a9bd38c3cfe',0),
('liliane04','oswift@example.com',0,'09283051481',1,'81f63245561863b9aecac70da592cb0d7d9086a5',0),
('yrunolfsson','ybogisich@example.org',0,'1-483-457-2630x642',1,'d4676a4e145bde7012804c47570f1244cc0a69bd',0),
('emmanuelle92','rickey50@example.org',0,'107.297.9041x531',1,'d8a4c2c15a2709573b79f52286091b5ae6bc612e',1),
('ukoepp','seth64@example.com',0,'675.397.2731x35315',1,'a16eb7efe677431c00fa3bc1761fc2c9304be84d',1),
('vhomenick','lisette96@example.org',0,'1-334-084-8897',0,'e1344f4509d402c90635ad66acdf04234c7be786',0),
('kkohler','melissa15@example.net',0,'+60(8)4133455598',0,'40e272003f624ad6042a3098523dd98dc15f1850',0),
('sherman70','dusty.kreiger@example.net',0,'+85(8)3187977043',1,'a9378bb6c691e3d6bd420ab9d0c24db414f53a98',0),
('tressa.yost','mclaughlin.van@example.com',1,'1-061-239-0088',0,'77ac6f7ecaa619e0385eca2d9cceef33c982f534',0),
('rosemarie59','kaycee.hoeger@example.org',0,'303-962-7491x5882',1,'253bf57b76eb4e83ff9bc400078aba4b6883f043',1),
('botsford.hildegard','ashtyn42@example.org',0,'1-685-176-1320x396',0,'037c2d5caecfc9385c5844fd251db420562a9c1f',0),
('fpagac','jovany.herman@example.net',1,'966.004.2703',1,'a1f738d132b907f40da49890cd1456683bb82304',1),
('nswift','ykonopelski@example.org',0,'521-754-7839x63409',1,'2334b1492f54c2c7968c7aa168b60f5018a042af',0),
('chase.romaguera','romaguera.jovan@example.net',0,'(878)282-9732x17759',0,'aaae1999b5e5d6404cd1ad8935e733b3cec80cde',0),
('lesch.thaddeus','veum.cloyd@example.org',0,'040-959-8782x15070',0,'7b6119470d7974acd1a9f2eeeb3efc70c0f548f2',0),
('charity.ziemann','kihn.tanya@example.com',0,'542.416.4393x8658',0,'77d1bb1a70c2a70cbed355384898d0f9ea1786d4',0),
('emiller','golden31@example.com',0,'(734)475-8896',0,'5defad6fe1f106516a05ab9aa37e221425affeb2',1),
('cschulist','qlittle@example.org',0,'690.606.9333x24291',0,'103d6f60fc3ea28d691f1370bf4d03904ac33453',0),
('hassie.hegmann','kschneider@example.net',1,'1-683-116-6767',0,'9567bd4910467844ebf8facb59f905ef92e7f197',1),
('rosina06','farrell.waino@example.net',0,'1-246-097-3941x948',0,'92b3f32e0f9a2263df2598973f2c95a8f7a4b038',0),
('glover.jaquelin','lue05@example.com',0,'(817)712-8410x350',0,'c561767024da899a62cad3e187a65defc12a8060',0),
('johnson.emard','elizabeth.sawayn@example.net',0,'05121798574',1,'9346bc867be30b800e992ede2de258362883a143',1),
('ashley.mccullough','qmurazik@example.net',0,'09968145482',0,'81702db26305e64141ab63902a3052cebc3f63fb',1),
('davis.jack','runte.coy@example.net',1,'(047)926-7100x47218',0,'76f596bd3e9fef45705640ffd30bc00468852351',1),
('friesen.hal','brown.elisha@example.com',1,'253-777-9624x9899',0,'218929c276dd27b7ad5b526e91a4885c0ac7dae6',1),
('jgutkowski','douglas.balistreri@example.net',0,'1-114-917-4891x995',0,'d12f832ca0ed181f0404c45336e6fb5b1aa95f47',1),
('hmills','virginie.klocko@example.com',1,'312-579-9583',1,'7ae88bb094860d40a9ff91f9a87923fc61562cb1',1),
('earnest.mitchell','frami.kaitlin@example.com',0,'1-956-587-7130x74786',1,'1b6544b0c845bd73ea25062bd703e77a9005ec24',0),
('wuckert.tressie','deron.douglas@example.com',0,'691-504-5400x26633',0,'1a89902d2704135df178332336fe91274c9ea6d2',0),
('gideon96','sammie49@example.net',0,'1-293-688-7574x21453',1,'52d88129d7b422173f140e3635bb82ae5ed30b5b',1),
('brooke50','christopher31@example.org',0,'1-988-631-9593x45970',1,'32af62890271e69506be46049faad7c9b65e9ec3',0),
('ncarter','edyth.corwin@example.com',1,'(503)185-8604x5247',0,'846600dccd4940ed3c468d23235aa4cbe86b83f2',1),
('emilia38','gerardo.lubowitz@example.org',1,'299.199.7892x7162',1,'a1af22b2d6ea85281ff34bc021e3d95cf1f71d53',0),
('ghilll','oboyer@example.net',1,'509.326.0532x684',0,'f4823aeb45f91e4e2e6179e0d37281db949b1c1f',0),
('arlie.dickens','ezequiel.turner@example.net',1,'06499730347',0,'3ef8e78d156dc444ced7c3ea6825793c1d1281eb',0),
('pgerhold','casandra80@example.org',1,'(170)250-7785x53650',1,'27e65b3d981ce2e6e2ce6bb0d349e645c0475ccf',1),
('vhamill','collier.eliseo@example.com',1,'619-417-1142',1,'4764c7bc8390bfa9ed86e26521d02147c115deec',1),
('dawson.pollich','mariana.haag@example.com',1,'426-906-9870',1,'01c4f9363497c464967a89077037cbb016c6dd53',1),
('qyundt','hanna.rogahn@example.net',0,'977.567.7322',1,'7d0f52c2a58fdf743c7d6141af3d786c8f554243',0),
('johnpaul.sipes','altenwerth.eliezer@example.org',1,'234.792.1224x3836',0,'98a40ec6a1940bb6d78fd7e6136500e1155f7204',1),
('orval.torp','glenda86@example.org',0,'(763)641-0394',1,'2d07450da821c7485a36721f6120591efece4a83',0),
('yadira.koepp','creichel@example.org',0,'544.771.6317x1732',1,'962f69f92afe96798d8260f3dad460ca878aa45b',1),
('lnolan','alan60@example.org',0,'624-192-5245',0,'e8261647ca25ff49c6701ef0b0dfcd803b1ec978',0),
('graham.javonte','bgrant@example.org',1,'1-643-716-3224',1,'f01416903b629f5ccaba86acd2633651eafa920a',0),
('jordon.swift','adell.ferry@example.com',1,'910-428-1879x608',1,'88a9321cc7d7d3b1e615a10a697091ac0193efb2',1);

select * from users;

INSERT INTO user_roles VALUES
('1','1'),
('2','2'),
('3','3'),
('4','4'),
('5','5'),
('6','6'),
('7','7'),
('8','1'),
('9','2'),
('10','3'),
('11','4'),
('12','5'),
('13','6'),
('14','7'),
('15','1'),
('16','2'),
('17','3'),
('18','4'),
('19','5'),
('20','6'),
('21','7'),
('22','1'),
('23','2'),
('24','3'),
('25','4'),
('26','5'),
('27','6'),
('28','7'),
('29','1'),
('30','2'),
('31','3'),
('32','4'),
('33','5'),
('34','6'),
('35','7'),
('36','1'),
('37','2'),
('38','3'),
('39','4'),
('40','5'),
('41','6'),
('42','7'),
('43','1'),
('44','2'),
('45','3'),
('46','4'),
('47','5'),
('48','6'),
('49','7'),
('50','1'),
('51','2'),
('52','3'),
('53','4'),
('54','5'),
('55','6'),
('56','7'),
('57','1'),
('58','2'),
('59','3'),
('60','4'),
('61','5'),
('62','6'),
('63','7'),
('64','1'),
('65','2'),
('66','3'),
('67','4'),
('68','5'),
('69','6'),
('70','7'),
('71','1'),
('72','2'),
('73','3'),
('74','4'),
('75','5'),
('76','6'),
('77','7'),
('78','1'),
('79','2'),
('80','3'),
('81','4'),
('82','5'),
('83','6'),
('84','7'),
('85','1'),
('86','2'),
('87','3'),
('88','4'),
('89','5'),
('90','6'),
('91','7'),
('92','1'),
('93','2'),
('94','3'),
('95','4'),
('96','5'),
('97','6'),
('98','7'),
('99','1'),
('100','2'); 

select * from user_roles;

INSERT INTO media_types (name) VALUES
('zip'),
('xbm'),
('rip'),
('class'),
('pps'),
('sitx'),
('deb'),
('wqd'),
('atom'),
('uvvu'),
('cpio'),
('kwt'); 

select * from media_types;

INSERT INTO `media` VALUES ('1','1','/dcb9b7c7e9e9ef8a3454f71b1ed692df.jpg','418','Quae voluptates rerum dolore excepturi similique quis facere. Id sed modi qui aut nisi at qui. Nisi temporibus iusto esse atque modi expedita.'),
('2','2','/472b73ca3326f27cab050a7c2e308582.jpg','41','Magni sit architecto occaecati distinctio eius exercitationem delectus. Nemo aut dolores quod fugit perspiciatis eum. Incidunt autem exercitationem et molestias quia.'),
('3','3','/fbe46051a89617b9f10c51e54dd50529.jpg','174705','Quibusdam quia architecto cupiditate nulla quia. Et earum commodi porro incidunt ducimus nesciunt beatae. Omnis facere ut cupiditate eligendi consequatur et.'),
('4','4','/fa3db84c977c6196b5ced0fcfdb0eba0.jpg','860284311','Id adipisci ipsum ut rerum pariatur assumenda quasi. Dolores assumenda et doloribus quidem odit. Nihil eos sed officiis ea ratione.'),
('5','5','/3bdddc5f9ebdb1fa8b6d59e2135ee3db.jpg','87','Aliquam voluptates et dolores sit exercitationem quia temporibus. Ducimus reiciendis non ipsa ad distinctio. Placeat quo neque qui fuga consequatur.'),
('6','6','/e4b19c51bd2ee8ed15fe67ee902cc8bf.jpg','19315','Nemo odit inventore in et earum. Consequatur dolor perferendis libero totam a. Nobis culpa sint aperiam. Sit ea est fugit.'),
('7','7','/cb2d457d77eab233e0ba9d188e47f4fa.jpg','71874','Distinctio ex dicta est fuga aliquid ea dolorum. Eius vel esse sit et. Sit distinctio itaque quia sint nam aut.'),
('8','8','/a89a705464465430a1ec9834c111e198.jpg','75077','Ut nihil consequatur sint sed. Ipsa ea libero quia quibusdam neque molestias. Recusandae magnam numquam atque. Sint ullam consequatur deleniti sint.'),
('9','9','/4d624be4e740bec395615a63048c5167.jpg','213758820','Doloribus nam molestiae quasi ad molestiae ut quia. Repudiandae eligendi sed delectus laborum omnis expedita.'),
('10','10','/2def40ebb8b66be79e15fc5db5e71975.jpg','48647705','Et sint dolor et laudantium officia delectus minima. Numquam molestias rerum ratione eos ea autem consequatur aperiam. Est illum est nihil eius. Magnam excepturi vero rerum eos.'),
('11','11','/97885bc5783a23eb2f70cbde35b16f48.jpg','20832131','Quo quis voluptatem facilis quis. Officiis harum magnam ut voluptate quia non. Fugit voluptate porro sit asperiores deleniti voluptatem alias et.'),
('12','12','/cecf01a98783bfdfa2325c81da4f44fb.jpg','31860796','Accusamus voluptatem harum sed est qui. Mollitia quia nihil debitis sapiente dolore nihil et. Corrupti recusandae rerum magnam deserunt iure assumenda. Inventore ullam iusto vitae.'),
('1','13','/e94f5d435fb8d63dcec00323f3414638.jpg','9853','Minus adipisci animi placeat. Et dolorem tempora amet sunt fuga voluptas explicabo ipsam.'),
('2','14','/fbb397eeddb68c02022da82b5e0e0c9f.jpg','79','Dolore soluta ex sed molestiae accusamus amet blanditiis. Amet impedit excepturi ab neque fuga. Earum et ipsam molestias commodi tempora sapiente.'),
('3','15','/5ae7ed41fb9972d57c23e25e5300131f.jpg','358','Reiciendis expedita porro ut adipisci. Error cum voluptas veniam ab accusantium numquam quisquam. Quas aut exercitationem atque veritatis et. Sunt laborum et asperiores.'),
('4','16','/42ce709f84583bb9ed3c5f436bc9d7d2.jpg','37728830','Atque ullam quaerat vel facilis dolores. Deserunt inventore qui adipisci consequatur dolorem. Deleniti consequatur incidunt hic incidunt quibusdam totam assumenda.'),
('5','17','/34c3067923513a9a023c42b45505ca5e.jpg','415295845','At nulla corporis dolore nemo est sapiente. Recusandae illum illo qui et iste dolores eos. Eum tempora eum blanditiis beatae nostrum eveniet doloribus.'),
('6','18','/9c542deac08520cfb9427333a9c6f26e.jpg','740281','Voluptatem cupiditate tempore est quia. Et occaecati nihil nesciunt ex sint placeat molestiae. Adipisci veritatis reiciendis explicabo neque.'),
('7','19','/c3f63f7aedb4e71b097e3cee7e0fc8be.jpg','65234773','Deserunt similique animi voluptatem ipsam quidem qui similique. Quo aut qui nihil. Qui enim quidem sint sunt. Ipsa voluptatum aut animi recusandae aut illum dolores.'),
('8','20','/f321e306f448ba050a83e89c997a2286.jpg','822389915','Consectetur ratione tenetur maxime sed molestiae iste inventore quasi. Dolor aliquam quisquam voluptas cupiditate. Veniam eum beatae corporis et nemo sed provident animi.'),
('9','21','/1831fd9f933fee8094c92294055726fd.jpg','63','Sit impedit rerum sit libero exercitationem. Minima dolore eum ex dolorum.\nEt qui vitae excepturi ut aut. Modi consequatur laboriosam sit sit architecto officiis. Consequatur et omnis voluptatem ut.'),
('10','22','/4cb53e570adfc1277c2fd147dd378206.jpg','891','Sunt itaque vel aut. Quo consequuntur ut ut aut consectetur sunt aliquid. Dolor laudantium suscipit expedita iste repudiandae sed. Eos aliquid in fuga eius voluptas qui.'),
('11','23','/6f39ee9b932c34a2d9fc3f3c6459ac56.jpg','395754277','Nostrum qui vel iure illo et eaque exercitationem necessitatibus. Quis qui saepe velit quia commodi beatae libero perferendis. Est incidunt quasi et molestias aliquid.'),
('12','24','/33040d98cc29d0186cd2f349de9a3549.jpg','465142','Nobis minus et excepturi ea omnis. Ipsam id eaque repellat deserunt ipsam rem. Et molestiae voluptates cumque molestiae cum harum nostrum odio. Ducimus et odio et minus sed.'),
('1','25','/5f2a4594c43eb8c8f49210ff158cbae8.jpg','46','Est sapiente eaque facere quae. Autem temporibus molestias veniam distinctio dolor sed amet. Aperiam officiis quam odio nesciunt et dolores odio. Illo deleniti nostrum ex repellendus.'),
('2','26','/ed6b885b0d0c31f08467d9664d2c4810.jpg','0','Vel enim molestiae omnis et quibusdam est. Sunt a et repudiandae exercitationem. Recusandae non molestias sed facere voluptas qui. Omnis libero voluptatem labore debitis occaecati.'),
('3','27','/86cb5944722fde5c6f21ccfd22408636.jpg','4','Officia incidunt itaque fuga dolores architecto autem. Eum sit quo assumenda fuga at. Dolorem cupiditate assumenda minima quia qui.'),
('4','28','/09608bb8ba173c6c7ab6bef4461f2d60.jpg','62810','Minus quod alias id iste aut. Sed enim numquam similique itaque ut beatae explicabo. Repudiandae dicta a non est impedit in.'),
('5','29','/d02252bb04c67ac6184733760abb0f3d.jpg','2','Dolore sunt aut qui est repellendus ut illum. Nam et dolorum ratione exercitationem quae pariatur. Voluptas reiciendis officiis laboriosam praesentium quisquam ut.'),
('6','30','/816cc975352062f3c586394181fbacee.jpg','5','Autem ullam voluptatem et laborum voluptatem. Impedit omnis quo sed quod nostrum delectus aut libero. Amet vero quae excepturi rerum.'),
('7','31','/1a626d791683c1ef629e81d3935f8908.jpg','422737058','Velit dolorum ut in vitae dolorum temporibus consequatur. Nihil commodi nostrum perferendis aut. Est libero molestias velit distinctio soluta. Rerum necessitatibus voluptas quos eum debitis.'),
('8','32','/ad69cddbefad28dceb1e674711371d83.jpg','136643','Reprehenderit officia commodi rem consectetur ea. Nihil facilis repellendus minus laboriosam provident blanditiis accusantium.'),
('9','33','/d3c8f2dec47dc29dc2132bcdca06a50c.jpg','5681','Dignissimos ad animi porro necessitatibus pariatur voluptas deleniti harum. Minus et quibusdam et molestias assumenda. Rem repellendus aut aliquam accusamus perferendis perspiciatis optio.'),
('10','34','/86758e082b0e69fa7e917314efdc3ed8.jpg','15902','Modi est nesciunt ea sunt qui distinctio. Ut corrupti repudiandae odio. Consequuntur ad eveniet repudiandae aut qui debitis.'),
('11','35','/37b526c13563a8978321fdb18235351d.jpg','53590','Ea maxime architecto et esse. Maiores ratione est veritatis sint ut laudantium. Beatae exercitationem quidem quis odit voluptate dolores nostrum voluptatibus.'),
('12','36','/2bb410a781953acff63c84f45bbfe714.jpg','99870','Suscipit accusantium ad deserunt voluptatem. Repellat commodi mollitia consectetur nihil. Est esse laborum et eos amet. Distinctio nulla voluptatibus quisquam consequuntur expedita corrupti possimus.'),
('1','37','/afc6c68bc6ad896b0ecb37ea2f06b23d.jpg','322598057','Dolor necessitatibus praesentium impedit. Ipsam explicabo quas corrupti amet iste ea porro. Itaque ut optio maxime.'),
('2','38','/0831ef26709335cf9514dc571c79e729.jpg','68','Molestiae quos molestiae magni magni repellendus nisi. Aliquid quisquam expedita earum repudiandae tempora voluptatibus.'),
('3','39','/1eb2720da6e794fdcb3d25ef27ae8ff2.jpg','53356082','Sint cumque rerum animi sit soluta repudiandae. Sit officia velit saepe labore at. Incidunt esse quae ad accusamus ratione.'),
('4','40','/e73ed1a9dd020c56f6a76409f6d148ff.jpg','17677735','Blanditiis officiis quia neque voluptates rerum ea. Excepturi facere et id et magni dolorem in. Voluptatem fugit est cumque et.'),
('5','41','/3fa3c8c4b77bebc9a0a7f572e77e8d3d.jpg','73089885','Rerum quasi voluptas et quidem. Ratione eligendi qui voluptatem distinctio in perferendis vero. Consequatur aut tempore laborum porro qui non sit vel. Aut ut quam explicabo magni nostrum ipsum.'),
('6','42','/a54eea7045f9ac0db2b0d8937a5cb1c9.jpg','0','Praesentium quae non ut error. Fugit fugiat suscipit suscipit porro atque odio. Fugiat voluptas nobis et quod. Ducimus sed eum non illum.'),
('7','43','/6a5f15cde9ad9bccae3f37b4d2f586c8.jpg','7508','Sapiente velit earum facere vero et. Iste porro facilis consequuntur impedit ad in. Debitis aspernatur adipisci fugiat molestiae. Pariatur autem eveniet nemo amet.'),
('8','44','/d3947d8ebc2e5ecd51291a19756cd0a1.jpg','0','Ut quidem officia officia saepe. Commodi nostrum fugit reiciendis ut facilis.'),
('9','45','/c7bd7002133eea593d3bd1892a3805c6.jpg','528','Magnam placeat architecto ut sint debitis assumenda facere. Quod rerum quia sequi voluptatibus. Assumenda et culpa ut sed. Adipisci doloremque in culpa sunt ipsa neque.'),
('10','46','/b80ace0b82ab222c4761adbbfdd3e29f.jpg','24297894','Illo quidem nisi ut optio numquam dolorum et. Iusto omnis qui neque inventore voluptatem quo illum. Deserunt sunt quasi magni est quo voluptatibus ullam.'),
('11','47','/5e23233f8d0680a61371def6e69df611.jpg','61855414','Recusandae provident voluptatibus laboriosam harum nihil. Necessitatibus natus harum sunt ullam magni officia minus. Autem aut soluta nihil rerum non. Et itaque est sequi ut voluptatem.'),
('12','48','/c769a21587ab399f282310ea2649f632.jpg','650967','Non aut ullam dolores temporibus. Totam quis qui aperiam occaecati sapiente error. Voluptatibus qui ab eaque tempora nostrum nostrum eius ipsum. Dolores enim dolores sit officiis hic aspernatur.'),
('1','49','/2113b2433a6ff403195a3e651bb5eda1.jpg','9643','Mollitia eum nihil labore qui. Laudantium iusto corrupti aliquam natus quaerat et eum doloremque. Ab et quia placeat maiores ratione nostrum dolores. Quibusdam doloribus qui voluptatem magni.'),
('2','50','/14f38e423a9a184e447c82ba2674a6d9.jpg','45984629','Impedit eligendi voluptatem quae nam sed. Et consequatur aut suscipit eius voluptas nulla ducimus. Autem in repellat quis.'),
('3','51','/51ebc91d48e515bae6dd68cfd94de0c3.jpg','690','Est magni illo quod ut eaque et. Et et ut odit culpa ea facilis. Qui atque in vel voluptatem omnis qui. Quia ratione error distinctio et accusamus.'),
('4','52','/424aa37d95c1a934062ec9f5a7f365c6.jpg','88218','Tenetur adipisci aut magni dolorum dolorem. Iure distinctio non pariatur rerum saepe et. Maxime sit cum et atque quasi ipsa doloribus. Unde aliquam qui sapiente.'),
('5','53','/c423f808be55e44675f3207f458deaaf.jpg','24956335','Voluptatem laboriosam praesentium neque dolor. Deleniti et harum rerum hic dolores distinctio iure quibusdam. Voluptas odio vero sunt delectus quia et omnis.'),
('6','54','/8ac213d51347410424772fda11eaf654.jpg','73444099','Voluptate aliquam excepturi aliquid et qui. Et voluptas omnis est tempore. Voluptas vitae ullam aut voluptas saepe accusamus.'),
('7','55','/4152c158e34c42dca65fa6b1d36c1c10.jpg','982329','Fugiat enim sint placeat perferendis. Nam recusandae tempore voluptatem vitae voluptatem repellendus possimus. Consectetur est autem rem unde quidem.'),
('8','56','/7546ffebf13831cf0a37ea4e757ceda6.jpg','375463401','Incidunt est autem ut culpa ducimus voluptates ut. Dolores minima magni mollitia dolore aperiam. Voluptate amet et similique accusantium. Ut nam tenetur aut consequatur nobis fugiat.'),
('9','57','/6d6238240a033ebc0e7f9433de86ae16.jpg','128084191','Voluptatem tempora est in ut est. Est qui perspiciatis adipisci quis nulla eligendi. Enim magnam voluptas exercitationem illo.'),
('10','58','/09898851884abb85024b07e1f6aa4776.jpg','0','Est voluptate totam est et. Earum vero distinctio architecto dolor quae et maxime vero. Numquam non qui expedita et optio sit.'),
('11','59','/9dae0619ace1aa7cc8d94ea95f58b024.jpg','0','Voluptate dolorum est illum atque. Quam illo facilis repellat quidem ea deleniti minima non. Error pariatur eius omnis et.'),
('12','60','/e829da3caea520b11cca69ad52ebbea4.jpg','317186','Perspiciatis ea et sequi odio est. Et enim molestiae saepe aspernatur labore harum. Assumenda velit sed quas.'),
('1','61','/583eb3eacb8b728650691e90de23084c.jpg','96','Non aut consequatur nemo autem veritatis est veniam qui. Dolorem quisquam quae consequatur aut. Laboriosam nisi quis maiores necessitatibus libero pariatur velit. In sed culpa non autem.'),
('2','62','/6878b48d8e034288146d1bb96862dffb.jpg','4492845','Aut aut molestiae molestiae. Accusantium ut ducimus ea necessitatibus.\nConsectetur commodi dignissimos voluptas autem. Modi ut ea sit aliquid. Quia illo nihil et sunt harum id.'),
('3','63','/7971948ab538888675b03e96d99bbc1b.jpg','159','Id quis ab enim architecto quidem. Et quae hic pariatur dolorum alias. Earum quia unde aperiam rerum pariatur deleniti qui vel.'),
('4','64','/c6d20d3498428d9ef9fed66ade4356ab.jpg','0','Porro numquam non sed deserunt non ipsa tempore. Aut voluptatem corrupti sint. Et dolorem aut dolores cupiditate nihil aut velit possimus. Vero impedit tempore et sed.'),
('5','65','/b8c05ca62d036c48bbdbb1504eaf6472.jpg','2432727','Sed laborum ut commodi ut occaecati nesciunt. Quidem voluptates et laborum est. Placeat qui aperiam non aperiam numquam et corporis. Ad qui in autem nesciunt est aperiam.'),
('6','66','/77f5677d0bef8bf784e230900836845a.jpg','932038','Numquam est id corrupti numquam omnis est. Explicabo molestiae assumenda repudiandae soluta. Optio dolor eius quae.'),
('7','67','/7b1ff92c1f9cdc456cbc130982d9ee34.jpg','40505','Ea quis cupiditate aut molestiae molestias. Sit eum quas voluptatum vel occaecati iste. Nulla aut facilis molestias consectetur. Aut explicabo voluptas et illo accusamus.'),
('8','68','/68b126647994eff3a31838d8f3040d17.jpg','78938716','Repudiandae ipsa deleniti voluptas ducimus consequatur. Doloremque debitis porro ducimus quia quae.'),
('9','69','/0a06b2d05b52ea11e205f243cf79b18e.jpg','2918117','Qui eveniet quasi animi facilis architecto. Modi dolores saepe architecto porro vel aliquid. Totam non omnis excepturi qui nihil veritatis sint. Tenetur placeat est et ut omnis vero.'),
('10','70','/2a7c4a06941914060b114a80522533ce.jpg','41','Numquam qui quasi amet ad rem deleniti. Incidunt earum expedita nesciunt maiores ab inventore. Est dignissimos dignissimos at eos aut est saepe. Enim sit sit aspernatur qui.'),
('11','71','/2c55ce85becc281d12181fa240d49228.jpg','978591','Sit quidem ut quam. Rerum voluptate culpa quas aut quos repellat. Laborum a hic perspiciatis eum. Ratione necessitatibus magni consequuntur quia ut.'),
('12','72','/5c71b460e00262d426c82d573390d179.jpg','345','Consequatur adipisci aut est. Ab autem rerum vitae iure recusandae laudantium aliquam quia. Maiores molestiae laborum voluptas sequi sed rerum corporis. Quod mollitia ut itaque est.'),
('1','73','/0a38e50b78d60b00126a6d76de915cac.jpg','1423','Laboriosam magni impedit ut eius quos soluta atque. Culpa doloremque numquam nam molestiae soluta. Odit impedit magnam explicabo enim quia in.'),
('2','74','/107a4807cc99330a96dd0ffbc2b6c916.jpg','7289','Et in vitae molestias perferendis non deserunt. Aut velit quia magni error officiis aut sunt. Modi ut at culpa eius rem.'),
('3','75','/28990a0fef5a3c50aa4ff88d095c4db5.jpg','31790066','Molestias tempora maxime eveniet praesentium voluptatibus. Unde provident similique aliquid nulla. Explicabo est quibusdam ut odit aut earum.'),
('4','76','/dbcec2e5d70c9797cc2a1095c6e5ab83.jpg','687107611','Ea vero quod molestiae quidem assumenda eaque voluptatem. Facilis labore et numquam qui vel qui. Quidem quaerat molestias et sit. Officiis voluptatibus veritatis sint dignissimos.'),
('5','77','/7c9e92c116f86d82f83fc477bc4f3d98.jpg','7599026','Esse qui repellat quia in natus possimus vitae. Voluptatum molestias dolorem illum odit blanditiis. Et doloribus molestiae laboriosam dolorem libero quia. Iste et maxime qui rerum minus fuga.'),
('6','78','/ec292d00b2f35d7bb948e357dbfac2a3.jpg','88874','Ducimus ut enim dolore ipsum voluptate voluptas. Accusantium laboriosam animi sit dolor. Neque maiores pariatur eius vel. Magni numquam et sint ea est dolor minus accusamus.'),
('7','79','/1c01b1cdd04b0b8fa8be84903dd22148.jpg','738','Voluptas aliquid voluptatibus vel officiis fugit quia non non. Atque dolorum ut atque ut non quia. Quo eligendi dolores tempora non ipsum in consequatur.'),
('8','80','/aa398bdc41646f0500b3f35eb38c7f5a.jpg','90108102','Nemo cumque ut et reprehenderit ipsa. Qui nam aut fuga voluptas iste totam. Molestiae eius assumenda voluptatem nisi sunt consequatur quod beatae. Nesciunt rem tempore molestias.'),
('9','81','/f527e01d3c5b1c308b7ad338da2912ac.jpg','821269031','Atque sed labore beatae nobis. Est autem ducimus temporibus nobis. Modi est sed quisquam voluptas blanditiis doloremque.'),
('10','82','/d25297237dab646d56d3dbcc48243840.jpg','739','Magnam ut rerum aut eveniet aut rerum molestiae. Veritatis quidem ut magni provident exercitationem et eligendi. Consequatur id voluptatem est tempore ex quia atque. Ut et quia eum.'),
('11','83','/49265b29498bc173b477f78e083abce1.jpg','0','Harum voluptas porro mollitia est dolores. Mollitia minima et blanditiis voluptatem repellendus.'),
('12','84','/bd63b83986589c8fc2fb5695954d288f.jpg','618601397','Id consectetur perspiciatis necessitatibus repellendus ad voluptatibus. Numquam sed voluptas delectus odit voluptatibus. Quis facilis voluptatem dolorem.'),
('1','85','/9633ee2fa0c0b5c7cc11bb4769f2db14.jpg','7234479','Possimus nam ut fugit iusto et assumenda voluptatum. Sunt temporibus quis non quae accusantium. Debitis dolore optio autem aut.'),
('2','86','/f059ffaad761fe2de2de46bc562afe3d.jpg','1771','Laboriosam laboriosam ut non fuga inventore nobis voluptatibus. Sed voluptates velit et esse et voluptatibus. Maiores quidem asperiores quod similique sed aut.'),
('3','87','/494ebd369030cb5d1c11d043b636fe36.jpg','9023339','Ut ut distinctio vero repellendus. Quidem et dolores adipisci eos earum. Id et est enim est. Est voluptatem sit officiis et.'),
('4','88','/d0899bc60b92913bda730591893f4a69.jpg','9','Ut quisquam excepturi quae perspiciatis. Asperiores laboriosam atque nesciunt ducimus corporis quas dolore. Cupiditate harum et et cumque ea velit omnis.'),
('5','89','/65a709bff3bb22d998bb169e0bffe6eb.jpg','426593423','Illum omnis ullam perferendis nobis excepturi praesentium. Facilis ut velit et quam ratione natus harum. Velit voluptas aperiam aut aut. Suscipit voluptatum non praesentium et est voluptatum.'),
('6','90','/110a4632c9b447bd0e55097570bf7101.jpg','956','Nihil reprehenderit officia nobis aliquid vero debitis. Ea enim ut eligendi fugit similique odio sit. Corrupti eaque minus aut ut perferendis aperiam. Explicabo tempore vitae at alias modi aut.'),
('7','91','/bde9374da8f17fa9f50a7fb0ed8591a4.jpg','3772','Veritatis minus in suscipit amet vitae placeat voluptas. Facere molestias eos iusto minima sint nobis omnis fugit. Ad voluptatum dolorem illo.'),
('8','92','/f544f7b9fbb9b77726fb53997ac4e4df.jpg','81669','Ducimus expedita itaque labore laborum ut eos qui. Tempora ut non id hic. Ratione quo cum in saepe reiciendis repudiandae fugit. Aut laboriosam voluptatem cum aut dignissimos unde.'),
('9','93','/be6acf45ef85b9abed80c83b356659c7.jpg','574764','Saepe eos architecto veniam aspernatur. Id numquam et rerum quia ut. Et quo autem exercitationem eligendi sit.'),
('10','94','/3d7b8dbc80a00b89fde4db124cee2ce5.jpg','82625358','Libero natus tempore nam est nostrum est consectetur accusantium. Unde quia eius voluptate fugiat perspiciatis inventore perspiciatis. Porro ea ex magni eos. Ratione commodi et et est fuga eaque.'),
('11','95','/f593f10114e5076cf80e74dac690c7fd.jpg','70','Rerum est debitis in eius et doloremque hic voluptatem. Veritatis beatae quaerat maiores eos minima. Repellat nam distinctio ut ducimus eligendi voluptas.'),
('12','96','/94a8f0ed2eafb27e7c73532e0e9ce2f7.jpg','6474','Harum aut et dolorum labore. Qui quam velit laboriosam dolore aut vitae. Quaerat fugiat aliquam aliquam esse eos minima sed sapiente.'),
('1','97','/937ceeeaab17f5fc999a1cc8e24cf38e.jpg','442','Impedit dolore sit tenetur eveniet qui officia aut repellendus. Est amet est autem placeat consequatur. Culpa ut sunt ratione modi possimus dolor cum.'),
('2','98','/eb14c7864bf70dbd76672692f3729b70.jpg','7','Dolor aspernatur praesentium necessitatibus. Quo ut quis illo nisi. Reprehenderit dignissimos qui maiores accusamus dolore praesentium. Voluptas error accusantium molestias ipsa aut suscipit.'),
('3','99','/7946f6776203e5abc96f9e30b96b4b1e.jpg','0','Reprehenderit laudantium consequatur itaque et odio error. Cum est omnis eveniet et qui qui. Quia consectetur eum dolore officia similique dolorem. Accusamus quisquam est cupiditate autem nesciunt.'),
('4','100','/55d0a20940807ed9721077e1654078a0.jpg','52778','Deleniti rerum eligendi officiis occaecati ut nostrum. Blanditiis tempora iure at ad delectus voluptatem dolor. Sunt qui perferendis dicta consequatur reprehenderit.'); 

INSERT INTO `profiles` VALUES ('1','Mayra','Roob','M','2008-02-13','East Morris','1','2009-12-09 04:38:13','1976-02-26 13:13:51'),
('2','Rosamond','Tremblay','M','2012-10-04','Willville','2','2012-05-18 00:24:09','2015-06-01 06:19:11'),
('3','Kallie','Davis','M','2013-08-08','North Mabel','3','1970-11-20 07:12:14','2015-09-09 13:41:55'),
('4','Vince','Hegmann','D','1995-04-17','North Savannah','4','1995-07-05 01:23:16','2008-02-19 18:47:18'),
('5','Dana','Mills','P','1983-10-10','Mayraside','5','1990-05-02 00:26:57','2015-08-10 17:43:59'),
('6','Kristina','Herman','M','2010-10-30','Port Abeton','6','2019-09-14 18:04:40','2002-02-28 08:10:01'),
('7','Kian','Bins','D','1973-06-06','New Bernicebury','7','2018-10-11 02:20:39','1977-10-12 19:35:01'),
('8','Gennaro','Feeney','P','1996-06-21','Hartmanntown','8','2015-09-26 23:32:50','1991-05-05 15:43:07'),
('9','Sarina','Stark','D','1988-01-03','West Treverton','9','2003-10-12 18:46:11','1982-06-28 23:42:14'),
('10','Malcolm','Abshire','M','2003-06-01','Goldaborough','10','1990-04-15 14:13:54','2007-03-22 19:00:59'),
('11','Magdalena','Eichmann','M','1981-06-14','Wolffbury','11','1989-07-05 12:20:39','2019-05-05 22:24:40'),
('12','Kellen','Greenholt','D','2002-08-22','North Eleonoreville','12','1985-11-30 04:51:15','2010-10-10 02:04:29'),
('13','Cleo','Rutherford','P','1971-11-15','Glenbury','13','2012-11-28 17:57:01','1996-10-26 18:29:15'),
('14','Chanel','Russel','M','1999-03-22','Schillerview','14','1981-12-10 21:33:27','2006-06-26 09:00:01'),
('15','Keshaun','Fay','P','1977-03-25','West Ansleyton','15','1994-05-22 21:14:07','2009-04-22 07:47:52'),
('16','Alessandro','Mann','M','1972-02-29','Delaneyberg','16','1981-04-15 22:18:24','2007-05-23 01:05:40'),
('17','Lurline','Roob','M','2000-12-15','Hollishaven','17','2011-07-05 19:58:16','2018-02-21 13:32:24'),
('18','Hans','Zboncak','D','1971-02-23','Nicholebury','18','2008-09-05 18:27:36','1971-03-12 08:53:49'),
('19','Dariana','Auer','D','1978-01-15','Lake Wyman','19','1985-01-31 07:00:21','1999-05-20 18:13:45'),
('20','Elda','Powlowski','M','1988-03-11','North Zanderhaven','20','2004-04-12 15:15:14','1999-01-23 05:30:53'),
('21','Uriah','Skiles','P','2000-04-02','Jeaniehaven','21','2010-04-25 13:38:44','1984-10-18 16:17:11'),
('22','Camille','Emmerich','D','2014-06-17','Port Roslyn','22','1992-12-10 00:42:07','1975-01-07 23:00:04'),
('23','Ines','Tillman','P','1997-02-25','Port Marianne','23','1985-09-26 12:19:33','1985-01-10 14:17:54'),
('24','Rebeka','McDermott','M','1981-01-03','South Brandy','24','1994-01-25 19:40:30','2003-10-05 05:13:08'),
('25','Rogelio','Dickens','P','1989-02-22','Biankaborough','25','1988-04-15 08:29:31','1996-05-07 04:17:23'),
('26','Hugh','Breitenberg','D','2001-03-30','Swiftton','26','1981-09-02 14:38:20','2011-10-05 18:09:34'),
('27','Milton','Balistreri','P','1981-09-05','Olafside','27','1977-06-03 17:17:26','1971-12-06 18:02:25'),
('28','Tiana','Lesch','M','2019-01-17','Lake Keaton','28','2012-01-19 08:49:40','1979-06-06 03:39:56'),
('29','Kaelyn','Goldner','P','1976-04-02','East Zoemouth','29','1978-08-19 06:53:33','2012-04-28 12:04:32'),
('30','Taylor','Johnson','D','1971-09-11','Lake Dena','30','1994-11-06 05:44:41','1988-06-03 16:09:14'),
('31','Lina','Kirlin','M','1982-04-21','Dachfurt','31','2014-06-12 20:36:00','1981-10-20 21:57:32'),
('32','Kyra','Reynolds','M','1977-06-07','Cronatown','32','1991-10-13 01:40:57','1984-09-22 00:03:34'),
('33','Maximilian','Murphy','D','2007-06-02','Krisview','33','1987-02-09 13:22:27','1990-08-25 06:28:03'),
('34','Oceane','Wiegand','D','1979-01-12','Hollyville','34','1994-05-30 05:32:40','2019-03-23 21:12:46'),
('35','Hermann','Kuvalis','D','1992-11-22','Giuseppechester','35','2001-02-18 13:02:00','2019-04-26 18:43:16'),
('36','Tre','Williamson','M','1990-05-04','East Tobin','36','1996-07-26 08:07:40','1998-01-26 14:52:57'),
('37','Dejuan','Russel','M','2000-06-21','West Enosmouth','37','1981-01-13 00:03:25','2012-03-18 02:03:27'),
('38','Madilyn','Anderson','P','2001-10-06','Lake Adolfo','38','1979-11-26 13:33:09','1982-06-13 12:27:01'),
('39','Marilyne','Bailey','D','1988-01-05','South Coltonton','39','2008-02-22 08:23:15','1970-03-22 02:44:01'),
('40','Roscoe','Gleason','M','1992-11-26','South Dewitt','40','2010-12-14 07:53:56','1983-05-06 21:08:48'),
('41','Robbie','Toy','M','1999-07-25','Koeppburgh','41','2002-11-22 02:04:04','2012-01-19 07:24:07'),
('42','Kassandra','Denesik','M','1996-08-12','Kiarramouth','42','2002-06-15 04:20:55','1984-01-06 10:01:18'),
('43','Gabrielle','Ernser','D','1995-02-21','Johnathonstad','43','1986-04-20 21:41:57','1977-12-05 09:46:19'),
('44','Aimee','Deckow','M','1986-09-19','Kundeburgh','44','1987-01-09 21:28:48','2017-12-29 22:12:53'),
('45','Jesus','Hane','M','2014-01-19','North Norenefurt','45','1979-12-11 12:58:23','1984-08-19 23:56:14'),
('46','Dalton','Russel','M','2002-01-11','Ortizfurt','46','1998-02-04 10:34:44','1985-03-14 02:03:25'),
('47','Glenna','Gusikowski','M','2004-04-04','Pagacmouth','47','1984-11-03 21:28:48','1983-06-22 22:54:54'),
('48','Amos','Stroman','D','1994-01-04','Johnstonberg','48','1987-11-05 04:21:54','1975-09-03 13:27:11'),
('49','Dariana','Hamill','P','1982-05-02','Tillmanside','49','1997-08-09 15:11:43','2005-02-05 19:24:51'),
('50','Sonya','McLaughlin','D','1984-01-06','Kelsiebury','50','1994-06-01 01:26:45','2019-09-16 09:16:49'),
('51','Michelle','Powlowski','M','2006-11-16','East Ethanshire','51','1979-10-10 21:30:04','2003-08-26 02:33:16'),
('52','Lucile','Hartmann','D','2006-07-17','Lake Myastad','52','1999-01-01 22:27:18','1973-10-03 18:42:26'),
('53','Carolina','Gislason','D','1984-12-30','South Natalietown','53','2004-09-06 00:48:17','1999-04-04 12:44:23'),
('54','Maci','Adams','M','1971-11-12','Abigalechester','54','2009-04-19 06:47:22','1999-11-13 10:46:47'),
('55','Reyes','Emard','P','2014-06-16','Annieberg','55','1973-05-21 13:11:00','1982-04-01 16:37:30'),
('56','Abel','Abbott','M','2004-10-15','Justinechester','56','1973-09-10 04:16:30','1979-01-11 03:39:54'),
('57','Adelia','Turcotte','D','2000-08-01','Lake Calistahaven','57','1981-06-21 10:28:39','1983-06-24 07:53:10'),
('58','Alessia','Kuhn','P','2006-01-17','Lake Jayceburgh','58','1974-11-07 08:27:06','1998-05-31 05:46:42'),
('59','Boyd','Lemke','M','2012-09-26','Port Orville','59','1978-03-17 16:49:02','2002-03-14 05:21:26'),
('60','Rosa','Klein','M','1973-01-28','Lake Dustyland','60','1991-03-27 11:48:38','2014-02-18 03:20:58'),
('61','Arianna','Effertz','M','1996-06-24','Rippinfort','61','1986-04-02 03:20:53','2018-07-24 15:33:35'),
('62','Roxane','Smitham','D','2017-07-05','Port Eugenia','62','2014-12-28 18:03:50','1995-05-29 19:48:58'),
('63','Donnell','Jaskolski','P','1997-04-04','New Zitaborough','63','1986-06-23 05:43:12','2003-05-20 06:29:30'),
('64','Idella','Trantow','M','1997-12-06','West Juvenal','64','1982-07-25 12:10:05','1996-04-29 07:13:38'),
('65','Arnulfo','Kreiger','P','2006-02-11','West Mariettaport','65','2014-09-17 09:37:17','1979-02-14 04:03:26'),
('66','Betsy','Goodwin','D','2008-06-30','Schuppestad','66','2016-11-08 08:04:17','1988-10-31 10:40:35'),
('67','Tad','Pouros','M','2009-01-09','Roobmouth','67','1988-06-24 09:38:58','1989-12-07 21:16:00'),
('68','Dane','Padberg','P','1977-06-01','New Porterchester','68','2002-06-23 21:39:51','1987-05-19 12:51:55'),
('69','Chyna','Swift','P','2019-06-02','Considinehaven','69','1996-09-12 18:45:33','2015-10-11 18:25:40'),
('70','Kale','Franecki','M','1994-08-24','Mikaylafort','70','1994-05-17 18:01:43','1987-09-23 05:31:37'),
('71','Arnulfo','Ledner','D','1982-07-26','Padbergchester','71','1973-03-17 21:33:43','2011-08-10 07:11:18'),
('72','Jeanie','Bayer','M','1993-03-29','West Blancheborough','72','2014-02-05 11:04:22','2016-11-06 19:49:10'),
('73','Lucy','Wolff','P','1980-05-28','Ricardoburgh','73','1982-03-20 18:09:27','1983-08-08 18:51:36'),
('74','Nannie','Schiller','M','1988-03-08','New Dianaside','74','1989-03-23 22:21:21','2009-04-11 23:56:30'),
('75','Delaney','Kshlerin','P','1970-11-28','Lake Breanna','75','2016-07-27 11:39:18','1976-08-17 23:02:43'),
('76','Alice','Bode','M','1997-03-12','Port Jeramy','76','1970-06-24 18:15:59','1990-09-01 23:15:20'),
('77','Stephan','Gislason','M','1985-02-03','Lake Adrienne','77','1979-12-27 19:14:12','1979-06-01 17:30:41'),
('78','Adrain','Yundt','D','1988-04-25','New Baronchester','78','1984-10-31 21:08:18','2004-04-21 20:28:46'),
('79','Flavie','Torphy','P','2013-01-01','Port Izabella','79','1977-10-08 21:03:49','1998-04-06 04:08:26'),
('80','Lea','Mueller','D','1982-03-03','Erlingland','80','1971-12-08 21:30:24','1980-09-03 18:56:39'),
('81','Kennith','Schiller','M','2000-11-24','Wehnerburgh','81','1971-02-23 20:03:53','1976-07-12 14:16:23'),
('82','Zelma','O\'Kon','M','1979-08-23','North Isaifort','82','1982-02-07 23:36:05','1973-03-14 16:34:23'),
('83','Sam','Stamm','M','2001-01-05','Titusfort','83','2011-10-06 12:21:32','1974-01-06 21:20:38'),
('84','Orland','Connelly','D','2006-12-29','Jasenfurt','84','1995-07-26 21:02:41','1989-06-14 15:02:57'),
('85','Lourdes','Grant','M','1974-09-20','Lake Geovanni','85','2003-03-19 02:34:37','2019-08-26 14:45:04'),
('86','Leonie','Connelly','M','2006-07-27','Kirlinmouth','86','1986-12-21 01:57:43','1973-04-23 19:18:26'),
('87','Katelin','Bashirian','D','1970-11-14','Lake Gaetanoshire','87','1981-05-22 07:39:03','2005-10-07 20:10:41'),
('88','Barbara','Rath','P','1971-07-30','Lake Ivorymouth','88','2015-03-02 07:29:03','1977-10-04 10:24:43'),
('89','Anne','Klein','P','1976-11-14','East Reyesfurt','89','1987-05-09 00:56:04','1988-11-06 03:03:13'),
('90','Kobe','Deckow','D','1988-04-02','Whiteberg','90','1982-07-31 01:16:51','1981-06-13 13:50:35'),
('91','Ralph','Fadel','M','1970-11-12','Purdytown','91','2017-12-08 18:43:44','2006-01-19 16:14:08'),
('92','Mathias','Keeling','P','1986-09-18','Wilkinsonville','92','1973-04-11 05:13:25','1996-05-29 15:19:46'),
('93','Jamarcus','Langosh','M','1986-10-20','Port Titus','93','1994-09-28 03:21:27','2017-12-04 16:05:20'),
('94','Vena','Lesch','M','2009-12-11','South Vivien','94','2017-05-01 18:27:10','1977-06-10 02:06:40'),
('95','Kasey','Miller','M','1971-01-20','Watsicachester','95','2009-12-24 06:13:06','2005-07-28 03:06:35'),
('96','William','Tremblay','D','1985-05-22','South Jude','96','1974-03-17 10:15:29','1999-06-11 14:26:42'),
('97','Maya','Volkman','M','1971-12-01','Corwinhaven','97','1989-03-21 03:45:21','1979-09-08 03:08:22'),
('98','Andy','Maggio','M','1977-03-24','West Earnestburgh','98','1976-10-14 21:53:40','2006-03-09 19:02:28'),
('99','John','Weissnat','M','1993-01-15','Terryborough','99','1987-05-17 19:25:56','2016-10-20 02:51:57'),
('100','Autumn','Quitzon','M','1987-07-10','Lake Elvisville','100','2009-03-02 10:06:32','1975-09-27 12:29:11'); 

INSERT INTO `messages` VALUES ('1','1','1','Ratione ab blanditiis enim similique voluptatum corrupti earum. Ex dolores nesciunt omnis totam. Expedita quisquam consequatur dolore fuga a eos. Non sit amet in fuga inventore.',NULL,NULL,'2016-06-18 03:08:26','1987-07-12 21:53:49'),
('2','2','2','Ullam omnis expedita impedit ut eligendi. Iste beatae illum sed enim repudiandae animi est. Qui maiores assumenda earum.',NULL,NULL,'2003-07-16 04:57:55','1991-06-07 11:42:37'),
('3','3','3','Non labore omnis est voluptatem ducimus iusto modi. Ratione et vitae iusto culpa voluptatibus excepturi ratione. Est sit fuga et fugit ad reprehenderit. Velit eum veniam modi nostrum dolorum qui animi.',NULL,NULL,'2009-01-26 06:07:10','2010-07-01 05:07:59'),
('4','4','4','Non sint culpa sed impedit consequuntur. Qui eligendi qui qui suscipit et reiciendis. Facere enim unde laborum rerum voluptas quaerat. Et nemo voluptatem placeat voluptas sit.',NULL,NULL,'2015-02-16 14:58:25','1973-05-23 15:04:19'),
('5','5','5','Natus maxime dolor mollitia laudantium iusto cupiditate ut. Aut aperiam dolore vero accusamus sunt illo fuga. Et quia esse nihil molestiae ad et. Ipsam repellat vitae quo enim ipsam amet. Cupiditate molestias consequuntur magnam omnis aliquid dolores.',NULL,NULL,'2006-10-14 19:17:08','2012-09-03 18:56:47'),
('6','6','6','Consequatur ducimus ipsum numquam tempore corrupti et. Dolor in quaerat eaque id perferendis voluptas nobis. Soluta excepturi voluptatem officia at est non. Dolorem qui dolor architecto aspernatur inventore voluptatem assumenda.',NULL,NULL,'2017-07-21 09:38:56','2004-10-11 15:28:16'),
('7','7','7','Ullam quia est blanditiis. Sint ipsum quia quos omnis neque. Maxime qui molestiae unde illum recusandae. Repellat vitae aut dicta reprehenderit sequi.',NULL,NULL,'1984-05-10 17:48:47','2008-02-13 19:31:40'),
('8','8','8','Voluptas sequi sit asperiores laboriosam nulla accusantium. Ipsa quae repellat provident animi magnam corporis. Velit repudiandae et nisi ea. Ut repellat ut qui eius.',NULL,NULL,'2016-07-18 20:00:18','1970-01-05 22:50:35'),
('9','9','9','A nam non atque et facere quis. Minus ut in sequi quod et dolores eligendi esse. Aliquid et culpa similique qui.',NULL,NULL,'2013-12-31 14:38:27','2010-11-11 15:32:44'),
('10','10','10','Ipsam amet officiis voluptatem. Ipsam vero reprehenderit non earum molestiae. Quo deserunt commodi quis vero.',NULL,NULL,'2006-07-20 11:26:26','1985-03-11 08:08:02'),
('11','11','11','Et veniam rem maiores perferendis. Et sed sit labore modi. Ut sit quis perferendis nulla.',NULL,NULL,'2002-07-07 13:11:00','1983-12-31 14:30:03'),
('12','12','12','Voluptatem modi modi assumenda officiis et accusamus. Consequuntur corrupti possimus hic soluta qui nihil. Ut veritatis quos et ea facere modi.',NULL,NULL,'1998-12-11 16:06:58','2005-09-09 07:33:25'),
('13','13','13','Assumenda veniam possimus expedita deserunt quis reiciendis eveniet provident. Et ut et quo magnam. Asperiores omnis unde vel consequatur ducimus voluptate. Vero aut doloribus totam molestias doloribus.',NULL,NULL,'2001-05-24 05:38:16','2001-01-26 08:53:28'),
('14','14','14','Atque doloremque eius et magni voluptatem. Velit magnam voluptas vero doloremque labore. At quia laborum sed architecto in.',NULL,NULL,'1971-04-02 00:49:11','1998-11-28 08:04:47'),
('15','15','15','Ut enim officiis deserunt aut. Nesciunt totam dolore voluptates totam. Pariatur consequatur quia sed atque dolorem et quisquam. Accusantium sit dolores voluptatem ut velit qui.',NULL,NULL,'2014-04-24 10:11:15','1991-02-01 05:31:04'),
('16','16','16','Omnis nostrum laudantium et nisi. Velit esse quibusdam exercitationem voluptatem culpa occaecati. Facere eum neque dolorum rerum.',NULL,NULL,'2014-04-10 08:56:40','1991-08-16 14:53:07'),
('17','17','17','Sint natus nesciunt ut magnam autem vel. Sint quasi asperiores molestiae quisquam iusto iusto quasi. Voluptas et delectus sint voluptatum necessitatibus.',NULL,NULL,'1981-07-27 15:19:09','2010-02-02 08:58:10'),
('18','18','18','Aut quia qui et deleniti magnam et et ipsam. Non labore asperiores sed optio at. Animi et ipsam enim ut in.',NULL,NULL,'1987-02-21 15:08:33','1976-12-28 08:58:58'),
('19','19','19','Numquam maiores qui itaque delectus sunt at. Facilis amet voluptatem et repellendus facilis quidem. Impedit perferendis veniam vel adipisci aspernatur cum. Beatae perferendis soluta ipsam.',NULL,NULL,'1982-01-14 15:12:44','2015-11-30 06:01:45'),
('20','20','20','Dolorem voluptatem et quos eveniet repellendus a. In amet repellat suscipit molestiae. Eos quia doloremque nihil voluptatibus voluptas dicta nisi. Sint odio ad qui tempore ut excepturi sed.',NULL,NULL,'1982-04-25 14:47:34','2003-07-08 13:48:32'),
('21','21','21','Omnis enim quis deserunt enim. Aut eius facilis omnis. Nesciunt consequatur excepturi accusantium est tenetur.',NULL,NULL,'1997-02-12 07:09:21','1997-01-07 13:03:59'),
('22','22','22','Omnis omnis voluptates velit eos aut repellendus quibusdam. Quidem maiores dolores quo quo omnis in. Enim ipsam sit perspiciatis laudantium.',NULL,NULL,'1975-03-21 04:45:56','2010-09-27 19:27:22'),
('23','23','23','Reiciendis impedit reprehenderit eum. Voluptatem et magni et et. Modi odit dolorum libero dolores recusandae laudantium dolor.',NULL,NULL,'2004-06-25 18:07:27','2000-05-31 14:18:29'),
('24','24','24','Ipsam dolor quas nesciunt quis occaecati ad qui. At eos sint est aspernatur. Perferendis praesentium id ea dolorum possimus omnis velit dolores. Odio minus doloribus minus consequatur eum.',NULL,NULL,'1973-08-14 21:56:44','2007-11-25 05:41:01'),
('25','25','25','Ducimus qui eum necessitatibus cupiditate rerum in delectus. Harum quidem vero magnam sint deleniti minus delectus. Dicta quo omnis suscipit harum ut repudiandae illo. Consequatur reprehenderit quia reprehenderit repellat et eligendi.',NULL,NULL,'1972-08-23 13:53:38','1988-05-27 08:44:21'),
('26','26','26','Beatae et nulla libero aliquam molestias culpa. Unde dolor ut incidunt sint ut. Eum in quo ratione.',NULL,NULL,'1985-12-07 11:37:17','1986-03-25 19:39:42'),
('27','27','27','Quia dolor quia et earum. Officiis sed at qui. Animi iure ut architecto porro aut laboriosam.',NULL,NULL,'1998-01-30 23:05:40','1997-05-01 10:43:07'),
('28','28','28','Ipsa voluptatibus animi quae voluptatem sit molestiae. Qui voluptas qui ut dolor architecto nulla. Libero et consequatur vel neque. Qui eos et quasi aspernatur.',NULL,NULL,'2014-01-08 03:31:11','1970-12-31 01:34:45'),
('29','29','29','Corrupti ex atque quae. Distinctio vitae recusandae nobis. Ab quis aperiam non provident sint hic.',NULL,NULL,'1993-01-19 13:45:52','2016-12-27 03:22:35'),
('30','30','30','Quam vero ipsum corporis voluptatem aliquid rem. Odit voluptas tempora occaecati reiciendis enim sed earum. Doloremque rem officia deleniti sequi. In dolor aut repudiandae magni a aut.',NULL,NULL,'2019-08-14 11:21:33','1997-09-10 08:02:43'),
('31','31','31','Et omnis amet unde sapiente et quo dolore. Explicabo suscipit quasi molestiae est ex rerum et enim. Et officiis perspiciatis libero quaerat inventore illum voluptatem atque. Dicta deleniti vitae est. Cum sit accusamus rerum dolores.',NULL,NULL,'2013-05-06 05:02:10','2001-09-23 14:41:18'),
('32','32','32','Officiis nemo eos mollitia aspernatur aut odit ut sint. Magni consectetur vero dolor velit non sint dignissimos. Magnam sint aperiam nihil fugit voluptate cum vel. Maxime similique at voluptatem autem.',NULL,NULL,'2016-06-16 02:42:04','2013-02-13 03:01:48'),
('33','33','33','Dolor recusandae deleniti rerum esse. Ab maxime voluptate odit laboriosam incidunt aut dolores nemo. Harum illo dolorem aspernatur at voluptatibus expedita aut. Numquam nihil ab vero in ad ratione ea qui.',NULL,NULL,'1995-04-01 21:58:12','1992-07-21 13:05:55'),
('34','34','34','Et cum placeat numquam natus deleniti laudantium numquam. Praesentium similique sed animi eum. Voluptatibus consequuntur qui dolore ut perferendis rerum quidem atque. Mollitia fugit architecto saepe.',NULL,NULL,'2000-12-31 11:09:37','1976-11-17 23:30:14'),
('35','35','35','Est deserunt deleniti sapiente quia mollitia placeat optio recusandae. Sunt voluptates et quasi consequatur fuga totam consectetur. Perferendis aut ad et et harum ducimus tempore velit. Sed recusandae labore in ab sed numquam esse.',NULL,NULL,'2011-08-22 18:45:35','1981-11-21 23:14:53'),
('36','36','36','Quasi facere quasi nulla. Doloremque dolore impedit excepturi aperiam enim. Blanditiis omnis ea ut. Perferendis praesentium officiis atque sint quia distinctio esse.',NULL,NULL,'1991-10-19 02:08:21','2011-10-21 18:28:19'),
('37','37','37','Autem ratione voluptatibus et. Enim delectus exercitationem quis fugit architecto aut ex. Veritatis temporibus sit iste animi.',NULL,NULL,'1982-06-08 15:43:22','2000-10-24 12:54:03'),
('38','38','38','Architecto dolorem sint qui error quam. Exercitationem aliquid quis ea quisquam delectus velit beatae repellat.',NULL,NULL,'1990-04-30 08:39:18','1987-12-06 13:10:45'),
('39','39','39','Reiciendis minima voluptas recusandae quam animi. Et aut maxime consectetur praesentium. Incidunt optio architecto consequatur ad vitae repellendus. Dolor possimus quas nulla commodi sequi eaque aut.',NULL,NULL,'2007-09-12 08:07:31','1996-10-29 23:16:55'),
('40','40','40','Error distinctio ipsa eos aut voluptate eos modi recusandae. Et modi explicabo quod voluptas. Dicta minima reprehenderit iste et dolorum hic debitis. Molestiae distinctio est amet delectus.',NULL,NULL,'1998-09-06 10:54:23','2006-05-19 18:39:50'),
('41','41','41','Impedit non dolores distinctio modi. Est quia magnam doloribus eum. Consectetur aut eius fuga et minus repellendus. Dolore illo est libero omnis sit eum ipsum vero.',NULL,NULL,'1972-07-05 04:13:35','1996-12-29 02:48:39'),
('42','42','42','Fuga unde illum iusto soluta voluptatem sequi maxime. Ut voluptatem voluptatum atque officiis ex. Quos autem sed non excepturi sint cupiditate repellat. Quia sint et aut.',NULL,NULL,'1987-10-15 01:10:01','1990-08-14 22:48:46'),
('43','43','43','Ratione ut et quo corrupti distinctio itaque cum earum. Enim qui excepturi quam ea. Voluptatem sapiente aut praesentium vero velit eaque. Nemo porro optio ut nostrum perferendis consequatur autem.',NULL,NULL,'1985-05-26 20:42:59','1997-07-09 18:20:35'),
('44','44','44','Sint praesentium et non nobis consequatur ut. Rerum fuga doloribus odio assumenda eius corrupti. Distinctio aliquid sit aut explicabo maxime ab doloribus. Illo quas repudiandae optio autem qui sit.',NULL,NULL,'1983-05-30 23:10:11','2004-04-01 12:09:12'),
('45','45','45','Animi numquam quas beatae est sunt. Ut nesciunt reprehenderit ut quis consequatur. Velit voluptate hic molestiae commodi et. Optio ex consectetur voluptatem quaerat sed.',NULL,NULL,'2002-10-24 11:23:30','2008-10-06 02:54:55'),
('46','46','46','Accusamus unde exercitationem velit totam dolores voluptatem animi. Est dolores excepturi at soluta velit distinctio laudantium. Delectus modi quibusdam aut suscipit nemo.',NULL,NULL,'2011-07-25 16:32:09','2018-12-06 19:32:31'),
('47','47','47','Omnis et ut quis mollitia voluptate. Nobis enim eveniet non quia. Nobis provident nihil sed sit cupiditate aut. Maiores qui et aut sunt eius impedit quasi nisi.',NULL,NULL,'2003-03-02 22:33:03','2014-04-03 17:56:20'),
('48','48','48','Voluptatum quia voluptatibus sequi mollitia nulla consequatur. Qui assumenda explicabo enim eius quas ex. Iure officiis cumque accusamus dolore in nesciunt. Dignissimos sit et sunt quidem incidunt.',NULL,NULL,'2010-08-16 01:59:02','1983-07-16 11:55:20'),
('49','49','49','Nostrum eum maxime ut saepe et esse itaque. Velit et earum rem vel. In excepturi iusto voluptas eius laborum maxime occaecati.',NULL,NULL,'1984-03-09 23:20:24','1980-05-28 23:48:01'),
('50','50','50','Deserunt perferendis culpa aut esse earum rerum natus. Sit nesciunt consequatur est. Illum quis deleniti veniam vel non.',NULL,NULL,'2018-05-12 02:37:14','2015-07-17 06:11:47'),
('51','51','51','Officiis voluptates quaerat ipsam recusandae quos ducimus. Aut velit quod corrupti tenetur consequuntur.',NULL,NULL,'1996-03-19 02:16:52','1971-10-10 06:48:14'),
('52','52','52','Repellat perspiciatis enim aliquam nisi quae. Ratione dicta inventore eos cupiditate voluptatem architecto est natus. Consequatur qui dolores repellat consequuntur quasi ad omnis. Iusto similique consectetur officia magnam rerum beatae sit delectus.',NULL,NULL,'1996-03-23 04:42:52','1988-01-01 06:45:42'),
('53','53','53','Id quia et non repellat repellat omnis ipsum. Voluptas quibusdam laboriosam dolore ipsa ea vero doloremque veritatis. Velit laboriosam consectetur deleniti minus culpa. Est sapiente et aut corrupti totam.',NULL,NULL,'1983-02-18 00:11:14','1981-07-18 14:57:05'),
('54','54','54','Suscipit consequatur et nobis delectus. Perferendis ea nulla et rerum nobis. Cupiditate qui qui corrupti commodi.',NULL,NULL,'2000-04-20 07:51:11','2013-06-16 01:24:42'),
('55','55','55','Officiis fuga ut optio quae. Sit omnis id tenetur suscipit. Facere sint beatae corrupti voluptatibus quis dolores ullam.',NULL,NULL,'2004-05-16 15:54:28','2018-07-27 16:39:48'),
('56','56','56','Nisi officiis rerum itaque et quod deserunt sit. Nulla sed et maxime molestias voluptatum non. Non ea nihil ipsum iste sunt sequi in.',NULL,NULL,'1990-03-17 05:43:21','1981-12-06 07:32:14'),
('57','57','57','Perspiciatis sed impedit eos consectetur ipsum eius. Officia explicabo dolor qui dolore ab. Dolorem inventore exercitationem sint nemo. Sapiente sit aut nisi velit nulla occaecati est.',NULL,NULL,'2003-10-09 06:40:48','1977-06-06 18:02:50'),
('58','58','58','Qui laborum architecto tempore. Omnis saepe et molestias facilis dicta. Maxime eveniet enim qui nobis.',NULL,NULL,'1993-08-10 15:35:13','2003-11-21 12:28:01'),
('59','59','59','Doloribus consequatur sed quos facere. Pariatur beatae nesciunt doloremque iusto dolor. Deleniti repellat molestiae odit quidem. Neque quod repellendus voluptas optio atque earum et. Ullam esse beatae cum soluta optio natus nostrum.',NULL,NULL,'1984-01-06 11:57:25','2011-02-12 19:10:01'),
('60','60','60','Et non quia animi atque placeat eveniet. Sed quis iste dolore consequatur dolor nostrum est ut. Quia inventore dignissimos quia dolorum omnis quibusdam maiores. Eaque qui mollitia ipsa soluta id eos nesciunt.',NULL,NULL,'1986-01-08 05:57:52','2015-01-27 23:27:22'),
('61','61','61','Et adipisci sunt est aut eos. Excepturi praesentium mollitia est vel corporis pariatur voluptas soluta. Temporibus iure officiis eos perspiciatis vel. Doloremque rem aut fugit cupiditate et eos aut.',NULL,NULL,'1972-09-09 16:20:58','1994-09-09 01:41:55'),
('62','62','62','Porro odio sapiente molestias. Quis dolores delectus nihil nulla. Dolorum possimus aperiam in dicta libero. Sed modi incidunt quod ut velit repellendus. Ex pariatur placeat et adipisci et maxime in.',NULL,NULL,'2014-05-26 23:11:23','1975-11-11 14:42:18'),
('63','63','63','Consequatur quo id sit. Natus et quia omnis laborum molestiae rerum nobis. Enim quis dolores facere rerum culpa quam delectus. Sit non omnis accusamus consequuntur sit quidem. Officia nobis nam voluptatem rerum quis.',NULL,NULL,'2013-12-01 10:59:02','2016-11-20 11:41:25'),
('64','64','64','Error quis deleniti qui dolorem non facere modi ducimus. Dolor harum fuga et quo assumenda. Ipsum dolorem velit corrupti illum itaque officiis asperiores. Sed praesentium vero quo. Quia qui ipsam aperiam ipsa aspernatur necessitatibus.',NULL,NULL,'2006-08-30 18:48:31','2003-04-02 10:36:32'),
('65','65','65','Suscipit deleniti nostrum minima eum odit qui. Accusantium facilis cupiditate id. Sed quidem vero et. Suscipit sequi harum consequuntur porro quos asperiores rerum.',NULL,NULL,'2000-10-07 03:57:14','1989-09-24 09:39:25'),
('66','66','66','Eum aperiam atque et repudiandae voluptatibus rerum. Laborum iusto fugit illum omnis modi voluptatibus. Sint blanditiis rerum aspernatur quos qui. Quae et facilis quia consequatur.',NULL,NULL,'1982-04-10 04:32:23','2008-05-11 03:35:12'),
('67','67','67','Voluptas aut soluta dolores sit voluptatem atque molestiae sapiente. Optio magnam maxime asperiores. Eligendi rerum eius occaecati in veritatis tempora harum. Qui rerum rerum ab eligendi in sequi.',NULL,NULL,'1987-04-28 15:59:57','2001-06-26 06:24:14'),
('68','68','68','Possimus temporibus itaque enim harum culpa doloribus. Impedit velit iste quam error unde molestiae cumque nesciunt. Sit veniam dolor ab in maiores. Quia tempore quaerat dicta illum sint. Quaerat amet ab dignissimos voluptas.',NULL,NULL,'2001-05-28 08:36:08','1980-11-29 17:48:23'),
('69','69','69','Unde explicabo atque alias quae odit dolorum rerum qui. Sequi et beatae et aperiam quaerat libero voluptatem.',NULL,NULL,'2019-08-18 15:21:14','2015-05-18 14:42:27'),
('70','70','70','Numquam tenetur cupiditate autem rem modi natus. Quod reprehenderit et est non fugiat qui alias. Aut molestias ab totam commodi est. Est aut ipsum laudantium quasi ipsum.',NULL,NULL,'2009-06-11 00:25:14','2000-02-16 19:20:21'),
('71','71','71','Odit animi voluptas ad maxime molestiae aut et. Vel sed perspiciatis error nisi reprehenderit. Quia sit similique et sequi. Adipisci consequatur ut vitae commodi.',NULL,NULL,'1995-07-16 01:24:58','1986-09-26 01:07:11'),
('72','72','72','Assumenda delectus minima est quas non nesciunt voluptatibus. Ad mollitia eaque non ut hic. Dolorem reiciendis recusandae et voluptas. Dolores cumque ut quae ut porro voluptatum.',NULL,NULL,'1988-06-01 23:26:58','1977-05-07 04:08:10'),
('73','73','73','Quasi sunt odio voluptate iusto beatae fugit veniam. Numquam laudantium veniam in aut suscipit quos. Rem quis sequi laboriosam quia perspiciatis non aspernatur voluptatem.',NULL,NULL,'1999-10-08 09:32:25','1999-03-10 09:36:39'),
('74','74','74','Rerum veniam ducimus quod tenetur est earum. Ipsa consequatur a ut dolores praesentium eligendi. Cum tempora deserunt quos voluptas et neque.',NULL,NULL,'2002-08-05 14:48:27','1986-10-23 05:02:01'),
('75','75','75','A tenetur et eveniet cumque praesentium impedit repudiandae iste. Magnam ut distinctio esse ut. Minus fugiat sint deleniti voluptas. Ut qui ducimus sint sapiente vero et.',NULL,NULL,'2018-10-29 04:58:34','1984-06-30 09:15:43'),
('76','76','76','Molestiae veniam esse nemo ratione. Eaque est iure consequatur autem ullam saepe praesentium quisquam. Aliquam nam ea voluptatem quo.',NULL,NULL,'2004-01-20 06:11:12','2018-02-06 08:55:34'),
('77','77','77','Officia quod voluptas qui atque. Autem accusantium quo soluta incidunt quaerat iste. Recusandae sed in ipsum nulla fugiat.',NULL,NULL,'1978-06-16 01:24:17','1988-06-18 00:34:18'),
('78','78','78','Esse voluptatum quo sint aliquid. Assumenda ullam quos sit est ullam est est porro. Enim repellat minima nobis vitae.',NULL,NULL,'1998-10-25 02:56:46','1989-05-08 01:12:36'),
('79','79','79','Qui aut aut expedita. Quidem quia ut nulla aspernatur. Eligendi deserunt eius qui eos pariatur consequatur. Quis nulla iure eius eum rem.',NULL,NULL,'1970-06-24 10:46:04','1996-07-10 12:29:28'),
('80','80','80','Et nihil et iusto necessitatibus doloribus. Est et vel sit non impedit. Aut nemo ex cumque magnam. Earum autem ipsam tempora laudantium dolores.',NULL,NULL,'1988-06-06 05:42:00','2017-01-07 18:29:16'),
('81','81','81','Rerum earum dolor eius harum. Nobis ut placeat dolorem itaque non sequi sequi rerum. Cupiditate quod aut omnis commodi perspiciatis vitae.',NULL,NULL,'2017-09-19 10:04:38','2005-11-22 13:41:07'),
('82','82','82','Quis recusandae est veniam et maiores. Dignissimos dignissimos architecto sit totam aut inventore. Sapiente ratione consequatur omnis quaerat dolor occaecati. Rerum aut sint rerum ut.',NULL,NULL,'1999-05-04 23:15:18','2015-11-22 02:20:34'),
('83','83','83','Et magni magnam aut amet consequatur est sit. Suscipit rem dolorum non expedita quia quos omnis. Eveniet amet sunt ab qui.',NULL,NULL,'1981-02-18 21:20:14','1985-04-08 14:33:46'),
('84','84','84','Et est aliquam consequatur sunt odio possimus. Vel dolorum dolor beatae sequi minus voluptatem quas. Dolorum ducimus quis in ratione id voluptatem mollitia. Excepturi amet eligendi laudantium odit vero veritatis quas.',NULL,NULL,'2011-01-01 13:46:19','1993-09-26 15:55:47'),
('85','85','85','Iure quia et cumque dolorem aperiam sapiente. Numquam quisquam voluptas ea aliquam. Omnis eaque ratione ut blanditiis ex. Et sunt veniam ut officia autem a.',NULL,NULL,'1984-05-13 18:18:44','2011-08-26 15:01:05'),
('86','86','86','Atque perspiciatis est ut omnis doloremque omnis dolore blanditiis. Commodi tenetur voluptate id quibusdam enim. Sapiente a omnis exercitationem quia molestiae et.',NULL,NULL,'1979-03-27 12:58:07','1982-05-20 23:51:21'),
('87','87','87','Molestias ab ex voluptatum accusantium necessitatibus voluptatem. Sed reprehenderit minus possimus. Non exercitationem eligendi aut dolorum non. Et eius adipisci eum aliquam fugiat rerum voluptatem.',NULL,NULL,'1983-05-17 20:03:17','2011-07-26 00:06:17'),
('88','88','88','Quos eos omnis omnis molestiae modi totam. Soluta a qui nihil pariatur iusto vitae. Voluptas consequatur reiciendis maxime rerum perferendis quos. Molestias exercitationem et molestiae consequatur sed voluptatem libero in. Eos totam qui accusamus nostrum vel.',NULL,NULL,'2019-02-28 07:48:38','1998-11-13 04:55:23'),
('89','89','89','Sint qui eos excepturi cupiditate eum molestiae culpa. Vel sunt reprehenderit vero aliquid reiciendis commodi. Ut sit et aut ex vitae vel non atque.',NULL,NULL,'1997-05-12 19:15:30','1978-02-15 12:36:13'),
('90','90','90','Nobis reprehenderit dolore nam ab harum magni. Sed repellat velit dignissimos.',NULL,NULL,'1988-07-05 01:38:49','1978-12-11 17:12:51'),
('91','91','91','Laudantium aut non corrupti ipsum corrupti maiores dolor voluptatem. Fugit fuga dolor quis animi sed voluptatem. Sint sed eos fuga eum saepe ad necessitatibus.',NULL,NULL,'2016-02-23 13:21:21','1972-06-02 05:17:41'),
('92','92','92','Enim laborum vitae ducimus placeat. Et hic nulla iure fugiat enim neque fugit aut. Est perferendis adipisci cupiditate esse et.',NULL,NULL,'1974-02-23 07:39:52','1986-07-09 19:56:07'),
('93','93','93','Et recusandae quo et earum labore adipisci. Pariatur provident aliquam et eos hic. Reprehenderit repudiandae perspiciatis iure ut magnam. Sed consequuntur omnis dolor aut quae ad architecto.',NULL,NULL,'1998-08-03 08:36:34','1973-02-12 12:16:18'),
('94','94','94','Accusamus ad maxime optio. Rerum accusamus rerum omnis animi. Molestias laudantium voluptas dolore non vitae accusantium. Veritatis et et ut sed ullam.',NULL,NULL,'1994-05-17 17:42:23','2007-04-21 23:45:40'),
('95','95','95','Dolores magnam necessitatibus id quia nesciunt nostrum. Aspernatur quasi aut aut aspernatur ut corrupti. Consectetur voluptatum minima perspiciatis. Temporibus quibusdam tenetur quos est.',NULL,NULL,'1987-11-21 18:06:04','2012-06-01 22:09:25'),
('96','96','96','Expedita explicabo aspernatur porro voluptas accusantium architecto. Alias autem aperiam ut blanditiis repellendus. Debitis sit et qui sequi aut saepe.',NULL,NULL,'1989-11-04 02:17:33','2015-10-02 18:48:12'),
('97','97','97','Ratione et ut aut debitis eum. Velit voluptas et eos amet dolore necessitatibus explicabo rerum. Incidunt quod rerum ipsa ducimus iste magni dolor aut.',NULL,NULL,'2010-09-01 09:02:23','2012-06-26 09:34:39'),
('98','98','98','Ad non molestias saepe libero est dolores accusamus. Eius ab suscipit praesentium incidunt officia. Ea et maiores reiciendis officia corporis consectetur et. Earum id odio harum voluptatem neque earum consectetur.',NULL,NULL,'1974-03-10 09:46:44','1985-09-13 00:50:39'),
('99','99','99','Laboriosam ut sed veniam qui. Illo autem possimus repellat praesentium optio quis qui. Optio nulla molestiae molestiae neque sed. Omnis dolor aut dolore sunt ut qui suscipit.',NULL,NULL,'2000-08-20 15:03:24','2003-08-26 01:38:07'),
('100','100','100','Recusandae non ut officiis dolores dolorem placeat sunt amet. Eligendi facere architecto modi consequatur quisquam nemo. Aut quo id quis qui.',NULL,NULL,'2007-02-21 09:01:28','1991-12-30 17:58:00'); 

INSERT INTO `friendship_statuses` VALUES ('1','brother','2006-05-23 08:23:54','2001-05-21 04:26:46'),
('2','friend','1990-03-11 21:06:21','2016-07-14 20:50:41'),
('3','enemy','1978-10-14 18:39:36','2011-07-24 14:39:58'); 

INSERT INTO `friendship` VALUES ('1','1','1','2019-08-06 09:09:11','1976-01-03 16:48:28'),
('2','2','2','1975-08-06 13:01:31','1975-04-13 18:02:29'),
('3','3','3','1994-08-14 03:45:47','2016-08-07 01:49:35'),
('4','4','1','1997-12-07 01:32:09','1995-11-12 20:25:14'),
('5','5','2','1995-07-31 00:29:36','2018-01-01 20:45:03'),
('6','6','3','1980-05-19 14:59:37','1983-07-13 21:55:54'),
('7','7','1','1986-02-16 01:33:32','1997-07-15 04:37:04'),
('8','8','2','1970-11-03 22:03:05','1998-04-23 16:32:50'),
('9','9','3','1984-04-07 17:12:22','2015-06-17 16:18:42'),
('10','10','1','1990-10-18 05:29:43','1981-01-04 22:23:25'),
('11','11','2','1977-10-25 07:33:27','2010-02-09 14:53:15'),
('12','12','3','1988-08-06 01:59:23','2011-05-23 07:26:43'),
('13','13','1','1971-12-05 20:23:29','1988-09-26 04:14:12'),
('14','14','2','1975-05-16 03:09:53','2004-06-29 17:47:01'),
('15','15','3','1998-07-06 18:53:41','1980-10-02 19:43:48'),
('16','16','1','1972-08-03 23:43:06','1981-05-02 01:55:09'),
('17','17','2','1988-08-10 08:32:27','1983-08-10 08:25:00'),
('18','18','3','2016-11-26 15:37:30','1972-01-19 00:01:39'),
('19','19','1','1991-02-20 10:50:44','1975-06-03 18:29:27'),
('20','20','2','1998-04-18 16:28:29','1981-11-04 16:40:50'),
('21','21','3','2017-11-09 23:36:43','1971-06-11 10:03:43'),
('22','22','1','1987-04-06 14:28:46','2002-12-27 03:55:14'),
('23','23','2','2017-01-19 18:58:56','1980-05-02 19:11:12'),
('24','24','3','1977-11-30 09:14:04','1978-02-05 21:33:01'),
('25','25','1','1978-03-12 19:52:04','1972-08-13 01:20:16'),
('26','26','2','1972-11-04 20:55:33','1990-12-07 21:18:38'),
('27','27','3','2004-11-01 16:29:46','2015-02-28 19:11:30'),
('28','28','1','2004-12-28 13:52:30','1971-04-28 23:50:54'),
('29','29','2','2011-03-26 20:58:13','2004-09-08 21:06:59'),
('30','30','3','2008-11-10 10:15:03','1984-03-26 06:59:30'),
('31','31','1','1971-01-14 05:30:29','1986-04-20 12:34:39'),
('32','32','2','2012-01-13 21:52:41','2005-07-06 07:55:19'),
('33','33','3','2007-09-06 15:59:16','2013-04-12 01:33:04'),
('34','34','1','1980-01-16 16:20:06','2018-04-18 04:12:03'),
('35','35','2','2004-10-22 08:54:06','1982-03-06 16:23:03'),
('36','36','3','2011-06-12 19:29:37','1990-07-31 05:32:40'),
('37','37','1','1981-02-12 10:00:55','1990-03-23 20:02:45'),
('38','38','2','1975-05-08 22:28:33','1979-06-12 11:02:35'),
('39','39','3','2012-11-15 18:38:39','2005-05-19 13:18:53'),
('40','40','1','2019-07-20 06:37:22','1994-06-28 21:26:00'),
('41','41','2','2019-05-29 11:28:53','2009-07-27 02:24:20'),
('42','42','3','2011-01-28 08:17:26','2000-03-26 13:23:02'),
('43','43','1','1971-02-07 03:05:49','1974-12-21 17:25:37'),
('44','44','2','1975-02-17 15:28:29','1996-05-12 00:21:51'),
('45','45','3','1976-12-24 12:17:21','1972-05-08 22:22:58'),
('46','46','1','2016-10-19 00:45:00','1994-12-31 19:39:08'),
('47','47','2','2016-06-01 02:22:52','1999-03-22 07:28:24'),
('48','48','3','1998-04-02 20:46:53','2008-12-24 01:41:23'),
('49','49','1','1994-03-11 14:36:04','2017-07-25 08:17:26'),
('50','50','2','2014-02-04 17:29:44','1998-04-03 15:07:38'),
('51','51','3','1980-06-06 11:13:35','1978-05-13 13:19:49'),
('52','52','1','1993-03-21 02:36:39','1976-10-19 06:09:27'),
('53','53','2','1994-10-15 21:39:38','2011-03-06 04:05:12'),
('54','54','3','1981-10-31 09:14:24','1973-11-27 00:06:28'),
('55','55','1','1977-09-02 16:15:33','2004-12-10 11:12:27'),
('56','56','2','2013-01-29 05:17:12','1977-08-08 17:58:11'),
('57','57','3','2011-07-21 04:14:58','1993-05-08 02:48:49'),
('58','58','1','2006-11-11 19:58:14','1996-04-23 12:06:55'),
('59','59','2','1970-12-03 04:25:56','1989-04-18 06:55:43'),
('60','60','3','1991-06-15 11:12:52','1984-04-22 09:26:29'),
('61','61','1','1997-03-04 13:12:34','2001-02-23 17:54:30'),
('62','62','2','1982-07-31 14:45:41','2017-10-01 23:45:16'),
('63','63','3','2016-07-14 16:02:29','1972-10-12 17:44:02'),
('64','64','1','1970-12-06 22:44:14','2015-05-18 06:44:05'),
('65','65','2','2002-06-07 11:19:05','2009-11-27 12:42:24'),
('66','66','3','1974-09-02 15:57:48','2005-04-15 23:38:57'),
('67','67','1','2016-07-30 22:39:02','1997-12-07 20:26:04'),
('68','68','2','2008-04-29 00:16:09','1974-10-14 07:07:25'),
('69','69','3','2002-09-20 17:39:31','1981-07-07 19:57:26'),
('70','70','1','1974-02-22 14:52:50','2003-06-19 09:50:47'),
('71','71','2','1971-08-06 10:32:26','1988-02-04 22:43:12'),
('72','72','3','2019-04-05 01:50:48','2005-10-06 10:21:07'),
('73','73','1','1983-11-06 06:19:58','2008-06-22 15:23:04'),
('74','74','2','1974-07-26 13:59:41','1982-03-02 07:28:21'),
('75','75','3','2000-10-28 06:39:33','1993-02-02 17:16:02'),
('76','76','1','1984-10-02 21:57:02','2015-01-21 13:13:10'),
('77','77','2','1977-05-05 18:40:31','2008-11-21 00:37:57'),
('78','78','3','1992-09-04 21:49:23','1983-06-20 00:38:08'),
('79','79','1','2004-12-16 06:28:53','2012-06-16 14:21:40'),
('80','80','2','2005-09-20 19:10:53','2009-10-18 21:14:14'),
('81','81','3','1996-01-23 22:25:07','1985-05-29 07:56:07'),
('82','82','1','2016-04-20 05:27:19','1988-05-07 11:03:49'),
('83','83','2','1996-06-17 23:00:21','2012-02-18 13:54:10'),
('84','84','3','1982-02-15 22:37:46','1973-10-08 01:48:31'),
('85','85','1','1988-10-13 10:51:42','1998-03-22 19:35:21'),
('86','86','2','1984-04-29 15:24:41','1999-04-03 19:29:53'),
('87','87','3','2019-04-16 19:57:29','2004-02-09 17:53:54'),
('88','88','1','2005-05-17 01:33:04','2000-02-29 17:48:07'),
('89','89','2','1970-09-20 18:14:56','1975-02-02 12:09:48'),
('90','90','3','1983-04-26 02:57:35','1970-02-04 11:16:19'),
('91','91','1','1986-09-29 14:05:11','2003-05-16 13:23:46'),
('92','92','2','1974-09-08 18:54:18','1978-04-11 10:22:07'),
('93','93','3','1980-01-25 21:52:10','1971-01-30 05:50:56'),
('94','94','1','1990-12-04 18:27:51','1995-12-11 18:36:41'),
('95','95','2','2008-08-14 17:51:34','2006-06-02 10:56:02'),
('96','96','3','1977-02-03 10:32:36','2017-01-26 23:49:15'),
('97','97','1','1986-06-12 22:48:41','1992-11-20 10:42:58'),
('98','98','2','2000-06-12 02:31:33','1991-12-31 00:40:12'),
('99','99','3','1977-04-24 16:06:38','1980-01-10 08:06:13'),
('100','100','1','1994-06-30 10:36:30','1994-08-20 19:34:03'); 

INSERT INTO `communities` VALUES ('1','Ad non sit quasi ipsum nihil voluptatem quidem. Ab beatae exercitationem exercitationem hic officia sunt. Nulla consequuntur dolores ut facere.','1974-11-22 20:26:30','1985-10-06 10:24:18'),
('2','Dolorem et facilis dignissimos ullam quis. Corporis id qui qui. Rem architecto tenetur saepe pariatur qui iste. Qui maiores quia ut asperiores et arch','2011-07-10 19:51:07','1998-07-29 14:29:47'),
('3','Excepturi minima maxime qui sit dolor. Amet laborum rerum expedita in cumque autem.','2001-02-14 22:23:19','1975-02-02 12:16:39'),
('4','Natus provident qui tenetur nulla vero. Harum voluptas in suscipit vel. Facere architecto cumque consectetur minus enim veritatis.','2015-10-18 08:56:24','2010-09-25 11:42:48'),
('5','Accusamus quia at ut. Doloribus ad error sequi iure et et. Non explicabo fugiat libero commodi error.','1995-08-16 01:31:43','1989-10-17 17:12:53'),
('6','Dolore dolorem illo nesciunt aut. Nisi quos dolor repudiandae ipsum sint. Sequi qui ea optio fugiat consequatur.','1994-11-30 02:19:18','1981-11-24 08:54:14'),
('7','Odit porro ipsa deserunt tempore enim. Excepturi consequatur aspernatur deleniti omnis ipsam. Nostrum quaerat officia possimus. Dolores sed doloremque','1991-04-20 07:35:56','1972-06-06 15:18:53'),
('8','Sit repellat autem modi id. Eius molestiae eligendi magni non aliquam enim reprehenderit. Impedit enim aut rem sapiente officia.','2019-09-05 00:33:01','1981-10-09 07:00:20'),
('9','Ut corporis aut sit laboriosam ab sit et. Et necessitatibus est veritatis iure. Est cumque consequuntur dolores consectetur. Eos voluptas sit voluptat','1980-10-19 11:02:32','1984-02-06 20:06:33'),
('10','Et aperiam quo soluta accusantium corrupti sed minima. Ullam et illum possimus rerum. Reprehenderit consequuntur nulla numquam quis. Est occaecati rat','2014-02-08 04:19:42','1983-06-10 02:34:42'),
('11','Dolores autem ipsa quos harum officiis. Enim ab et est rem. Maiores id est eum sed quidem. Et animi quam aliquid.','2006-08-30 21:17:52','2015-03-17 04:59:10'),
('12','Qui ea autem consectetur impedit voluptas. Consequatur aliquam et unde autem cumque sunt voluptas. Nesciunt molestiae consequatur magni quia. Ipsum to','1970-10-20 15:40:57','2008-08-24 23:59:55'),
('13','Quia libero consectetur impedit saepe perspiciatis aperiam optio et. Iusto saepe qui fugit repellat a et deserunt. Dolorum nemo nesciunt iste sunt at ','1973-09-20 11:04:35','2014-10-04 18:51:29'),
('14','Placeat quis qui tempore beatae provident vel incidunt. Distinctio quo neque tempora qui.\nRerum ipsum dolores et. Inventore aut ex corporis magnam con','2015-07-24 03:09:47','1991-01-28 06:22:33'),
('15','Voluptatem beatae facilis ad non. Dolorum delectus magni et ipsam voluptatibus laborum voluptatem. Voluptatum et tenetur suscipit quibusdam. Tempora c','1989-06-25 00:02:14','1995-11-01 07:19:30'),
('16','Debitis ab et corporis cupiditate assumenda omnis ducimus. Nesciunt sit recusandae repudiandae cumque. Voluptas culpa possimus est labore. Dolorem dol','2013-08-26 20:53:19','1986-05-10 09:07:51'),
('17','Asperiores nisi magnam debitis laborum. Accusantium vel dignissimos quos iure. Vitae dolores ut consectetur alias. Voluptatem totam voluptas consequun','1984-07-13 23:41:19','1980-04-06 02:44:22'),
('18','Iure at explicabo voluptas voluptas natus. Vero expedita asperiores ducimus veniam.','2003-11-23 11:52:00','1972-11-21 21:29:27'),
('19','Enim id hic consequatur voluptatem facilis perferendis ducimus assumenda. Non molestiae sit accusantium. A blanditiis facere esse fuga aperiam.','1993-10-01 13:09:47','1973-08-18 06:41:49'),
('20','Maxime et consequuntur dolor. Placeat fugit commodi repudiandae id beatae. Eos et dolorum ex odio excepturi.','1991-11-11 08:58:54','1979-11-04 07:25:59'),
('21','Qui non quod adipisci est accusamus enim eos. Voluptatum reprehenderit voluptas vero quia vel fuga. Culpa quae provident nostrum quibusdam. Nostrum cu','1983-12-18 01:48:35','1991-05-09 20:09:33'),
('22','Et voluptatem dolore odio laborum fugiat ex vel. Voluptas quae quibusdam ea perspiciatis ut totam fugit. Fuga sed qui quisquam.','1973-05-18 04:25:13','1995-06-18 01:45:51'),
('23','Eum recusandae voluptate ea ut qui dolorem. In laudantium mollitia beatae laudantium. Deserunt tenetur autem ratione explicabo at harum.','2008-07-28 09:04:43','1991-04-29 15:30:21'),
('24','Et animi quos velit autem eveniet. Est excepturi dolorem alias sunt qui eaque. Ab vel autem consequatur sit harum earum. Rem cupiditate expedita conse','2016-04-04 17:40:59','1976-10-02 00:13:52'),
('25','Ea consequatur est nobis sit. Rerum nemo nihil est quis illum nihil ut. Minus omnis ratione eaque quod aspernatur ea vel. Impedit ab sunt dolor a. Pra','2014-12-10 19:20:35','2004-02-04 04:22:30'),
('26','Facere autem quo eligendi assumenda dolorum. Aut quia doloribus ut. Praesentium sint minima incidunt magnam doloribus.','1979-06-23 11:24:09','1972-07-22 20:40:34'),
('27','Illo in voluptatem natus veritatis nihil iure debitis. Qui impedit atque illo voluptatem mollitia aut dolor. Voluptas harum ea ipsa aut est. Et enim t','2005-05-20 18:52:17','1984-11-03 11:38:50'),
('28','Aut odio asperiores cumque deserunt laborum eaque cum. Beatae eaque qui quia. Esse iure iusto quae iusto iure quia quisquam ducimus. Possimus eos veni','2005-01-15 07:45:18','1975-09-30 05:37:06'),
('29','Dignissimos dolorem qui delectus expedita atque eos quasi qui. Delectus nulla aut expedita iusto quo. Vitae ipsum velit ut vel dolores et tempore.','2009-07-23 13:36:00','2001-01-28 14:50:32'),
('30','Et dolor rerum debitis fugiat nemo. Minus aut et veniam.','1992-12-31 13:08:34','1976-12-21 00:09:53'),
('31','Sit non ut harum odio. Id animi nobis fugiat. Ut dolorum nihil assumenda voluptas sint incidunt. Unde iste quos sequi quas rerum.','2008-10-01 10:55:46','1973-02-22 08:36:36'),
('32','Consequatur excepturi qui a. Et deleniti tempora ut quis officia vel maxime. Atque eius doloribus omnis quis qui.','1992-08-28 18:20:00','2011-03-30 23:08:28'),
('33','Ullam ab aut ut nam quis aspernatur numquam. Et nihil consequatur sed possimus. Molestiae voluptatem deleniti a nostrum est. Quia et sequi quo dicta r','1981-08-08 09:56:28','1985-12-20 15:43:48'),
('34','Officiis omnis ea in repellendus. Consequuntur eum dicta non harum ducimus ut omnis ab. Et possimus ipsum deleniti et architecto non aut fugiat.','1971-05-05 15:24:40','1971-03-25 06:05:49'),
('35','Non quam magni libero doloribus. Eveniet tempore quidem commodi et numquam facere inventore recusandae. Nihil molestias est vero. Magni laboriosam aut','1990-06-27 12:36:04','1997-09-23 00:54:44'),
('36','Voluptates dolores temporibus non. Alias necessitatibus voluptatem quod at neque fuga. Dolorem laborum eius maxime consequuntur aperiam sed.','1972-06-09 21:35:08','2007-03-25 06:05:11'),
('37','Aut laborum qui accusantium impedit ipsam ab et. In et sed eaque laborum corrupti. Tenetur et placeat aperiam illo. Nesciunt vel a et.','2012-08-31 22:34:10','1973-05-20 05:53:31'),
('38','Modi beatae molestias quo quod magni iste nulla. Alias aliquam occaecati quibusdam aut rerum incidunt iusto. Minima commodi autem illo quia animi.','1975-12-30 13:30:25','2012-11-04 10:37:04'),
('39','Dicta quaerat laudantium eos eum. Nihil consequatur quibusdam id et. Odit et voluptas at voluptatem dolores. Labore enim quis eius doloribus aut cumqu','1990-10-09 11:39:10','2009-04-20 09:42:02'),
('40','Ut ab sint quia quibusdam. Ea enim voluptate culpa est officiis tenetur. Quo rerum mollitia iure.','2001-04-05 06:24:23','2000-04-10 05:54:15'),
('41','Sapiente cum facere doloribus est eum minus. Quidem et animi est quis enim odit. Exercitationem omnis pariatur aut enim error nam veniam asperiores. V','1988-03-16 05:56:35','2000-08-09 18:55:16'),
('42','Voluptas aut enim voluptas. Ut maiores voluptas aliquid occaecati rerum sunt sequi architecto. Voluptatem sunt quia expedita. Labore qui reiciendis id','1982-07-23 12:31:57','2018-09-10 00:02:42'),
('43','Qui quaerat sed qui quaerat possimus. Dolor voluptas officiis hic. Repudiandae porro suscipit facere.','1991-06-30 11:39:29','1993-12-17 14:14:08'),
('44','Eum ut officiis laborum nihil est odio qui. Occaecati nihil sed illo error aut. In dicta ut at qui eos veritatis. Est delectus hic libero laborum quam','2017-04-18 06:39:23','2012-12-03 09:40:40'),
('45','Officia sit nam totam ut. Voluptatem ipsum quas est voluptas repellat est. Nostrum sapiente eos molestias molestiae porro.','2009-08-04 12:16:15','2005-08-28 17:41:48'),
('46','Blanditiis at corporis rerum debitis possimus nulla quibusdam perspiciatis. Ipsum fugiat maxime molestiae delectus amet tempora. Ipsum et distinctio p','1970-10-15 15:51:23','1994-11-29 07:27:49'),
('47','Quae tenetur provident quis et. Quos ad nihil sequi sit blanditiis. Consequatur necessitatibus dicta quas.','1990-06-15 02:25:11','1992-10-15 08:50:58'),
('48','Inventore qui aliquam modi ad et voluptatem est doloribus. Aut quae omnis dolore iste sequi qui. In in voluptas quasi corrupti quod.','1973-02-27 04:56:54','2013-04-18 00:02:27'),
('49','Occaecati in molestiae possimus unde qui. Id beatae enim similique autem nihil consequatur. Sint ut alias ratione minima optio. Totam qui dolor quidem','1995-06-03 05:10:26','2006-12-09 04:23:45'),
('50','Minus et voluptas odio et ut qui ea voluptatem. Provident nam nemo facilis cumque quas ut quis. Qui iure et est recusandae.','1993-06-21 18:03:33','1992-04-29 10:40:24'),
('51','Minima est sed enim nesciunt. Earum et nobis repudiandae. Perspiciatis omnis nesciunt adipisci voluptatem ipsam sed voluptas.','2009-11-10 02:42:35','1982-02-04 00:14:59'),
('52','Vero beatae aliquid ea nihil deserunt vero voluptates aut. Consectetur commodi unde assumenda adipisci quisquam dolorem vero. Aut ea minima doloremque','1970-01-06 01:28:45','2000-10-30 02:37:03'),
('53','Quo dolorem ab quia magnam. Occaecati animi debitis nihil neque ab. Ut et minus facilis omnis voluptas dignissimos.','1972-05-29 22:00:45','1985-03-09 14:40:21'),
('54','Dolorum aspernatur non sunt explicabo consectetur. Vel iure quaerat est qui sint et. Rerum suscipit nostrum voluptate velit aut.','1973-01-13 22:01:27','2004-08-18 16:45:05'),
('55','Accusamus aut et neque officiis. Vero et omnis ex vitae. Rem omnis incidunt exercitationem assumenda dolores tenetur alias.','2008-03-03 07:57:09','2014-12-08 23:09:36'),
('56','Quo voluptas ut ut similique et cum sed quo. Suscipit rerum enim molestiae magnam ea officiis. At provident libero dolorem.','1973-11-22 06:03:31','1996-06-13 18:43:33'),
('57','Ipsum consectetur voluptatem qui consequatur nulla. Et ut reiciendis ut eos omnis cupiditate. Officia consequatur voluptatum aliquid quas cum eligendi','2008-04-13 20:06:39','1984-03-25 06:23:23'),
('58','Ipsa excepturi aut dolorum earum tenetur voluptatem temporibus. Ducimus quae consequatur sapiente cupiditate. Voluptatem dicta rerum et. Iure in volup','1978-10-02 16:48:06','2001-10-18 03:44:22'),
('59','Ad et omnis dolores ad id. Nihil aut debitis et illum provident. Voluptate reiciendis libero impedit nostrum.','2003-05-02 01:57:22','1991-07-19 09:20:26'),
('60','Earum eveniet est facere enim quis esse. Dolorem accusantium qui omnis beatae. Ut non quo dolore quisquam.','1987-07-16 22:47:21','1993-05-29 17:20:58'),
('61','Veniam occaecati earum dolorum. Minima et corporis doloremque dolores voluptas. Dolor dignissimos ut ab ea et doloremque laborum.','1998-02-07 22:50:07','2015-07-24 03:51:03'),
('62','Illum incidunt quidem voluptatem ab. Dolor voluptas ipsum dolor aut quam. Minus optio at est.','2011-07-14 16:30:08','2009-09-19 01:26:09'),
('63','Magnam voluptate eos ipsum eum ducimus. Ea rerum praesentium quae labore enim consectetur. Qui distinctio et voluptatem perferendis ut.','2015-06-04 21:28:33','1988-09-30 02:59:34'),
('64','Et nostrum ut mollitia dolor sed quo consequatur voluptatibus. Optio voluptatum nesciunt maiores quos sequi.','2011-11-13 10:46:04','1988-10-19 16:25:18'),
('65','Earum inventore dolorem sed omnis. Et sapiente ea minima cum aut aliquam. Voluptatem veniam alias alias illo. Porro dolorum laborum ut vitae laudantiu','2009-06-17 15:10:08','1977-09-23 03:58:41'),
('66','Ipsam incidunt laudantium dolor aperiam ab consequatur. Ut quia commodi pariatur sint voluptate doloremque. Et alias eius iure sed. Et cumque voluptas','1986-08-21 10:46:02','1972-03-16 22:11:07'),
('67','Aspernatur sed totam ut esse. Iste accusantium eum et praesentium. Nam ut deserunt sint unde id.','1988-07-10 14:11:11','1992-10-15 19:01:48'),
('68','Aut voluptatem mollitia delectus voluptatum assumenda nostrum culpa tenetur. Id sequi ea odit unde. Officia pariatur porro vero et repellendus odio om','2014-10-31 13:25:10','2010-06-21 10:03:28'),
('69','Ratione sit vitae recusandae asperiores recusandae. Ea corrupti nobis repellat et ad dignissimos. Sed ut in recusandae optio aperiam modi dolorem.','2013-08-05 08:08:23','1995-05-14 21:43:35'),
('70','Molestiae quia sed ex nemo. Veritatis quas ut quia est cupiditate. Facere dolorem sed qui ullam libero.','1983-07-21 18:25:18','2007-01-01 22:02:26'),
('71','Fugiat cum sed nulla voluptas. Nihil porro nam nesciunt. Omnis sunt sed ut. Voluptatem et est ex molestiae ut.','2018-11-14 10:54:24','1992-02-08 07:10:51'),
('72','Illum facilis corporis quibusdam aut non aperiam. Ducimus voluptatem blanditiis atque accusamus.','1999-12-26 12:45:51','2012-05-04 06:11:40'),
('73','Est ex et autem est quod fugit nulla. Ullam provident error ut dicta saepe animi.','2012-12-31 06:14:06','2018-09-16 01:11:13'),
('74','Et officiis commodi aut quo aut sed est. Omnis omnis inventore maxime et dolorum quo sed officiis. Cumque esse quia suscipit cumque quas earum.','2011-11-23 16:50:00','2017-01-22 18:57:21'),
('75','Autem dolores eius qui at. Est reprehenderit vero laboriosam tempore minus. Quia dignissimos asperiores nobis qui et ad.','1987-04-20 17:07:36','1975-10-20 05:03:01'),
('76','Qui voluptatum ut veniam sint. Libero voluptatibus velit dicta qui. Praesentium ipsam qui sed eius eligendi quia. Suscipit tempora aut deleniti tenetu','1991-06-20 18:44:52','1979-09-20 00:08:33'),
('77','Harum quidem consequatur deserunt saepe aspernatur nihil dolorem. Quaerat qui consequatur voluptatibus dignissimos dolore dolorum. Dignissimos debitis','1994-03-06 02:31:45','2006-01-11 11:05:34'),
('78','Error et sint nam quia quisquam maxime. Totam tempore in voluptatum et cumque maxime. Porro et consequuntur ut incidunt omnis.','2002-01-16 21:29:26','1990-09-22 12:34:46'),
('79','Perspiciatis est voluptatum et autem excepturi laudantium. Nesciunt quia aut nesciunt dignissimos. Officiis possimus velit sed qui rerum molestias. Es','1976-10-06 02:06:56','2012-04-03 22:44:07'),
('80','Quia sed id neque tempora. Ratione mollitia est accusamus vitae. Vel reiciendis expedita exercitationem quo et accusantium est.','1989-02-12 22:57:34','1975-04-28 20:47:31'),
('81','Porro ad amet officia fuga inventore. Deleniti et asperiores qui velit. Sed accusantium qui velit magnam voluptatem vero voluptates.','2013-07-10 20:20:08','1984-02-04 19:15:57'),
('82','Est ut sit reprehenderit debitis iure. Eligendi dolorem omnis et quia deserunt. Quis ab illo voluptas. Quis excepturi omnis ut est consequatur aperiam','1970-02-12 16:24:17','1978-08-06 03:20:13'),
('83','Sequi voluptatem voluptatibus totam amet nihil. Aut sed natus laborum accusamus perferendis rerum. Omnis non iusto est perferendis nisi non corrupti. ','2002-04-30 18:50:42','1987-12-08 15:16:32'),
('84','Ea ex eaque vel soluta voluptatem sequi. Iusto ut facilis adipisci sapiente voluptate sunt.','2016-07-01 01:46:07','2012-10-17 18:06:50'),
('85','Recusandae iure debitis ut accusamus at nam minus nemo. Dolores veniam et maxime aspernatur voluptatibus maiores totam. Nisi in dolores et sit. Et tem','2014-01-15 09:25:39','2003-04-06 07:30:34'),
('86','Enim illo ipsam est beatae aperiam. Quidem id est nobis blanditiis officiis neque quia sit. Ab rerum tempore autem asperiores et voluptate.','2016-05-29 10:15:37','1984-01-07 14:47:52'),
('87','Neque voluptas voluptatem nulla aut. Soluta repellendus corporis voluptas. Optio atque culpa accusantium minima aut qui et.','2000-06-04 04:47:50','1981-10-31 07:09:56'),
('88','Quam numquam libero pariatur accusantium unde qui mollitia. Fugit hic eligendi ipsam saepe. Minima nihil repudiandae dicta quia provident rerum. Quas ','1975-08-01 00:39:45','1989-11-09 05:23:53'),
('89','Sed perspiciatis sit maiores vel sit ipsum quis. Non suscipit alias provident repellendus minus. Sapiente qui et est error non eveniet assumenda.','1991-06-12 20:37:28','1975-02-18 03:11:58'),
('90','Perferendis sit eum nobis reiciendis a eveniet sunt nihil. Magnam fugit dolorem veniam doloremque. Quis quas quisquam earum tempore. Nobis nobis odio ','2012-06-25 04:52:47','1970-07-21 03:50:11'),
('91','Dolor ex occaecati facere est delectus et voluptates aperiam. Id dicta explicabo magni non at. Rerum eum eos voluptatum saepe est.','2011-05-04 19:17:34','1992-06-16 04:12:16'),
('92','Enim debitis odio labore veritatis. Eum qui nam recusandae ipsum modi possimus. Est porro voluptates nihil ea sunt necessitatibus unde.','1996-11-17 00:42:27','2012-12-02 08:40:10'),
('93','Sit unde vel suscipit dolorem non. Sapiente est atque rerum. Dolor illo officiis expedita dolores. Officiis quasi ex in quo praesentium.','2006-01-07 14:48:33','1982-07-10 19:14:18'),
('94','Ut veniam a architecto aut. Eligendi nesciunt rerum quam architecto reiciendis rerum nobis. Voluptas quos tempore aut. Optio velit explicabo quis.','1982-08-17 13:29:03','2018-11-25 02:39:22'),
('95','Et laboriosam et rerum vitae quae voluptatem vero ab. Ipsum voluptatum dicta dolor harum molestias aut. Culpa quia delectus voluptatum in.','1973-09-13 12:38:25','1977-06-19 04:57:02'),
('96','Mollitia expedita natus quia magnam id et sed. Quae consectetur dolor vero sint voluptas sed veniam. Fugit autem ipsa consequatur consequatur omnis.','1998-06-24 22:20:02','2014-12-01 14:32:07'),
('97','Quia qui consequatur rerum explicabo reprehenderit. Molestiae eos nihil dolore iusto explicabo odit delectus. Accusantium sed dolores est rerum impedi','2016-11-02 10:01:28','2006-10-29 10:17:41'),
('98','Qui repudiandae ut modi similique excepturi repudiandae nostrum atque. Id dignissimos nisi ipsum hic dolores qui. Sint qui facere qui et est ut blandi','1997-09-09 10:42:19','1989-08-01 01:39:59'),
('99','Et culpa aut iusto. Totam in unde non enim esse ut dolore. Molestiae quae reiciendis ullam est incidunt quis optio. Odio at culpa molestias dolor anim','1970-01-19 04:14:31','1986-11-22 12:51:53'),
('100','Cum numquam dolores quod eaque. Assumenda in laudantium dolores vel nam explicabo. Ea dolores consequatur vitae. Error odio nobis dolore quia veniam u','2014-05-11 15:36:18','1993-01-25 11:21:38'); 

INSERT INTO `communities_users` VALUES ('1','1'),
('2','2'),
('3','3'),
('4','4'),
('5','5'),
('6','6'),
('7','7'),
('8','8'),
('9','9'),
('10','10'),
('11','11'),
('12','12'),
('13','13'),
('14','14'),
('15','15'),
('16','16'),
('17','17'),
('18','18'),
('19','19'),
('20','20'),
('21','21'),
('22','22'),
('23','23'),
('24','24'),
('25','25'),
('26','26'),
('27','27'),
('28','28'),
('29','29'),
('30','30'),
('31','31'),
('32','32'),
('33','33'),
('34','34'),
('35','35'),
('36','36'),
('37','37'),
('38','38'),
('39','39'),
('40','40'),
('41','41'),
('42','42'),
('43','43'),
('44','44'),
('45','45'),
('46','46'),
('47','47'),
('48','48'),
('49','49'),
('50','50'),
('51','51'),
('52','52'),
('53','53'),
('54','54'),
('55','55'),
('56','56'),
('57','57'),
('58','58'),
('59','59'),
('60','60'),
('61','61'),
('62','62'),
('63','63'),
('64','64'),
('65','65'),
('66','66'),
('67','67'),
('68','68'),
('69','69'),
('70','70'),
('71','71'),
('72','72'),
('73','73'),
('74','74'),
('75','75'),
('76','76'),
('77','77'),
('78','78'),
('79','79'),
('80','80'),
('81','81'),
('82','82'),
('83','83'),
('84','84'),
('85','85'),
('86','86'),
('87','87'),
('88','88'),
('89','89'),
('90','90'),
('91','91'),
('92','92'),
('93','93'),
('94','94'),
('95','95'),
('96','96'),
('97','97'),
('98','98'),
('99','99'),
('100','100'); 

INSERT INTO `object_type` VALUES ('1','users','1985-08-09 20:20:24','1994-11-15 06:04:54'),
('2','media','2000-06-08 14:04:48','2002-01-16 12:41:16'),
('3','messages','2014-07-04 05:17:48','1983-07-13 20:03:06'); 

INSERT INTO `likes` VALUES ('1','1','1','2'),
('2','2','2','-7'),
('3','3','3','10'),
('4','1','4','-2'),
('5','2','5','4'),
('6','3','6','2'),
('7','1','7','-7'),
('8','2','8','9'),
('9','3','9','-1'),
('10','1','10','10'),
('11','2','11','5'),
('12','3','12','-1'),
('13','1','13','10'),
('14','2','14','2'),
('15','3','15','-9'),
('16','1','16','-8'),
('17','2','17','7'),
('18','3','18','-4'),
('19','1','19','-7'),
('20','2','20','2'),
('21','3','21','6'),
('22','1','22','-3'),
('23','2','23','4'),
('24','3','24','1'),
('25','1','25','8'),
('26','2','26','4'),
('27','3','27','-6'),
('28','1','28','-2'),
('29','2','29','-10'),
('30','3','30','-8'),
('31','1','31','3'),
('32','2','32','-4'),
('33','3','33','7'),
('34','1','34','-7'),
('35','2','35','-3'),
('36','3','36','-9'),
('37','1','37','-1'),
('38','2','38','9'),
('39','3','39','-3'),
('40','1','40','0'),
('41','2','41','-1'),
('42','3','42','3'),
('43','1','43','-6'),
('44','2','44','-1'),
('45','3','45','9'),
('46','1','46','-9'),
('47','2','47','-2'),
('48','3','48','-6'),
('49','1','49','-4'),
('50','2','50','-9'),
('51','3','51','-10'),
('52','1','52','-6'),
('53','2','53','1'),
('54','3','54','5'),
('55','1','55','-10'),
('56','2','56','4'),
('57','3','57','2'),
('58','1','58','8'),
('59','2','59','0'),
('60','3','60','-2'),
('61','1','61','4'),
('62','2','62','4'),
('63','3','63','-7'),
('64','1','64','10'),
('65','2','65','3'),
('66','3','66','-9'),
('67','1','67','-7'),
('68','2','68','-6'),
('69','3','69','7'),
('70','1','70','1'),
('71','2','71','9'),
('72','3','72','-7'),
('73','1','73','-1'),
('74','2','74','-5'),
('75','3','75','7'),
('76','1','76','8'),
('77','2','77','5'),
('78','3','78','-9'),
('79','1','79','-2'),
('80','2','80','6'),
('81','3','81','3'),
('82','1','82','2'),
('83','2','83','0'),
('84','3','84','10'),
('85','1','85','9'),
('86','2','86','6'),
('87','3','87','10'),
('88','1','88','4'),
('89','2','89','-7'),
('90','3','90','1'),
('91','1','91','9'),
('92','2','92','2'),
('93','3','93','-3'),
('94','1','94','-9'),
('95','2','95','10'),
('96','3','96','-5'),
('97','1','97','-3'),
('98','2','98','-2'),
('99','3','99','-10'),
('100','1','100','7'); 
select * from users;

select * from communities;
select * from communities_users;
select * from friendship;
select * from friendship_statuses;
select * from likes;
select * from media;
select * from media_types;
select * from messages;
select * from object_type;
select * from profiles;
select * from user_roles;
