-- Создаем базу данных VK.
drop database if exists vk;
create database vk;
use vk;

-- Создаем справочник ролей пользователей.
drop table if exists roles;
create table roles (
    id int unsigned not null auto_increment primary key,
    name varchar(256) not null,
    created_at timestamp,
    updated_at timestamp default current_timestamp
);

-- Создаем таблицу зарегистрированных пользователей.
drop table if exists users;
create table users (
    id int unsigned not null auto_increment primary key,
    name varchar(256) not null,
    email varchar(256) not null,
    email_confirmed bit not null,
    phone varchar(64) not null,
    phone_confirmed bit not null,
    password_hash varchar(1024),
    blocked bit not null,
    created_at timestamp,
    updated_at timestamp default current_timestamp
);

-- Создаем таблицу ролей пользователя.
drop table if exists user_roles;
create table user_roles (
    user_id int unsigned not null,
    role_id int unsigned not null,
    primary key (user_id, role_id),
    foreign key (user_id) references users (id),
    foreign key (role_id) references roles (id)
);

-- Таблица типов медиафайлов
drop table if exists media_types;
create table media_types (
    id int unsigned not null auto_increment primary key,
    name varchar(255) not null unique,
    created_at timestamp,
    updated_at timestamp default current_timestamp
);

-- Таблица медиафайлов
drop table if exists media;
create table media (
    id int unsigned not null auto_increment primary key,
    media_type_id int unsigned not null,
    user_id int unsigned not null,
    filename varchar(255) not null,
    size int not null,
    metadata JSON,
    created_at timestamp,
    updated_at timestamp default current_timestamp,
    foreign key (user_id) references users (id),
    foreign key (media_type_id) references media_types (id)
);

-- Таблица профилей пользователя.
drop table if exists profiles;
create table profiles (
    user_id int unsigned not null primary key,
    first_name varchar(100) not null,
    last_name varchar(100) not null,
    sex char(1) not null,
    birthday date,
    hometown varchar(100),
    photo_id int unsigned not null,
    created_at timestamp,
    updated_at timestamp default current_timestamp,
    foreign key (user_id) references users (id),
    foreign key (photo_id) references media (id)
);

-- Таблица сообщений
drop table if exists messages;
create table messages (
    id int unsigned not null auto_increment primary key, 
    from_user_id int unsigned not null,
    to_user_id int unsigned not null,
    body text not null,
    important boolean,
    delivered boolean,
    created_at timestamp,
    updated_at timestamp default current_timestamp,
    foreign key (from_user_id) references users (id),
    foreign key (to_user_id) references users (id)
);

-- Таблица статусов дружеских отношений
drop table if exists friendship_statuses;
create table friendship_statuses (
    id int unsigned not null auto_increment primary key,
    name varchar(150) not null unique,
    created_at timestamp,
    updated_at timestamp default current_timestamp
);

-- Таблица дружбы
drop table if exists friendship;
create table friendship (
    user_id int unsigned not null,
    friend_id int unsigned not null,
    status_id int unsigned not null,
    requested_at datetime default now(),
    confirmed_at datetime,
    primary key (user_id, friend_id),
    foreign key (user_id) references users (id),
    foreign key (friend_id) references users (id),
    foreign key (status_id) references friendship_statuses (id)
);

-- Таблица групп
drop table if exists communities;
create table communities (
    id int unsigned not null auto_increment primary key,
    name varchar(150) not null unique,
    created_at timestamp,
    updated_at timestamp default current_timestamp
);

-- Таблица связи пользователей и групп
drop table if exists communities_users;
create table communities_users (
    community_id int unsigned not null,
    user_id int unsigned not null,
    primary key (community_id, user_id),
    foreign key (user_id) references users (id),
    foreign key (community_id) references communities (id)
);

-- Типы объектов рейтинга.
drop table if exists object_type;
create table object_type (
    id int unsigned not null auto_increment primary key,
    name varchar(256) not null,
    created_at timestamp,
    updated_at timestamp default current_timestamp
);

-- Лайки.
drop table if exists likes;
create table likes (
    object_id int unsigned not null,
    object_type_id int unsigned not null,
    user_id int unsigned not null,
    value int null,
    primary key (object_id, object_type_id, user_id),
    foreign key (user_id) references users (id),
    foreign key (object_type_id) references object_type (id)
);


-- Generation time: Wed, 18 Sep 2019 23:33:17 +0000
-- Host: mysql.hostinger.ro
-- DB name: u574849695_22
/*!40030 SET NAMES UTF8 */;
/*!40101 SET @OLD_CHARACTER_SET_CLIENT=@@CHARACTER_SET_CLIENT */;
/*!40101 SET @OLD_CHARACTER_SET_RESULTS=@@CHARACTER_SET_RESULTS */;
/*!40101 SET @OLD_COLLATION_CONNECTION=@@COLLATION_CONNECTION */;
/*!40103 SET @OLD_TIME_ZONE=@@TIME_ZONE */;
/*!40103 SET TIME_ZONE='+00:00' */;
/*!40014 SET @OLD_UNIQUE_CHECKS=@@UNIQUE_CHECKS, UNIQUE_CHECKS=0 */;
/*!40014 SET @OLD_FOREIGN_KEY_CHECKS=@@FOREIGN_KEY_CHECKS, FOREIGN_KEY_CHECKS=0 */;
/*!40101 SET @OLD_SQL_MODE=@@SQL_MODE, SQL_MODE='NO_AUTO_VALUE_ON_ZERO' */;
/*!40111 SET @OLD_SQL_NOTES=@@SQL_NOTES, SQL_NOTES=0 */;

DROP TABLE IF EXISTS `communities`;
CREATE TABLE `communities` (
  `id` int(10) unsigned NOT NULL AUTO_INCREMENT,
  `name` varchar(150) COLLATE utf8_unicode_ci NOT NULL,
  `created_at` timestamp NOT NULL DEFAULT current_timestamp() ON UPDATE current_timestamp(),
  `updated_at` timestamp NOT NULL DEFAULT current_timestamp(),
  PRIMARY KEY (`id`),
  UNIQUE KEY `name` (`name`)
) ENGINE=InnoDB AUTO_INCREMENT=101 DEFAULT CHARSET=utf8 COLLATE=utf8_unicode_ci;

INSERT INTO `communities` VALUES ('1','Ad non sit quasi ipsum nihil voluptatem quidem. Ab beatae exercitationem exercitationem hic officia sunt. Nulla consequuntur dolores ut facere.','1974-11-22 20:26:30','1985-10-06 10:24:18'),
('2','Dolorem et facilis dignissimos ullam quis. Corporis id qui qui. Rem architecto tenetur saepe pariatur qui iste. Qui maiores quia ut asperiores et arch','2011-07-10 19:51:07','1998-07-29 14:29:47'),
('3','Excepturi minima maxime qui sit dolor. Amet laborum rerum expedita in cumque autem.','2001-02-14 22:23:19','1975-02-02 12:16:39'),
('4','Natus provident qui tenetur nulla vero. Harum voluptas in suscipit vel. Facere architecto cumque consectetur minus enim veritatis.','2015-10-18 08:56:24','2010-09-25 11:42:48'),
('5','Accusamus quia at ut. Doloribus ad error sequi iure et et. Non explicabo fugiat libero commodi error.','1995-08-16 01:31:43','1989-10-17 17:12:53'),
('6','Dolore dolorem illo nesciunt aut. Nisi quos dolor repudiandae ipsum sint. Sequi qui ea optio fugiat consequatur.','1994-11-30 02:19:18','1981-11-24 08:54:14'),
('7','Odit porro ipsa deserunt tempore enim. Excepturi consequatur aspernatur deleniti omnis ipsam. Nostrum quaerat officia possimus. Dolores sed doloremque','1991-04-20 07:35:56','1972-06-06 15:18:53'),
('8','Sit repellat autem modi id. Eius molestiae eligendi magni non aliquam enim reprehenderit. Impedit enim aut rem sapiente officia.','2019-09-05 00:33:01','1981-10-09 07:00:20'),
('9','Ut corporis aut sit laboriosam ab sit et. Et necessitatibus est veritatis iure. Est cumque consequuntur dolores consectetur. Eos voluptas sit voluptat','1980-10-19 11:02:32','1984-02-06 20:06:33'),
('10','Et aperiam quo soluta accusantium corrupti sed minima. Ullam et illum possimus rerum. Reprehenderit consequuntur nulla numquam quis. Est occaecati rat','2014-02-08 04:19:42','1983-06-10 02:34:42'),
('11','Dolores autem ipsa quos harum officiis. Enim ab et est rem. Maiores id est eum sed quidem. Et animi quam aliquid.','2006-08-30 21:17:52','2015-03-17 04:59:10'),
('12','Qui ea autem consectetur impedit voluptas. Consequatur aliquam et unde autem cumque sunt voluptas. Nesciunt molestiae consequatur magni quia. Ipsum to','1970-10-20 15:40:57','2008-08-24 23:59:55'),
('13','Quia libero consectetur impedit saepe perspiciatis aperiam optio et. Iusto saepe qui fugit repellat a et deserunt. Dolorum nemo nesciunt iste sunt at ','1973-09-20 11:04:35','2014-10-04 18:51:29'),
('14','Placeat quis qui tempore beatae provident vel incidunt. Distinctio quo neque tempora qui.\nRerum ipsum dolores et. Inventore aut ex corporis magnam con','2015-07-24 03:09:47','1991-01-28 06:22:33'),
('15','Voluptatem beatae facilis ad non. Dolorum delectus magni et ipsam voluptatibus laborum voluptatem. Voluptatum et tenetur suscipit quibusdam. Tempora c','1989-06-25 00:02:14','1995-11-01 07:19:30'),
('16','Debitis ab et corporis cupiditate assumenda omnis ducimus. Nesciunt sit recusandae repudiandae cumque. Voluptas culpa possimus est labore. Dolorem dol','2013-08-26 20:53:19','1986-05-10 09:07:51'),
('17','Asperiores nisi magnam debitis laborum. Accusantium vel dignissimos quos iure. Vitae dolores ut consectetur alias. Voluptatem totam voluptas consequun','1984-07-13 23:41:19','1980-04-06 02:44:22'),
('18','Iure at explicabo voluptas voluptas natus. Vero expedita asperiores ducimus veniam.','2003-11-23 11:52:00','1972-11-21 21:29:27'),
('19','Enim id hic consequatur voluptatem facilis perferendis ducimus assumenda. Non molestiae sit accusantium. A blanditiis facere esse fuga aperiam.','1993-10-01 13:09:47','1973-08-18 06:41:49'),
('20','Maxime et consequuntur dolor. Placeat fugit commodi repudiandae id beatae. Eos et dolorum ex odio excepturi.','1991-11-11 08:58:54','1979-11-04 07:25:59'),
('21','Qui non quod adipisci est accusamus enim eos. Voluptatum reprehenderit voluptas vero quia vel fuga. Culpa quae provident nostrum quibusdam. Nostrum cu','1983-12-18 01:48:35','1991-05-09 20:09:33'),
('22','Et voluptatem dolore odio laborum fugiat ex vel. Voluptas quae quibusdam ea perspiciatis ut totam fugit. Fuga sed qui quisquam.','1973-05-18 04:25:13','1995-06-18 01:45:51'),
('23','Eum recusandae voluptate ea ut qui dolorem. In laudantium mollitia beatae laudantium. Deserunt tenetur autem ratione explicabo at harum.','2008-07-28 09:04:43','1991-04-29 15:30:21'),
('24','Et animi quos velit autem eveniet. Est excepturi dolorem alias sunt qui eaque. Ab vel autem consequatur sit harum earum. Rem cupiditate expedita conse','2016-04-04 17:40:59','1976-10-02 00:13:52'),
('25','Ea consequatur est nobis sit. Rerum nemo nihil est quis illum nihil ut. Minus omnis ratione eaque quod aspernatur ea vel. Impedit ab sunt dolor a. Pra','2014-12-10 19:20:35','2004-02-04 04:22:30'),
('26','Facere autem quo eligendi assumenda dolorum. Aut quia doloribus ut. Praesentium sint minima incidunt magnam doloribus.','1979-06-23 11:24:09','1972-07-22 20:40:34'),
('27','Illo in voluptatem natus veritatis nihil iure debitis. Qui impedit atque illo voluptatem mollitia aut dolor. Voluptas harum ea ipsa aut est. Et enim t','2005-05-20 18:52:17','1984-11-03 11:38:50'),
('28','Aut odio asperiores cumque deserunt laborum eaque cum. Beatae eaque qui quia. Esse iure iusto quae iusto iure quia quisquam ducimus. Possimus eos veni','2005-01-15 07:45:18','1975-09-30 05:37:06'),
('29','Dignissimos dolorem qui delectus expedita atque eos quasi qui. Delectus nulla aut expedita iusto quo. Vitae ipsum velit ut vel dolores et tempore.','2009-07-23 13:36:00','2001-01-28 14:50:32'),
('30','Et dolor rerum debitis fugiat nemo. Minus aut et veniam.','1992-12-31 13:08:34','1976-12-21 00:09:53'),
('31','Sit non ut harum odio. Id animi nobis fugiat. Ut dolorum nihil assumenda voluptas sint incidunt. Unde iste quos sequi quas rerum.','2008-10-01 10:55:46','1973-02-22 08:36:36'),
('32','Consequatur excepturi qui a. Et deleniti tempora ut quis officia vel maxime. Atque eius doloribus omnis quis qui.','1992-08-28 18:20:00','2011-03-30 23:08:28'),
('33','Ullam ab aut ut nam quis aspernatur numquam. Et nihil consequatur sed possimus. Molestiae voluptatem deleniti a nostrum est. Quia et sequi quo dicta r','1981-08-08 09:56:28','1985-12-20 15:43:48'),
('34','Officiis omnis ea in repellendus. Consequuntur eum dicta non harum ducimus ut omnis ab. Et possimus ipsum deleniti et architecto non aut fugiat.','1971-05-05 15:24:40','1971-03-25 06:05:49'),
('35','Non quam magni libero doloribus. Eveniet tempore quidem commodi et numquam facere inventore recusandae. Nihil molestias est vero. Magni laboriosam aut','1990-06-27 12:36:04','1997-09-23 00:54:44'),
('36','Voluptates dolores temporibus non. Alias necessitatibus voluptatem quod at neque fuga. Dolorem laborum eius maxime consequuntur aperiam sed.','1972-06-09 21:35:08','2007-03-25 06:05:11'),
('37','Aut laborum qui accusantium impedit ipsam ab et. In et sed eaque laborum corrupti. Tenetur et placeat aperiam illo. Nesciunt vel a et.','2012-08-31 22:34:10','1973-05-20 05:53:31'),
('38','Modi beatae molestias quo quod magni iste nulla. Alias aliquam occaecati quibusdam aut rerum incidunt iusto. Minima commodi autem illo quia animi.','1975-12-30 13:30:25','2012-11-04 10:37:04'),
('39','Dicta quaerat laudantium eos eum. Nihil consequatur quibusdam id et. Odit et voluptas at voluptatem dolores. Labore enim quis eius doloribus aut cumqu','1990-10-09 11:39:10','2009-04-20 09:42:02'),
('40','Ut ab sint quia quibusdam. Ea enim voluptate culpa est officiis tenetur. Quo rerum mollitia iure.','2001-04-05 06:24:23','2000-04-10 05:54:15'),
('41','Sapiente cum facere doloribus est eum minus. Quidem et animi est quis enim odit. Exercitationem omnis pariatur aut enim error nam veniam asperiores. V','1988-03-16 05:56:35','2000-08-09 18:55:16'),
('42','Voluptas aut enim voluptas. Ut maiores voluptas aliquid occaecati rerum sunt sequi architecto. Voluptatem sunt quia expedita. Labore qui reiciendis id','1982-07-23 12:31:57','2018-09-10 00:02:42'),
('43','Qui quaerat sed qui quaerat possimus. Dolor voluptas officiis hic. Repudiandae porro suscipit facere.','1991-06-30 11:39:29','1993-12-17 14:14:08'),
('44','Eum ut officiis laborum nihil est odio qui. Occaecati nihil sed illo error aut. In dicta ut at qui eos veritatis. Est delectus hic libero laborum quam','2017-04-18 06:39:23','2012-12-03 09:40:40'),
('45','Officia sit nam totam ut. Voluptatem ipsum quas est voluptas repellat est. Nostrum sapiente eos molestias molestiae porro.','2009-08-04 12:16:15','2005-08-28 17:41:48'),
('46','Blanditiis at corporis rerum debitis possimus nulla quibusdam perspiciatis. Ipsum fugiat maxime molestiae delectus amet tempora. Ipsum et distinctio p','1970-10-15 15:51:23','1994-11-29 07:27:49'),
('47','Quae tenetur provident quis et. Quos ad nihil sequi sit blanditiis. Consequatur necessitatibus dicta quas.','1990-06-15 02:25:11','1992-10-15 08:50:58'),
('48','Inventore qui aliquam modi ad et voluptatem est doloribus. Aut quae omnis dolore iste sequi qui. In in voluptas quasi corrupti quod.','1973-02-27 04:56:54','2013-04-18 00:02:27'),
('49','Occaecati in molestiae possimus unde qui. Id beatae enim similique autem nihil consequatur. Sint ut alias ratione minima optio. Totam qui dolor quidem','1995-06-03 05:10:26','2006-12-09 04:23:45'),
('50','Minus et voluptas odio et ut qui ea voluptatem. Provident nam nemo facilis cumque quas ut quis. Qui iure et est recusandae.','1993-06-21 18:03:33','1992-04-29 10:40:24'),
('51','Minima est sed enim nesciunt. Earum et nobis repudiandae. Perspiciatis omnis nesciunt adipisci voluptatem ipsam sed voluptas.','2009-11-10 02:42:35','1982-02-04 00:14:59'),
('52','Vero beatae aliquid ea nihil deserunt vero voluptates aut. Consectetur commodi unde assumenda adipisci quisquam dolorem vero. Aut ea minima doloremque','1970-01-06 01:28:45','2000-10-30 02:37:03'),
('53','Quo dolorem ab quia magnam. Occaecati animi debitis nihil neque ab. Ut et minus facilis omnis voluptas dignissimos.','1972-05-29 22:00:45','1985-03-09 14:40:21'),
('54','Dolorum aspernatur non sunt explicabo consectetur. Vel iure quaerat est qui sint et. Rerum suscipit nostrum voluptate velit aut.','1973-01-13 22:01:27','2004-08-18 16:45:05'),
('55','Accusamus aut et neque officiis. Vero et omnis ex vitae. Rem omnis incidunt exercitationem assumenda dolores tenetur alias.','2008-03-03 07:57:09','2014-12-08 23:09:36'),
('56','Quo voluptas ut ut similique et cum sed quo. Suscipit rerum enim molestiae magnam ea officiis. At provident libero dolorem.','1973-11-22 06:03:31','1996-06-13 18:43:33'),
('57','Ipsum consectetur voluptatem qui consequatur nulla. Et ut reiciendis ut eos omnis cupiditate. Officia consequatur voluptatum aliquid quas cum eligendi','2008-04-13 20:06:39','1984-03-25 06:23:23'),
('58','Ipsa excepturi aut dolorum earum tenetur voluptatem temporibus. Ducimus quae consequatur sapiente cupiditate. Voluptatem dicta rerum et. Iure in volup','1978-10-02 16:48:06','2001-10-18 03:44:22'),
('59','Ad et omnis dolores ad id. Nihil aut debitis et illum provident. Voluptate reiciendis libero impedit nostrum.','2003-05-02 01:57:22','1991-07-19 09:20:26'),
('60','Earum eveniet est facere enim quis esse. Dolorem accusantium qui omnis beatae. Ut non quo dolore quisquam.','1987-07-16 22:47:21','1993-05-29 17:20:58'),
('61','Veniam occaecati earum dolorum. Minima et corporis doloremque dolores voluptas. Dolor dignissimos ut ab ea et doloremque laborum.','1998-02-07 22:50:07','2015-07-24 03:51:03'),
('62','Illum incidunt quidem voluptatem ab. Dolor voluptas ipsum dolor aut quam. Minus optio at est.','2011-07-14 16:30:08','2009-09-19 01:26:09'),
('63','Magnam voluptate eos ipsum eum ducimus. Ea rerum praesentium quae labore enim consectetur. Qui distinctio et voluptatem perferendis ut.','2015-06-04 21:28:33','1988-09-30 02:59:34'),
('64','Et nostrum ut mollitia dolor sed quo consequatur voluptatibus. Optio voluptatum nesciunt maiores quos sequi.','2011-11-13 10:46:04','1988-10-19 16:25:18'),
('65','Earum inventore dolorem sed omnis. Et sapiente ea minima cum aut aliquam. Voluptatem veniam alias alias illo. Porro dolorum laborum ut vitae laudantiu','2009-06-17 15:10:08','1977-09-23 03:58:41'),
('66','Ipsam incidunt laudantium dolor aperiam ab consequatur. Ut quia commodi pariatur sint voluptate doloremque. Et alias eius iure sed. Et cumque voluptas','1986-08-21 10:46:02','1972-03-16 22:11:07'),
('67','Aspernatur sed totam ut esse. Iste accusantium eum et praesentium. Nam ut deserunt sint unde id.','1988-07-10 14:11:11','1992-10-15 19:01:48'),
('68','Aut voluptatem mollitia delectus voluptatum assumenda nostrum culpa tenetur. Id sequi ea odit unde. Officia pariatur porro vero et repellendus odio om','2014-10-31 13:25:10','2010-06-21 10:03:28'),
('69','Ratione sit vitae recusandae asperiores recusandae. Ea corrupti nobis repellat et ad dignissimos. Sed ut in recusandae optio aperiam modi dolorem.','2013-08-05 08:08:23','1995-05-14 21:43:35'),
('70','Molestiae quia sed ex nemo. Veritatis quas ut quia est cupiditate. Facere dolorem sed qui ullam libero.','1983-07-21 18:25:18','2007-01-01 22:02:26'),
('71','Fugiat cum sed nulla voluptas. Nihil porro nam nesciunt. Omnis sunt sed ut. Voluptatem et est ex molestiae ut.','2018-11-14 10:54:24','1992-02-08 07:10:51'),
('72','Illum facilis corporis quibusdam aut non aperiam. Ducimus voluptatem blanditiis atque accusamus.','1999-12-26 12:45:51','2012-05-04 06:11:40'),
('73','Est ex et autem est quod fugit nulla. Ullam provident error ut dicta saepe animi.','2012-12-31 06:14:06','2018-09-16 01:11:13'),
('74','Et officiis commodi aut quo aut sed est. Omnis omnis inventore maxime et dolorum quo sed officiis. Cumque esse quia suscipit cumque quas earum.','2011-11-23 16:50:00','2017-01-22 18:57:21'),
('75','Autem dolores eius qui at. Est reprehenderit vero laboriosam tempore minus. Quia dignissimos asperiores nobis qui et ad.','1987-04-20 17:07:36','1975-10-20 05:03:01'),
('76','Qui voluptatum ut veniam sint. Libero voluptatibus velit dicta qui. Praesentium ipsam qui sed eius eligendi quia. Suscipit tempora aut deleniti tenetu','1991-06-20 18:44:52','1979-09-20 00:08:33'),
('77','Harum quidem consequatur deserunt saepe aspernatur nihil dolorem. Quaerat qui consequatur voluptatibus dignissimos dolore dolorum. Dignissimos debitis','1994-03-06 02:31:45','2006-01-11 11:05:34'),
('78','Error et sint nam quia quisquam maxime. Totam tempore in voluptatum et cumque maxime. Porro et consequuntur ut incidunt omnis.','2002-01-16 21:29:26','1990-09-22 12:34:46'),
('79','Perspiciatis est voluptatum et autem excepturi laudantium. Nesciunt quia aut nesciunt dignissimos. Officiis possimus velit sed qui rerum molestias. Es','1976-10-06 02:06:56','2012-04-03 22:44:07'),
('80','Quia sed id neque tempora. Ratione mollitia est accusamus vitae. Vel reiciendis expedita exercitationem quo et accusantium est.','1989-02-12 22:57:34','1975-04-28 20:47:31'),
('81','Porro ad amet officia fuga inventore. Deleniti et asperiores qui velit. Sed accusantium qui velit magnam voluptatem vero voluptates.','2013-07-10 20:20:08','1984-02-04 19:15:57'),
('82','Est ut sit reprehenderit debitis iure. Eligendi dolorem omnis et quia deserunt. Quis ab illo voluptas. Quis excepturi omnis ut est consequatur aperiam','1970-02-12 16:24:17','1978-08-06 03:20:13'),
('83','Sequi voluptatem voluptatibus totam amet nihil. Aut sed natus laborum accusamus perferendis rerum. Omnis non iusto est perferendis nisi non corrupti. ','2002-04-30 18:50:42','1987-12-08 15:16:32'),
('84','Ea ex eaque vel soluta voluptatem sequi. Iusto ut facilis adipisci sapiente voluptate sunt.','2016-07-01 01:46:07','2012-10-17 18:06:50'),
('85','Recusandae iure debitis ut accusamus at nam minus nemo. Dolores veniam et maxime aspernatur voluptatibus maiores totam. Nisi in dolores et sit. Et tem','2014-01-15 09:25:39','2003-04-06 07:30:34'),
('86','Enim illo ipsam est beatae aperiam. Quidem id est nobis blanditiis officiis neque quia sit. Ab rerum tempore autem asperiores et voluptate.','2016-05-29 10:15:37','1984-01-07 14:47:52'),
('87','Neque voluptas voluptatem nulla aut. Soluta repellendus corporis voluptas. Optio atque culpa accusantium minima aut qui et.','2000-06-04 04:47:50','1981-10-31 07:09:56'),
('88','Quam numquam libero pariatur accusantium unde qui mollitia. Fugit hic eligendi ipsam saepe. Minima nihil repudiandae dicta quia provident rerum. Quas ','1975-08-01 00:39:45','1989-11-09 05:23:53'),
('89','Sed perspiciatis sit maiores vel sit ipsum quis. Non suscipit alias provident repellendus minus. Sapiente qui et est error non eveniet assumenda.','1991-06-12 20:37:28','1975-02-18 03:11:58'),
('90','Perferendis sit eum nobis reiciendis a eveniet sunt nihil. Magnam fugit dolorem veniam doloremque. Quis quas quisquam earum tempore. Nobis nobis odio ','2012-06-25 04:52:47','1970-07-21 03:50:11'),
('91','Dolor ex occaecati facere est delectus et voluptates aperiam. Id dicta explicabo magni non at. Rerum eum eos voluptatum saepe est.','2011-05-04 19:17:34','1992-06-16 04:12:16'),
('92','Enim debitis odio labore veritatis. Eum qui nam recusandae ipsum modi possimus. Est porro voluptates nihil ea sunt necessitatibus unde.','1996-11-17 00:42:27','2012-12-02 08:40:10'),
('93','Sit unde vel suscipit dolorem non. Sapiente est atque rerum. Dolor illo officiis expedita dolores. Officiis quasi ex in quo praesentium.','2006-01-07 14:48:33','1982-07-10 19:14:18'),
('94','Ut veniam a architecto aut. Eligendi nesciunt rerum quam architecto reiciendis rerum nobis. Voluptas quos tempore aut. Optio velit explicabo quis.','1982-08-17 13:29:03','2018-11-25 02:39:22'),
('95','Et laboriosam et rerum vitae quae voluptatem vero ab. Ipsum voluptatum dicta dolor harum molestias aut. Culpa quia delectus voluptatum in.','1973-09-13 12:38:25','1977-06-19 04:57:02'),
('96','Mollitia expedita natus quia magnam id et sed. Quae consectetur dolor vero sint voluptas sed veniam. Fugit autem ipsa consequatur consequatur omnis.','1998-06-24 22:20:02','2014-12-01 14:32:07'),
('97','Quia qui consequatur rerum explicabo reprehenderit. Molestiae eos nihil dolore iusto explicabo odit delectus. Accusantium sed dolores est rerum impedi','2016-11-02 10:01:28','2006-10-29 10:17:41'),
('98','Qui repudiandae ut modi similique excepturi repudiandae nostrum atque. Id dignissimos nisi ipsum hic dolores qui. Sint qui facere qui et est ut blandi','1997-09-09 10:42:19','1989-08-01 01:39:59'),
('99','Et culpa aut iusto. Totam in unde non enim esse ut dolore. Molestiae quae reiciendis ullam est incidunt quis optio. Odio at culpa molestias dolor anim','1970-01-19 04:14:31','1986-11-22 12:51:53'),
('100','Cum numquam dolores quod eaque. Assumenda in laudantium dolores vel nam explicabo. Ea dolores consequatur vitae. Error odio nobis dolore quia veniam u','2014-05-11 15:36:18','1993-01-25 11:21:38'); 


DROP TABLE IF EXISTS `communities_users`;
CREATE TABLE `communities_users` (
  `community_id` int(10) unsigned NOT NULL,
  `user_id` int(10) unsigned NOT NULL,
  PRIMARY KEY (`community_id`,`user_id`),
  KEY `user_id` (`user_id`),
  CONSTRAINT `communities_users_ibfk_1` FOREIGN KEY (`user_id`) REFERENCES `users` (`id`),
  CONSTRAINT `communities_users_ibfk_2` FOREIGN KEY (`community_id`) REFERENCES `communities` (`id`)
) ENGINE=InnoDB DEFAULT CHARSET=utf8 COLLATE=utf8_unicode_ci;

INSERT INTO `communities_users` VALUES ('1','1'),
('2','2'),
('3','3'),
('4','4'),
('5','5'),
('6','6'),
('7','7'),
('8','8'),
('9','9'),
('10','10'),
('11','11'),
('12','12'),
('13','13'),
('14','14'),
('15','15'),
('16','16'),
('17','17'),
('18','18'),
('19','19'),
('20','20'),
('21','21'),
('22','22'),
('23','23'),
('24','24'),
('25','25'),
('26','26'),
('27','27'),
('28','28'),
('29','29'),
('30','30'),
('31','31'),
('32','32'),
('33','33'),
('34','34'),
('35','35'),
('36','36'),
('37','37'),
('38','38'),
('39','39'),
('40','40'),
('41','41'),
('42','42'),
('43','43'),
('44','44'),
('45','45'),
('46','46'),
('47','47'),
('48','48'),
('49','49'),
('50','50'),
('51','51'),
('52','52'),
('53','53'),
('54','54'),
('55','55'),
('56','56'),
('57','57'),
('58','58'),
('59','59'),
('60','60'),
('61','61'),
('62','62'),
('63','63'),
('64','64'),
('65','65'),
('66','66'),
('67','67'),
('68','68'),
('69','69'),
('70','70'),
('71','71'),
('72','72'),
('73','73'),
('74','74'),
('75','75'),
('76','76'),
('77','77'),
('78','78'),
('79','79'),
('80','80'),
('81','81'),
('82','82'),
('83','83'),
('84','84'),
('85','85'),
('86','86'),
('87','87'),
('88','88'),
('89','89'),
('90','90'),
('91','91'),
('92','92'),
('93','93'),
('94','94'),
('95','95'),
('96','96'),
('97','97'),
('98','98'),
('99','99'),
('100','100'); 


DROP TABLE IF EXISTS `friendship`;
CREATE TABLE `friendship` (
  `user_id` int(10) unsigned NOT NULL,
  `friend_id` int(10) unsigned NOT NULL,
  `status_id` int(10) unsigned NOT NULL,
  `requested_at` datetime DEFAULT current_timestamp(),
  `confirmed_at` datetime DEFAULT NULL,
  PRIMARY KEY (`user_id`,`friend_id`),
  KEY `friend_id` (`friend_id`),
  KEY `status_id` (`status_id`),
  CONSTRAINT `friendship_ibfk_1` FOREIGN KEY (`user_id`) REFERENCES `users` (`id`),
  CONSTRAINT `friendship_ibfk_2` FOREIGN KEY (`friend_id`) REFERENCES `users` (`id`),
  CONSTRAINT `friendship_ibfk_3` FOREIGN KEY (`status_id`) REFERENCES `friendship_statuses` (`id`)
) ENGINE=InnoDB DEFAULT CHARSET=utf8 COLLATE=utf8_unicode_ci;

INSERT INTO `friendship` VALUES ('1','1','1','1991-06-26 07:42:48','1986-10-21 13:18:22'),
('2','2','2','2008-07-23 05:07:25','2011-08-05 21:28:27'),
('3','3','3','1972-07-27 06:16:03','2002-12-24 07:44:13'),
('4','4','4','2014-05-08 06:03:52','1981-11-12 07:44:10'),
('5','5','5','1982-02-24 20:03:15','2008-03-01 04:14:47'),
('6','6','6','1997-12-02 11:08:29','1979-11-11 00:13:33'),
('7','7','7','1976-01-05 06:18:16','2003-02-23 14:42:21'),
('8','8','8','2007-11-21 22:06:41','1989-12-16 21:39:16'),
('9','9','9','1988-04-26 14:58:53','1975-07-14 20:41:13'),
('10','10','10','2002-03-26 23:12:40','1984-09-02 19:23:44'),
('11','11','11','1972-12-27 00:09:01','2004-03-17 13:52:55'),
('12','12','12','2016-08-20 07:51:10','2007-03-02 05:51:24'),
('13','13','13','1994-01-02 04:17:33','1979-03-15 16:30:43'),
('14','14','14','1982-08-12 16:10:44','2018-05-20 18:41:19'),
('15','15','15','2014-04-26 00:32:57','2008-01-16 02:32:46'),
('16','16','16','1986-03-26 08:03:30','2019-02-05 08:24:35'),
('17','17','17','1991-02-06 03:44:08','2008-07-17 17:13:45'),
('18','18','18','1989-01-26 03:44:22','2018-05-23 13:58:55'),
('19','19','19','1978-08-09 22:44:46','1971-08-23 03:02:53'),
('20','20','20','1982-04-29 21:42:30','2006-08-24 16:59:33'),
('21','21','21','1993-10-14 04:52:10','2010-10-02 23:29:05'),
('22','22','22','1992-01-22 00:35:14','1970-05-03 13:17:56'),
('23','23','23','1988-10-26 23:24:15','2004-01-30 12:37:15'),
('24','24','24','2010-06-23 23:39:46','1995-05-15 12:01:57'),
('25','25','25','2015-08-30 00:19:34','1989-05-12 22:50:02'),
('26','26','26','1984-08-25 07:07:06','1999-01-20 13:32:42'),
('27','27','27','1974-05-26 10:23:49','1989-05-31 23:06:19'),
('28','28','28','1987-11-27 04:59:08','1985-08-28 14:40:21'),
('29','29','29','1997-06-23 21:06:26','1986-11-15 20:36:07'),
('30','30','30','1970-04-03 01:01:01','2017-06-20 14:56:42'),
('31','31','31','1976-07-13 12:56:05','2016-07-01 19:27:29'),
('32','32','32','1992-01-04 13:25:03','1970-05-05 19:48:35'),
('33','33','33','1992-09-11 01:18:02','1991-03-05 04:55:41'),
('34','34','34','1997-08-27 03:00:34','2002-05-20 21:41:49'),
('35','35','35','1995-07-26 09:47:38','1991-05-19 09:13:32'),
('36','36','36','2001-03-06 15:29:35','2019-01-24 18:05:12'),
('37','37','37','2012-09-26 01:42:32','2003-08-22 22:55:38'),
('38','38','38','1986-03-04 00:02:38','2005-12-12 00:23:13'),
('39','39','39','2008-01-19 07:29:04','1982-02-20 06:09:16'),
('40','40','40','1991-07-21 19:37:23','1992-11-30 01:11:49'),
('41','41','41','1998-10-20 14:41:17','1976-02-13 23:06:46'),
('42','42','42','1976-08-02 17:12:15','2017-12-23 15:27:30'),
('43','43','43','1972-07-11 04:05:48','2014-05-15 17:16:52'),
('44','44','44','1990-02-21 05:03:54','2007-11-12 04:20:27'),
('45','45','45','2016-04-19 22:13:30','1998-07-19 03:40:34'),
('46','46','46','2002-09-19 21:04:25','2005-07-14 12:26:47'),
('47','47','47','1970-12-14 12:24:03','2012-05-20 08:58:37'),
('48','48','48','1980-06-28 07:33:54','2000-09-03 09:35:08'),
('49','49','49','2011-12-20 08:02:05','2002-10-19 10:06:02'),
('50','50','50','2004-11-07 19:11:10','1998-08-09 11:36:43'),
('51','51','51','1981-04-18 12:08:31','2015-01-27 07:18:29'),
('52','52','52','2000-10-03 00:04:24','1978-07-20 18:57:32'),
('53','53','53','2018-02-28 00:46:35','2016-11-02 15:41:35'),
('54','54','54','2006-08-05 23:33:34','1985-02-06 12:51:44'),
('55','55','55','2012-01-08 18:55:05','1975-10-07 14:40:27'),
('56','56','56','1986-02-26 01:37:24','1970-06-20 12:03:13'),
('57','57','57','1987-04-03 12:44:18','1982-10-07 14:35:22'),
('58','58','58','1981-06-02 23:10:24','1998-08-18 00:31:08'),
('59','59','59','1985-12-08 10:29:03','1975-01-08 16:47:19'),
('60','60','60','2018-02-08 23:43:24','1983-10-19 22:28:55'),
('61','61','61','1979-07-19 08:42:42','2005-05-28 16:12:02'),
('62','62','62','2009-10-24 06:19:03','1984-07-16 16:44:02'),
('63','63','63','1970-04-20 02:46:31','1970-08-03 12:10:43'),
('64','64','64','1973-05-30 12:52:43','2013-04-04 06:30:12'),
('65','65','65','2003-05-04 10:33:01','1971-12-10 06:29:08'),
('66','66','66','2008-06-23 13:26:47','1996-04-27 12:06:09'),
('67','67','67','1975-10-27 03:54:52','1971-09-28 22:56:31'),
('68','68','68','2013-12-29 11:49:22','1981-11-25 13:02:13'),
('69','69','69','1999-01-29 00:32:30','1973-01-27 20:15:21'),
('70','70','70','1995-11-23 16:43:43','2013-01-29 13:42:26'),
('71','71','71','2010-11-02 10:00:56','2012-05-21 00:39:36'),
('72','72','72','1989-11-02 17:11:06','2007-09-15 00:28:04'),
('73','73','73','1994-05-03 19:53:25','1971-02-13 12:01:09'),
('74','74','74','1989-01-15 00:22:38','1988-07-19 21:57:09'),
('75','75','75','2007-08-04 03:50:01','2016-05-29 07:43:33'),
('76','76','76','1983-03-14 06:09:07','1981-03-27 15:30:49'),
('77','77','77','1973-11-19 09:29:21','1979-10-03 09:05:04'),
('78','78','78','1985-04-26 18:32:34','1993-12-17 10:17:19'),
('79','79','79','1988-08-28 03:04:34','1984-08-03 23:50:11'),
('80','80','80','1993-09-12 12:16:56','1995-04-07 13:00:08'),
('81','81','81','1987-04-12 15:53:21','1970-11-07 01:13:40'),
('82','82','82','1989-02-19 03:47:49','1976-06-14 03:32:39'),
('83','83','83','1987-05-20 18:03:01','2004-04-23 15:58:26'),
('84','84','84','1972-12-14 15:46:54','2019-02-18 11:08:23'),
('85','85','85','2004-09-09 20:59:23','2009-01-10 05:12:41'),
('86','86','86','1974-01-15 00:26:28','1997-02-11 06:10:53'),
('87','87','87','2000-04-08 18:20:00','1994-04-09 22:05:19'),
('88','88','88','2011-02-22 16:23:09','2016-07-16 12:53:22'),
('89','89','89','1971-11-24 19:44:07','2017-07-09 19:24:25'),
('90','90','90','1979-06-18 05:00:52','1988-02-07 02:03:38'),
('91','91','91','2006-04-25 17:25:05','1972-10-10 11:43:56'),
('92','92','92','1983-09-06 15:25:19','1985-03-25 05:22:56'),
('93','93','93','1977-10-15 13:43:14','1999-09-27 16:28:05'),
('94','94','94','2005-08-02 13:48:41','1995-12-22 04:27:36'),
('95','95','95','1989-12-23 16:38:13','1998-01-14 08:10:55'),
('96','96','96','1972-12-09 01:50:09','1986-11-26 20:58:19'),
('97','97','97','2014-06-23 05:30:22','2003-02-05 11:36:58'),
('98','98','98','1970-02-28 08:18:11','1994-07-10 09:54:28'),
('99','99','99','2002-08-12 19:44:24','1981-07-13 23:46:35'),
('100','100','100','2008-03-30 13:37:14','1983-08-15 02:02:10'); 


DROP TABLE IF EXISTS `friendship_statuses`;
CREATE TABLE `friendship_statuses` (
  `id` int(10) unsigned NOT NULL AUTO_INCREMENT,
  `name` varchar(150) COLLATE utf8_unicode_ci NOT NULL,
  `created_at` timestamp NOT NULL DEFAULT current_timestamp() ON UPDATE current_timestamp(),
  `updated_at` timestamp NOT NULL DEFAULT current_timestamp(),
  PRIMARY KEY (`id`),
  UNIQUE KEY `name` (`name`)
) ENGINE=InnoDB AUTO_INCREMENT=101 DEFAULT CHARSET=utf8 COLLATE=utf8_unicode_ci;

INSERT INTO `friendship_statuses` VALUES ('1','mollitia','1990-10-29 11:35:24','1978-11-03 17:36:14'),
('2','accusantium','1984-01-09 07:31:42','2003-10-25 11:28:08'),
('3','reprehenderit','2012-12-10 03:03:09','2010-07-06 07:31:00'),
('4','ut','1994-11-22 16:05:22','2017-05-28 21:36:17'),
('5','omnis','2000-08-21 04:12:26','2010-10-11 02:17:57'),
('6','fugit','2010-03-31 00:48:40','1970-10-01 07:17:55'),
('7','assumenda','2012-08-04 19:24:17','1985-07-15 16:38:25'),
('8','laudantium','1973-04-15 16:18:25','2019-04-26 03:54:03'),
('9','eum','2013-09-16 17:44:36','2000-03-16 18:07:02'),
('10','cum','1980-08-31 12:23:50','1990-06-19 18:38:15'),
('11','rem','1972-11-02 19:08:28','1987-12-22 21:15:25'),
('12','id','1983-01-30 09:38:27','2019-05-03 23:16:01'),
('13','quisquam','2009-05-08 07:23:43','1974-12-13 01:47:55'),
('14','quia','2016-09-11 10:26:20','1970-01-25 18:26:27'),
('15','quas','2005-06-17 04:32:30','2019-08-29 22:07:46'),
('16','itaque','1999-08-31 05:49:39','1998-06-04 00:09:17'),
('17','esse','2011-12-10 13:59:12','1984-11-06 07:23:13'),
('18','porro','1993-07-08 16:13:19','1989-12-24 21:32:26'),
('19','libero','1987-06-16 17:25:25','2001-04-15 07:10:52'),
('20','similique','2003-05-24 18:12:22','2010-05-10 15:21:22'),
('21','officiis','1975-03-30 11:56:06','1990-11-26 21:22:06'),
('22','dolor','1995-03-23 00:08:40','2000-06-13 11:29:14'),
('23','fuga','1982-05-01 03:56:45','1996-05-24 09:56:42'),
('24','perferendis','1987-02-08 17:50:55','1973-06-18 20:45:20'),
('25','optio','1974-01-31 15:50:56','1985-04-08 06:32:31'),
('26','nam','1993-12-03 22:53:54','1993-07-04 10:46:25'),
('27','quidem','1982-08-06 16:35:57','1982-01-26 08:27:37'),
('28','tempora','2008-03-01 16:02:37','1994-03-27 00:14:05'),
('29','tenetur','2004-10-31 05:59:24','2017-10-28 19:04:35'),
('30','est','2019-05-20 12:14:32','2000-10-14 12:42:21'),
('31','at','2002-08-01 22:30:07','1976-07-20 13:40:22'),
('32','voluptatum','1999-06-23 05:02:25','2003-03-23 09:38:47'),
('33','quam','1988-01-12 00:22:38','1989-09-29 20:58:05'),
('34','non','1993-07-15 16:03:52','1970-08-04 17:29:12'),
('35','adipisci','1995-05-06 05:40:34','1970-02-03 02:20:41'),
('36','nesciunt','2010-08-06 10:51:03','2007-11-28 07:32:06'),
('37','eos','1978-10-20 22:50:02','1994-12-27 22:00:43'),
('38','et','1997-07-01 11:20:53','2006-02-09 18:47:39'),
('39','aut','1979-07-26 00:58:35','1985-09-05 13:13:51'),
('40','corrupti','2004-02-27 03:49:05','1977-07-03 22:10:35'),
('41','perspiciatis','1975-01-31 23:17:06','1995-01-01 08:07:08'),
('42','ducimus','1980-12-10 06:28:04','2005-05-05 01:53:56'),
('43','quis','1979-05-14 06:36:37','1992-09-06 22:42:59'),
('44','ipsam','1976-11-23 16:58:17','2004-07-22 10:01:47'),
('45','facere','1996-02-20 09:52:04','1994-08-05 20:21:12'),
('46','laboriosam','1975-08-05 11:59:11','2014-09-22 06:28:10'),
('47','magnam','1985-06-02 05:55:09','1998-09-26 23:47:40'),
('48','occaecati','2004-07-18 03:25:53','2000-11-11 19:44:02'),
('49','veniam','1974-11-16 01:14:08','1975-04-13 10:01:52'),
('50','soluta','1985-09-24 23:15:44','2009-01-10 17:47:30'),
('51','blanditiis','1974-07-19 20:25:53','2005-07-02 13:11:49'),
('52','nemo','2019-01-20 11:46:32','1977-11-06 16:57:40'),
('53','fugiat','1972-02-29 16:19:44','2004-11-15 14:41:28'),
('54','eveniet','1988-10-10 02:32:31','2009-11-20 18:45:30'),
('55','consequuntur','1976-04-02 05:31:15','1993-10-10 09:08:47'),
('56','atque','1976-05-01 19:34:55','2011-01-13 03:51:52'),
('57','repellendus','2018-06-16 10:36:53','1975-10-12 10:28:43'),
('58','temporibus','1988-05-20 12:20:22','2013-12-19 08:31:18'),
('59','ullam','2003-08-10 06:14:24','2005-01-18 21:44:48'),
('60','vel','1994-05-10 23:30:14','1992-10-05 23:53:18'),
('61','tempore','1987-01-24 22:42:48','1982-11-20 11:33:45'),
('62','vitae','2011-05-18 06:26:39','1995-07-28 16:27:25'),
('63','iusto','1985-12-30 08:56:26','1974-09-22 12:07:26'),
('64','molestiae','1997-09-09 16:44:33','2012-05-23 08:07:47'),
('65','eaque','2007-08-25 00:44:31','1970-06-15 17:14:59'),
('66','velit','2001-10-09 23:12:30','1980-08-28 06:32:40'),
('67','qui','1997-04-25 12:05:33','2007-08-02 22:31:11'),
('68','totam','2013-06-22 19:38:16','2016-03-04 20:16:05'),
('69','animi','2007-01-14 14:15:08','1972-05-01 05:07:00'),
('70','ad','2010-10-23 22:38:35','1989-10-18 19:02:18'),
('71','labore','1972-08-07 20:37:03','2008-07-28 04:36:23'),
('72','nisi','2009-01-28 07:55:56','2002-07-29 22:18:13'),
('73','harum','1997-05-09 11:36:01','2013-06-17 13:05:36'),
('74','commodi','1990-01-30 09:29:22','2012-12-21 04:55:56'),
('75','sit','1991-01-25 16:45:00','1999-09-19 16:42:42'),
('76','consequatur','1983-10-03 20:39:07','1981-11-22 14:43:02'),
('77','praesentium','1972-11-08 10:34:15','2011-12-06 22:43:10'),
('78','maxime','1992-01-06 00:13:38','1997-04-07 14:14:43'),
('79','repudiandae','1995-04-21 03:26:33','2005-10-14 07:33:41'),
('80','earum','2017-10-14 17:09:43','2017-06-26 03:38:27'),
('81','deserunt','1989-03-15 17:36:47','2006-08-23 15:57:03'),
('82','repellat','2018-11-25 19:30:29','2017-02-25 16:10:31'),
('83','dolorum','1983-05-29 08:53:38','2012-07-14 23:53:48'),
('84','neque','2006-01-10 05:25:38','1999-12-05 17:07:12'),
('85','voluptas','1988-11-28 20:47:26','2009-07-14 10:33:18'),
('86','minima','1995-05-06 09:27:39','2005-04-08 16:22:00'),
('87','accusamus','2016-11-03 12:16:21','1970-06-21 04:10:01'),
('88','dicta','1989-04-18 03:10:55','1983-06-03 19:17:24'),
('89','nostrum','1971-02-06 08:43:40','1978-02-21 19:10:13'),
('90','sint','1970-02-12 23:59:16','1990-07-28 09:56:21'),
('91','necessitatibus','2016-03-03 00:05:50','1977-04-25 04:32:43'),
('92','dolorem','1973-11-10 00:32:15','1973-11-22 07:48:38'),
('93','enim','1983-06-15 09:23:26','1990-04-01 08:17:55'),
('94','eligendi','1978-07-27 05:23:30','2016-05-24 18:29:37'),
('95','iure','1976-01-02 21:27:11','1994-07-20 10:29:08'),
('96','iste','1997-11-15 09:18:28','1992-05-20 04:51:35'),
('97','explicabo','1979-09-30 13:10:35','2008-02-03 19:48:59'),
('98','odio','2003-05-11 04:08:21','1993-04-27 22:56:08'),
('99','error','1982-11-25 04:03:14','2014-03-30 11:51:00'),
('100','amet','2006-03-10 12:50:21','2018-10-07 01:41:42'); 


DROP TABLE IF EXISTS `likes`;
CREATE TABLE `likes` (
  `object_id` int(10) unsigned NOT NULL,
  `object_type_id` int(10) unsigned NOT NULL,
  `user_id` int(10) unsigned NOT NULL,
  `value` int(11) DEFAULT NULL,
  PRIMARY KEY (`object_id`,`object_type_id`,`user_id`),
  KEY `user_id` (`user_id`),
  KEY `object_type_id` (`object_type_id`),
  CONSTRAINT `likes_ibfk_1` FOREIGN KEY (`user_id`) REFERENCES `users` (`id`),
  CONSTRAINT `likes_ibfk_2` FOREIGN KEY (`object_type_id`) REFERENCES `object_type` (`id`)
) ENGINE=InnoDB DEFAULT CHARSET=utf8 COLLATE=utf8_unicode_ci;

INSERT INTO `likes` VALUES ('1','1','1','3'),
('2','2','2','6'),
('3','3','3','5'),
('4','4','4','4'),
('5','5','5','0'),
('6','6','6','1'),
('7','7','7','2'),
('8','8','8','0'),
('9','9','9','3'),
('10','10','10','3'),
('11','11','11','0'),
('12','12','12','6'),
('13','13','13','7'),
('14','14','14','2'),
('15','15','15','2'),
('16','16','16','1'),
('17','17','17','1'),
('18','18','18','9'),
('19','19','19','4'),
('20','20','20','6'),
('21','21','21','7'),
('22','22','22','4'),
('23','23','23','2'),
('24','24','24','7'),
('25','25','25','6'),
('26','26','26','8'),
('27','27','27','0'),
('28','28','28','3'),
('29','29','29','9'),
('30','30','30','7'),
('31','31','31','9'),
('32','32','32','5'),
('33','33','33','6'),
('34','34','34','6'),
('35','35','35','6'),
('36','36','36','5'),
('37','37','37','6'),
('38','38','38','7'),
('39','39','39','0'),
('40','40','40','5'),
('41','41','41','3'),
('42','42','42','6'),
('43','43','43','6'),
('44','44','44','6'),
('45','45','45','6'),
('46','46','46','7'),
('47','47','47','4'),
('48','48','48','7'),
('49','49','49','9'),
('50','50','50','3'),
('51','51','51','0'),
('52','52','52','0'),
('53','53','53','9'),
('54','54','54','4'),
('55','55','55','6'),
('56','56','56','0'),
('57','57','57','2'),
('58','58','58','7'),
('59','59','59','1'),
('60','60','60','4'),
('61','61','61','4'),
('62','62','62','9'),
('63','63','63','9'),
('64','64','64','9'),
('65','65','65','7'),
('66','66','66','2'),
('67','67','67','8'),
('68','68','68','8'),
('69','69','69','0'),
('70','70','70','7'),
('71','71','71','8'),
('72','72','72','9'),
('73','73','73','7'),
('74','74','74','3'),
('75','75','75','2'),
('76','76','76','9'),
('77','77','77','2'),
('78','78','78','0'),
('79','79','79','0'),
('80','80','80','4'),
('81','81','81','0'),
('82','82','82','5'),
('83','83','83','0'),
('84','84','84','4'),
('85','85','85','5'),
('86','86','86','9'),
('87','87','87','1'),
('88','88','88','6'),
('89','89','89','2'),
('90','90','90','9'),
('91','91','91','6'),
('92','92','92','4'),
('93','93','93','3'),
('94','94','94','7'),
('95','95','95','5'),
('96','96','96','3'),
('97','97','97','0'),
('98','98','98','1'),
('99','99','99','1'),
('100','100','100','4'); 


DROP TABLE IF EXISTS `media`;
CREATE TABLE `media` (
  `id` int(10) unsigned NOT NULL AUTO_INCREMENT,
  `media_type_id` int(10) unsigned NOT NULL,
  `user_id` int(10) unsigned NOT NULL,
  `filename` varchar(255) COLLATE utf8_unicode_ci NOT NULL,
  `size` int(11) NOT NULL,
  `metadata` longtext CHARACTER SET utf8mb4 COLLATE utf8mb4_bin DEFAULT NULL,
  `created_at` timestamp NOT NULL DEFAULT current_timestamp() ON UPDATE current_timestamp(),
  `updated_at` timestamp NOT NULL DEFAULT current_timestamp(),
  PRIMARY KEY (`id`),
  KEY `user_id` (`user_id`),
  KEY `media_type_id` (`media_type_id`),
  CONSTRAINT `media_ibfk_1` FOREIGN KEY (`user_id`) REFERENCES `users` (`id`),
  CONSTRAINT `media_ibfk_2` FOREIGN KEY (`media_type_id`) REFERENCES `media_types` (`id`)
) ENGINE=InnoDB AUTO_INCREMENT=101 DEFAULT CHARSET=utf8 COLLATE=utf8_unicode_ci;

INSERT INTO `media` VALUES ('1','1','1','/e77a65fda5d405f9413688f9d635f777.jpg','270248','Fugiat nulla minima molestiae sunt. Molestiae et dolores quia dolor reiciendis enim voluptatem. Laboriosam maxime impedit autem non eaque. Quos ut tempore ratione ea.','1992-02-14 20:06:41','2004-09-23 14:12:31'),
('2','2','2','/00be0fcfd50a4ba13bbb4d57a3599195.jpg','943808','Voluptas laboriosam libero commodi id eos consectetur. Magnam quod harum et aut. Illo et minima totam mollitia aut dicta rerum. Ea expedita aut modi reprehenderit ex ipsa ratione.','1993-11-22 18:19:55','2005-04-30 09:35:07'),
('3','3','3','/4b2d6e8ec47e0060eea29f3fa3a39f15.jpg','9','Iusto blanditiis aspernatur et at dolorem et. Aut in reiciendis eveniet perspiciatis. Esse ducimus aliquam illum cumque. Ut velit rerum quaerat consequatur aperiam minus blanditiis.','2001-12-16 22:10:39','1985-02-28 21:34:14'),
('4','4','4','/7053713c68d2e0669a4ab886e2cb8183.jpg','71898053','Rerum eos ullam et rerum. Inventore quo inventore facere voluptatibus totam. Sit laboriosam ipsum quia possimus iste nam. Quibusdam consequatur dolorem placeat delectus natus eos.','1975-05-07 02:00:19','1971-06-01 03:23:09'),
('5','5','5','/efc55b26de8098ec5e92dbb0633f455e.jpg','392768003','Velit eos in ad quisquam repellat voluptatem. Facere quis expedita commodi omnis ut sit non.','1997-11-04 15:01:06','2004-03-08 06:03:08'),
('6','6','6','/abadc6f21188da98630fda5e91f2e4ce.jpg','3082','Qui provident laborum exercitationem consequatur. Earum unde voluptates officiis rerum doloribus magnam est. Voluptate voluptatem dolor qui minima quis unde. Autem numquam unde ea.','1988-02-03 12:00:47','1979-05-22 23:17:36'),
('7','7','7','/ffc7534ceec93ef71b0b0a52e372281b.jpg','50285371','Voluptates voluptatibus non aut eligendi est praesentium. Error officia ex quo perspiciatis laborum repellendus. Dolor at vel accusamus at pariatur molestiae asperiores.','1974-08-30 21:27:27','1994-08-25 03:28:09'),
('8','8','8','/3310e09b3f320fad6d1252ac3c6267c4.jpg','0','Quia et vitae incidunt eos officiis eos. Enim qui nulla enim possimus. Rerum occaecati dolores natus mollitia delectus amet. Eveniet eaque id in odio ex consequatur dolores assumenda.','1970-01-21 15:18:03','1991-09-23 16:17:30'),
('9','9','9','/07b314e0a4adbfa6da0c846b81d6a182.jpg','339667','Magnam velit nulla minima quaerat quia repudiandae. Animi itaque cum aut adipisci suscipit placeat. Sed totam eos sed rerum aut in rerum quia.','1987-07-22 17:32:40','2011-10-28 13:51:58'),
('10','10','10','/d3bab033f23acc530f0237b427bfdaaf.jpg','4772','Reiciendis animi repellendus assumenda. Ex ut doloribus quia exercitationem facilis eos. Et ipsa non neque quam totam excepturi omnis. Officia ut accusantium fugit officiis rerum optio eaque.','2012-11-02 23:27:51','1993-09-09 14:14:42'),
('11','11','11','/a254a0f575f9f5c6e04a8e3aaea5edf6.jpg','9','Non cupiditate praesentium maxime. Rerum hic reprehenderit pariatur sint. Animi nobis ipsum quis voluptatem asperiores. Non optio ut ut iure est.','1971-10-02 00:28:27','1995-10-10 13:13:47'),
('12','12','12','/18f2c6e063af829eeee537331030e01c.jpg','301751','Et aut rerum at et praesentium occaecati. Quia et unde fuga odit. Possimus est quo eaque explicabo.','1978-10-24 05:35:27','1981-12-15 21:56:04'),
('13','13','13','/566ed69803424512a25203a03cde17fe.jpg','842630','Corporis rem minima unde esse esse corporis. Laboriosam ad dolor possimus explicabo. Fuga sit in error aut voluptatum aut quaerat. Eligendi exercitationem dolorem tempore et.','2004-12-16 15:47:45','1978-09-14 17:26:33'),
('14','14','14','/33766effca2a765a765970f37873c5c4.jpg','69431303','Suscipit ea eum autem eligendi consequatur. Et aliquam itaque dignissimos sint qui est. Vero modi sit praesentium fugiat.','2003-12-16 03:45:34','2003-01-21 03:14:07'),
('15','15','15','/8f7f2c41bca19cb5544e9ce3e2011db5.jpg','99','Aut vero aliquam voluptate eaque vel. Et impedit temporibus est illum consectetur dolores. Maiores quos eligendi est temporibus reprehenderit veniam. Inventore suscipit et eum.','1980-09-25 17:28:50','1974-05-05 23:15:35'),
('16','16','16','/712fcb7ea455529a63114d63e64896d1.jpg','0','Quia impedit facilis et quisquam ducimus autem. Voluptatem amet consectetur et. Ipsam ipsam id qui quisquam natus omnis quas.','1997-07-26 04:39:08','2001-12-20 04:34:38'),
('17','17','17','/0b5e9b1c7f908cbcf4ba1d34861a7342.jpg','547996934','Adipisci et omnis asperiores qui eum architecto. Natus sunt deleniti consequatur iusto nulla. Distinctio et repellendus reprehenderit tenetur quia.','1972-01-23 14:17:09','2000-06-12 21:04:51'),
('18','18','18','/6de36884cec66cf7351c0b081a8e92ac.jpg','474198','Consequuntur et ipsam optio et. Molestiae sequi placeat ut nihil at.\nRecusandae et vitae doloremque rerum labore itaque ad. Veniam totam quas assumenda est sit ex voluptas quod.','1986-05-14 04:36:50','1971-10-17 23:38:17'),
('19','19','19','/ad30675fd7e55a1b5a06b847363fe9c7.jpg','5','Fuga voluptatem et voluptas consequatur aspernatur. Quidem repellat ullam deserunt facere omnis molestiae. Itaque hic enim blanditiis suscipit.','2009-10-29 11:28:27','1996-01-18 00:30:24'),
('20','20','20','/0bfc77a95eec001c12e2777b2424c41e.jpg','4467775','Dolorum rerum doloribus dolorum facilis ipsum et. Non cum non aut. Rerum ut qui non aut.','2016-10-04 02:01:07','2015-09-19 12:23:01'),
('21','21','21','/c23438176073e5208366f0c8435a6e0e.jpg','43382','Necessitatibus dicta fugit unde magnam pariatur veritatis quae saepe. Molestias sit vel voluptatem eos pariatur. Rerum excepturi amet qui distinctio repudiandae quae.','2011-11-11 07:05:47','1976-12-26 05:49:30'),
('22','22','22','/79fb2fd88876033dce2dcc20165dc43c.jpg','970','Sapiente dolores neque voluptate sunt architecto iste dolores. Amet ab voluptas mollitia modi magnam animi molestiae. Sed quis vel deserunt esse est magni quas.','2013-12-19 08:20:03','1998-02-08 21:34:11'),
('23','23','23','/0a8f1eb1f9dfd6e0236bbfbab1242609.jpg','7063','Sequi et occaecati et vel repudiandae. Sapiente et impedit rerum necessitatibus. Esse quia architecto a.','2011-06-20 03:26:37','1982-06-04 06:32:08'),
('24','24','24','/5fe332db07605ad55ee7c0ff2ec87190.jpg','2423007','Doloremque et iusto voluptate iste. Porro sunt aut qui aut culpa quos totam ipsam. A aut fuga eius magni iste sunt est. Vitae et qui aspernatur nihil fugiat. Enim asperiores doloremque ullam.','1991-10-12 18:42:38','1991-10-20 09:16:07'),
('25','25','25','/b63d0e888f9e495740c8b7994dc9463a.jpg','64','Accusamus voluptas ut totam dicta facere aut. Enim eveniet cumque qui numquam qui. Et repudiandae voluptatum incidunt assumenda.','1988-06-01 06:26:41','1988-03-26 21:50:15'),
('26','26','26','/0d329b117fc45f85b645a635c6be7fca.jpg','47092221','Dolores eos doloribus nesciunt. Aspernatur ipsam doloribus fugit dolorum impedit. Iste id consectetur voluptatibus facilis officia autem. Et unde deserunt provident velit natus distinctio.','1977-06-27 13:02:28','2015-12-05 17:07:46'),
('27','27','27','/81b3d66075969024ada6269731ac7721.jpg','1791','Quam possimus architecto tempore eos impedit voluptates officia voluptas. Sed esse minus dolorem veniam id.','2012-03-16 09:50:28','2013-04-08 00:31:48'),
('28','28','28','/e20d3974f34997681eb8e10325dcb0ad.jpg','904242','Consectetur aut voluptas saepe modi ducimus. Quo a repellendus dolor eos voluptas. Voluptas quidem est odio voluptatem enim harum voluptate quis. In quo maiores quisquam.','1976-07-29 07:34:19','1973-03-22 07:55:30'),
('29','29','29','/dbf7e70626fe725425a85cb2b427f64a.jpg','2','Eaque tempore veritatis molestiae qui itaque in. Numquam labore aperiam aut accusantium asperiores non aspernatur. Tenetur expedita aliquid dolorem dolore esse incidunt similique officiis.','2010-03-11 08:02:52','2016-11-02 11:09:58'),
('30','30','30','/11f7697e527ca64cbe25802e474c3b67.jpg','705676','Placeat quis sequi ea ea. Suscipit quo est consequatur quam. Reiciendis illum quos autem aut quis vel amet.','2007-01-29 17:46:05','1990-07-22 14:09:39'),
('31','31','31','/d88e43713b31e6fee1a8ed702e4a42ad.jpg','6','Animi nesciunt sapiente inventore iste quidem iusto. Sunt voluptatum eos quis et dolores quis sed. Reiciendis perferendis sed quae recusandae dolorem amet.','1993-03-30 09:42:21','2002-12-02 02:01:34'),
('32','32','32','/250b660c5de8f58d886823285f661a68.jpg','4965','Voluptate repellendus et iusto harum saepe quas et. Aut nostrum est voluptatem quisquam qui. Beatae provident error hic consequatur.','1980-09-04 06:53:35','2018-11-11 02:04:41'),
('33','33','33','/4a9c4282b9fa6e7b6f581dc9e6f940ef.jpg','69201','Possimus incidunt culpa voluptatem. Aut et perspiciatis ad consequatur modi optio. Est commodi sit et est. Et quia totam nobis sit suscipit eius voluptatibus quod.','1993-10-05 19:21:51','2010-06-24 01:45:00'),
('34','34','34','/96f066b023706fe17de987cc14d7e4b3.jpg','98','Quas fugiat dolore maxime voluptas quam dignissimos quidem ea. Expedita nisi eos sunt maiores cupiditate neque voluptatem. Sed vitae itaque ut alias aut ab alias.','1986-12-22 19:12:42','2002-01-11 03:14:07'),
('35','35','35','/3aa4ebf289e8a9a06de804f9de6ce400.jpg','0','Aspernatur dolores ducimus itaque exercitationem iure porro. Eos expedita incidunt non voluptatibus. Est praesentium similique cum ipsum consequuntur atque.','2012-03-29 01:15:10','1995-02-19 21:54:15'),
('36','36','36','/834ade27ec2563e0425313a2b8a23f64.jpg','9','Quod distinctio expedita temporibus voluptatem sunt maxime in veniam. Pariatur ut sed reiciendis officiis cupiditate nesciunt inventore. Sequi cum quo ut sit repellat asperiores.','1987-03-20 10:48:00','1993-05-31 14:16:48'),
('37','37','37','/d7aae779a0642b664d07dd3cfc5a7a77.jpg','20908542','Asperiores reiciendis iste quo vitae necessitatibus. Et amet reiciendis vitae voluptate est temporibus consequatur. Eos quia dolorem et et.','1981-09-08 23:04:51','2013-11-29 15:15:28'),
('38','38','38','/86f3231a6a2a8db5f041f1d922942038.jpg','711197','Sint et dignissimos sed aut. Quia repudiandae consequatur temporibus at libero praesentium voluptatem. Facere et incidunt delectus occaecati sequi quo quaerat qui.','1977-06-20 02:44:59','2017-01-08 15:40:46'),
('39','39','39','/9960073a06bd47e17172340d79a37578.jpg','84963','Eveniet et id dolore consequatur blanditiis perspiciatis consequatur. Quo dolorem et aut et et non.','2004-06-28 17:03:42','1984-03-06 08:05:01'),
('40','40','40','/cd343e4aba4b53f599d6509bc8ac7169.jpg','13145','Maxime quos repellat dolores voluptatum. Consequatur ipsa unde similique numquam odit vitae et. Dolorem quae fuga perferendis sit ad.','1986-05-19 17:31:46','1976-09-21 00:16:15'),
('41','41','41','/edc4085e256cf94b3b356481453abf9f.jpg','997922493','Repellat est rerum cupiditate laboriosam. Aut laborum quia deleniti voluptas fugiat voluptates sed. Doloremque necessitatibus harum provident odio.','1993-01-30 10:23:01','1972-07-29 18:00:52'),
('42','42','42','/ec4826da8b63d8a3215effe22074ca7c.jpg','4519493','Corrupti autem et atque pariatur. Occaecati quis quam nihil incidunt laboriosam eius doloribus. Optio voluptatem magnam sunt quos ut.','2009-01-25 11:27:30','1983-03-29 09:08:40'),
('43','43','43','/d9a7d208a9fa13d4fff3a8617c8457bc.jpg','32','Ex ut quam ex est. Laborum quia saepe tenetur. Assumenda laboriosam autem ratione eius. Ducimus pariatur nemo omnis quis.','2017-06-07 17:03:37','2010-02-28 21:36:09'),
('44','44','44','/25c2b639a244d21f6750dea2d7e2199e.jpg','69','Tempore fugit quaerat vitae veritatis culpa. Omnis voluptates voluptates deleniti iure aperiam unde. Doloribus dolor quo incidunt praesentium consequuntur.','1988-12-09 01:32:37','2019-08-07 11:53:18'),
('45','45','45','/d6661687318be2ca9e4477d960ae62d9.jpg','2361','Et sit ipsa illum nihil itaque qui. Sit modi provident voluptatem reiciendis veniam et. Officiis enim repudiandae saepe iusto non. Possimus tempore id qui harum voluptas debitis quia.','2003-04-21 13:04:42','2008-11-15 09:01:17'),
('46','46','46','/d1bfbaad51a96aaa6474337be529e8e2.jpg','315','Natus consectetur mollitia laboriosam aut. Animi fugit laboriosam repellat vero enim. Molestiae repellendus qui quos incidunt officia totam modi et.','1979-05-20 05:09:14','1970-12-10 01:12:44'),
('47','47','47','/95967591de8fa048fead333f4e768f1d.jpg','62348337','Commodi consequatur quaerat repellat nesciunt nisi est. Molestias repellat eos quaerat magni vero ullam. Et mollitia distinctio inventore enim vitae excepturi et.','2013-06-28 06:26:42','2002-04-17 15:43:02'),
('48','48','48','/0d5e00bc4393260549ba50de0cab4bc9.jpg','754930','Inventore quam illo tempora dolore qui non ab culpa. Laudantium velit omnis doloremque vero qui perspiciatis iusto. Ratione eum molestiae at nam.','2005-12-04 20:21:10','1992-02-16 06:50:20'),
('49','49','49','/2c1410e8c13f5c01a22c36bc373ded4f.jpg','0','Fugit doloremque voluptatem suscipit. Quia illo quisquam tenetur aut temporibus.\nRecusandae sit numquam ex dolorem. Placeat eveniet sint incidunt quas eos quibusdam. Laboriosam itaque quasi debitis.','2019-02-13 16:03:25','1986-01-18 22:43:18'),
('50','50','50','/7b58f5553186fe7e1b4adddf463dcbfd.jpg','2949944','Inventore neque saepe tempora. Nemo fuga doloribus rem sit explicabo nostrum. Aut quos amet quos esse. Saepe dolor officiis nostrum incidunt similique vel.','1988-12-06 03:27:51','1991-12-30 13:20:09'),
('51','51','51','/6be2e8b8eb9536ba1efc9a93ec90b489.jpg','0','Ut dolor tenetur possimus. Quae voluptatem eos vero animi consequatur dolorem sunt reiciendis. Enim qui quisquam voluptatem quia sed soluta ullam.','1995-12-25 17:31:45','2015-04-10 06:45:14'),
('52','52','52','/b5109786050478cbd0e3ac7c72cad02e.jpg','675','Eligendi iste voluptas dolorum minima. Et molestiae vero est sed molestiae in.','2016-02-23 07:38:57','1994-02-27 05:54:47'),
('53','53','53','/091bf9f248bdfeb17e25f6fc469912b3.jpg','4196841','Et et voluptates quo sed suscipit corrupti. Voluptatum quibusdam aut illum repellendus sit. Ipsam nesciunt asperiores dolor illum debitis et est. Voluptas id veritatis quibusdam.','1999-12-14 00:06:12','1989-10-31 01:44:08'),
('54','54','54','/fafc031c4e1a441dc51a559cca027946.jpg','0','Ut accusantium assumenda ab tenetur nemo soluta. Ad qui magni neque totam autem a. Ut repudiandae voluptatibus aliquid consequatur. Amet dolores sunt quam error ea pariatur soluta.','1980-07-04 06:31:18','2002-09-17 21:12:39'),
('55','55','55','/beff9193055261b50b5a7dd860a0fa93.jpg','0','Omnis sint nam cumque suscipit. Quos omnis est iusto exercitationem. Voluptatem rem debitis iste asperiores laudantium.','2000-12-13 03:58:15','1987-12-22 07:15:50'),
('56','56','56','/dac633fc34ed3b566b6b8568dd9ed703.jpg','60','Sit omnis molestias nesciunt quis sint. Ut est incidunt iste eveniet aliquid voluptatibus. Nam cupiditate et eum qui.','1974-03-21 05:22:49','1987-12-27 17:16:57'),
('57','57','57','/5f00093ce17ba1c9b0513f5b55d5c05a.jpg','9476607','Officia corporis asperiores unde quod dolorem sint cupiditate. Enim magnam at reiciendis quas doloremque officia. Quos soluta itaque voluptatibus earum sequi est.','2008-08-12 04:35:56','1975-05-14 14:19:35'),
('58','58','58','/e6510ef5c0fb5ae4c3ae2d5b85583ecd.jpg','20790','Quibusdam eius officiis ullam quia quia minima officia. Aut blanditiis harum molestiae. Voluptas quibusdam exercitationem facilis cum consequatur. Id ipsa corrupti maiores veniam possimus aspernatur.','1971-06-18 23:02:58','2009-10-28 08:48:59'),
('59','59','59','/152c08192f27256221ee7fcea92e4868.jpg','864341','Vel vel omnis nulla magnam atque quidem. Corrupti et vitae corporis sint voluptate et. Provident beatae aperiam autem voluptatem quis. Voluptas iusto error nesciunt sit.','1978-08-05 15:47:49','1997-12-03 07:40:55'),
('60','60','60','/b9946bc5766d708e83a1e8917300b60b.jpg','0','Sed adipisci beatae voluptatem quaerat iste. A consequatur recusandae quam consequuntur aut. Illo tempore mollitia ut reiciendis.','1998-07-11 01:29:00','1979-02-13 07:19:11'),
('61','61','61','/b7851532eda3a7af429058ae220856df.jpg','941079426','Dolor et omnis quisquam doloribus numquam sint asperiores. Cupiditate porro corporis eligendi quas a ipsam. Explicabo excepturi fuga neque est. Quidem sint ut ea temporibus qui et amet iusto.','1987-10-15 17:35:21','1979-01-15 10:28:48'),
('62','62','62','/064dea17ddfd1688ec960292313ca352.jpg','32','Vel commodi et nihil ex. Sunt vero est tempora ratione eius. Asperiores harum tempora earum ex aliquam maxime.','2005-04-27 08:50:35','1996-03-08 23:28:30'),
('63','63','63','/6d43ee199839736f87b7a7bfcf0133c3.jpg','90714','Occaecati qui sit aut facilis sapiente. Ab officiis quasi nemo et voluptatem ut omnis.','1977-03-14 06:12:20','2007-01-22 13:54:27'),
('64','64','64','/686c8cb7f5e9292e14371fbc0c889b74.jpg','0','Impedit dolor illum accusantium. Et vero molestias omnis consectetur nulla. Sunt cupiditate doloremque delectus eligendi dolore. Dignissimos rem velit et fugiat at.','1993-06-26 10:50:02','1970-05-04 14:37:20'),
('65','65','65','/91f424ebd500c51fbdaf30de738508c5.jpg','1082792','Ut id inventore vel vel itaque ex qui. Dolores nam veritatis architecto iusto. Quam similique perferendis porro magnam aut. Non perspiciatis et sequi repellendus cum et.','1987-01-23 13:46:47','1988-12-22 12:12:24'),
('66','66','66','/4930e2eac96a56a159c376cf4576565e.jpg','99728362','Eos rerum illum sed debitis. Et deserunt corporis omnis illum culpa deleniti. Aut quisquam consequatur sed inventore ratione sunt. Vel et adipisci et velit voluptatem sed ut.','1981-01-12 14:02:05','1978-11-23 03:34:12'),
('67','67','67','/caae6b76b49df8440e5b0b5ac670092f.jpg','16441587','Illum at veritatis quo magnam. Pariatur ut quaerat porro dolor rerum suscipit porro. Esse adipisci sapiente beatae voluptatum inventore.','1976-10-23 02:05:04','1970-08-06 13:05:03'),
('68','68','68','/fe20d86003dbbce1022afd85d0d48f46.jpg','138','Est sed perspiciatis voluptas quia voluptates. Optio eos ea tempora reprehenderit qui. Velit consequuntur praesentium qui. Excepturi impedit aspernatur exercitationem laboriosam natus iure non.','1993-05-02 14:45:09','1971-11-13 08:08:21'),
('69','69','69','/ee8b87058b34c9096d7bae07f5443463.jpg','855','Sit modi quia deleniti expedita qui et. Doloremque et quisquam dolor tenetur sed incidunt. Eos in quo ea ut sit doloremque. Molestias quaerat repudiandae consequatur doloremque dolores.','2008-11-10 18:33:55','2005-06-04 22:23:38'),
('70','70','70','/ecfb1c7cc6d077d7b81c8c6464b8abdd.jpg','0','Deserunt est harum sed est enim ipsa. Quo facilis odio veritatis quidem quae eum minima. Quis vero voluptates explicabo similique mollitia commodi laboriosam.','1974-07-31 00:14:09','2008-03-02 21:28:53'),
('71','71','71','/b488c5fd533f71b0e38adc17b91748d7.jpg','3158','Blanditiis fugit delectus quibusdam ipsum. Debitis numquam magni tempora voluptas autem eum et. Maxime deleniti voluptatibus cum in debitis quo hic dignissimos.','1988-09-21 09:31:15','1993-12-28 01:05:51'),
('72','72','72','/5265d533ecd663a93c4eb8797c00f608.jpg','83867','Itaque soluta quaerat sed. Magni iste expedita autem accusamus earum. Aut est dolor id amet ut.','1970-09-27 08:20:17','2009-06-19 15:12:03'),
('73','73','73','/85c04582e54f90ac9e342435dea2f778.jpg','4621','Voluptatum enim voluptas et. Iusto dolor voluptatem impedit recusandae nulla qui.','2006-10-07 16:08:35','1977-07-24 10:24:39'),
('74','74','74','/1c78840c0d073e69b60c9e0f46216d76.jpg','768665898','Ullam voluptatibus voluptate similique enim incidunt dignissimos. Provident nemo et qui animi sed odit minima. Sit voluptas non cupiditate.','2005-02-04 06:13:24','1993-11-04 01:17:33'),
('75','75','75','/9b278ec19462d0ca51e7ff9d9e115768.jpg','68247','Unde commodi quis id doloremque ut. Dolores hic et nostrum id enim. Accusantium aperiam aut omnis perspiciatis tempore velit.','2017-08-13 15:44:48','1974-01-11 06:50:25'),
('76','76','76','/08b8630b460bcbd99a3d7d19a202e713.jpg','782','Molestiae quae enim velit quisquam. Praesentium est cupiditate cum ad dolor maiores eaque et. Ut magni sit sunt aut.','1987-07-02 10:16:16','1996-10-05 04:29:22'),
('77','77','77','/9290e8d4c60a03200ef9facd28488687.jpg','8504717','Praesentium minima maxime culpa labore necessitatibus voluptas. Consequatur nam laudantium consequatur dolor.','1996-07-08 10:04:05','2000-03-05 21:26:06'),
('78','78','78','/2f7e40125fd5a9d9daa583be2ccb951f.jpg','14048548','Dolorem quia laboriosam sint placeat aut. Doloremque esse at optio dignissimos officiis. Officiis non perferendis totam fugit qui. Rerum suscipit quasi incidunt dolore quae totam.','2000-06-12 17:01:16','1999-05-05 17:29:19'),
('79','79','79','/e75619ee7a31f4ab4248fa1e1f1b0a66.jpg','3809142','Fugiat optio iste qui necessitatibus officia fugit. Praesentium vel quia autem earum consequatur provident sequi. Ea inventore quia voluptates adipisci impedit tempore.','1971-04-26 02:23:49','1984-04-14 19:11:37'),
('80','80','80','/d31e962aad0f7bb97d9f515cedcaca5b.jpg','173133','Laudantium alias autem et dolores provident est. Consequatur ea ullam qui saepe aut incidunt numquam. Ipsum explicabo earum ipsa nobis.','2012-03-11 18:10:05','1999-06-03 09:55:04'),
('81','81','81','/434014f247507ab940a78e56fb4cf900.jpg','629246803','Eos at soluta facere iste dolorem saepe. Itaque sapiente corporis molestiae molestias repellat. Cumque consequuntur ex voluptatem odit. Assumenda laudantium at nisi.','2007-10-30 23:49:02','2000-02-26 15:23:24'),
('82','82','82','/90544443fb360699cfe6b7a3995ba0ad.jpg','756538874','Quasi ullam est molestias. Et et reiciendis quam tempore eum dolore omnis. Non molestias praesentium dolorum ipsam doloribus odit cumque. Provident aliquam doloremque quo quia quae fugiat.','1975-06-12 01:09:30','2009-06-09 10:36:19'),
('83','83','83','/92a6109e359ff32d72ea8475e0eb4a1b.jpg','722','Fugit ipsam sapiente ex ut ad doloremque. Dolor quaerat tempore qui. Dolores ut expedita quibusdam.','1979-12-15 20:39:30','1999-09-03 08:08:29'),
('84','84','84','/b4d8e882fac7c5c8011456b5faa2f6ff.jpg','134','Voluptas adipisci esse et enim maiores omnis aspernatur. Dolorem assumenda similique reiciendis aut assumenda maiores.','2013-03-03 06:19:08','2013-04-19 02:16:17'),
('85','85','85','/0944f6b1cbc26ebe4f629dafc6d5227c.jpg','746711412','Iste amet modi corporis voluptatem. Eum ea vel accusamus deleniti aperiam. Saepe qui provident odit ducimus.','1999-07-07 07:11:05','2004-04-30 03:56:40'),
('86','86','86','/7fcae8f2c3cc4fcbdc94c319a7883e01.jpg','493009','Dignissimos debitis quam ea dolore ut. Excepturi ipsum provident ut ut ipsum quod nemo. Incidunt reiciendis sed quos beatae omnis provident sed ex. Ut quo non placeat modi veritatis non.','1979-04-26 18:57:19','2013-10-17 19:32:25'),
('87','87','87','/351d3eb20bc5d14c8bafbb2f82b45b90.jpg','44','Sapiente quibusdam sequi rerum deserunt quo minima suscipit ducimus. Dignissimos qui adipisci nobis ratione. Odit vitae tenetur harum aut.','1998-07-24 14:35:14','1998-11-29 23:18:31'),
('88','88','88','/98baaffd3568c540e94ca3a8c69ab799.jpg','0','Ut omnis suscipit et sint nihil natus impedit soluta. Velit culpa est amet neque. Neque atque illum vitae ex. Nemo id voluptas laudantium dolorum.','1980-10-16 20:44:02','1979-01-24 01:27:07'),
('89','89','89','/c3470e3f23cf5ba37b7d0753ee27c624.jpg','9496339','Atque dolore sequi quia aliquid atque natus nostrum. Et dolor illum quia. Dolores sapiente aliquid quaerat amet quia aut. Autem officia provident pariatur numquam commodi.','2007-09-10 17:56:28','2000-06-26 21:34:02'),
('90','90','90','/af576f40626a8510fa36d64e032af288.jpg','0','Eaque nisi et suscipit in beatae quis. Voluptas hic tempore quisquam veritatis nemo sapiente ipsam qui. Minus quis perferendis nobis ut esse. Vel suscipit veritatis rerum ipsam eos.','1971-11-20 21:24:37','1970-07-12 20:44:22'),
('91','91','91','/d490c1e2cbe2a91000460ecced7f976d.jpg','43667','Et nesciunt unde accusamus blanditiis quae laborum corrupti. Qui tenetur dolores accusantium et. Aut totam sed quasi veniam aut voluptatibus. Saepe blanditiis quia ex est similique.','1973-12-30 02:40:38','1986-10-19 06:53:40'),
('92','92','92','/b98e8aa795f243d9b5c24a36f87d3f0a.jpg','48957275','Delectus et possimus est est magni rem deserunt. Vero sapiente molestiae earum vel repellendus. Quia quam ullam nobis nulla pariatur. Et est praesentium neque deleniti repellendus.','1985-02-24 01:13:02','2014-09-18 17:48:10'),
('93','93','93','/d0e488dece81751b9b1dd90ea7a63517.jpg','5','Molestiae culpa incidunt aut facere id. Aut ut hic quae occaecati aliquid nam. Ullam est quis deserunt. Dignissimos ratione est consequatur itaque.','2005-08-08 15:08:10','1981-06-02 01:32:33'),
('94','94','94','/e57cb92961064c1ab7a694ffcb35471d.jpg','45','Quas sint doloribus quo quia molestiae sed magnam autem. Consequatur dolores aspernatur unde est. Beatae occaecati laborum aut commodi reiciendis. Expedita vero facere et cum natus ut.','2013-06-25 09:54:08','2016-01-06 12:27:53'),
('95','95','95','/0ea7c0e718d9d61dd678e103b44eb1a6.jpg','35060404','Quaerat accusamus voluptatem aut fugiat. Quo vero natus dolore. Ea iste occaecati sit est dolor. Perspiciatis rerum non est quis.','2012-06-09 20:40:52','1999-01-17 16:56:04'),
('96','96','96','/081a0879b649f4a360934bdf2a79f246.jpg','0','Ipsa ipsa omnis culpa magnam. Assumenda est aut cupiditate sit asperiores nihil dolores. Libero illo ut cum porro.\nIllo et rem nihil asperiores et tempore voluptatem. Dolore possimus ut voluptatem.','1991-10-24 11:16:52','2007-08-02 11:50:49'),
('97','97','97','/a86002192e5492688b2c57081bbf91bc.jpg','5748674','Natus temporibus doloremque voluptatem repellendus repellat. Et vero voluptatem id corporis odit recusandae non. Omnis quae explicabo soluta.','1996-08-02 04:02:20','2006-09-23 13:34:54'),
('98','98','98','/09752dff8659d4d2e301fe555ae64b7a.jpg','2','Soluta dolore in aut consequuntur. Ut maxime et eaque ipsum porro sint.','2010-03-18 03:18:20','2000-02-19 00:46:19'),
('99','99','99','/f527b837156b59d139c805c4e093720f.jpg','2107368','Neque fugit et vitae non aspernatur. Nemo est iusto molestiae voluptatem eos. Ut modi voluptatibus in. Totam suscipit aut voluptatem earum quas molestias quis.','2013-09-03 20:05:27','2007-03-20 15:01:57'),
('100','100','100','/27316fb693dd6c3cbf7db4576cfffd63.jpg','63','Sed eveniet aliquam a expedita quod sunt quis. Ab voluptas dolor voluptatem. Enim soluta quo nemo ad rerum ad cupiditate. Labore sunt natus eligendi corporis voluptatem quas libero.','1995-11-21 10:45:18','2003-11-24 11:18:21'); 


DROP TABLE IF EXISTS `media_types`;
CREATE TABLE `media_types` (
  `id` int(10) unsigned NOT NULL AUTO_INCREMENT,
  `name` varchar(255) COLLATE utf8_unicode_ci NOT NULL,
  `created_at` timestamp NOT NULL DEFAULT current_timestamp() ON UPDATE current_timestamp(),
  `updated_at` timestamp NOT NULL DEFAULT current_timestamp(),
  PRIMARY KEY (`id`),
  UNIQUE KEY `name` (`name`)
) ENGINE=InnoDB AUTO_INCREMENT=101 DEFAULT CHARSET=utf8 COLLATE=utf8_unicode_ci;

INSERT INTO `media_types` VALUES ('1','perspiciatis','1975-07-22 11:10:21','1991-07-06 08:40:41'),
('2','temporibus','1972-07-09 15:36:39','2014-10-02 08:17:42'),
('3','officia','1981-10-12 11:52:46','2016-03-31 10:50:56'),
('4','nesciunt','2004-03-03 20:24:16','2006-02-15 16:26:27'),
('5','quasi','1987-09-19 02:28:54','1979-12-13 14:24:44'),
('6','in','2011-10-23 05:56:57','1994-02-22 11:09:56'),
('7','dolor','1994-02-08 04:50:09','1987-09-28 04:11:26'),
('8','voluptas','2008-11-22 00:19:47','1980-04-06 23:08:01'),
('9','fugiat','1972-05-23 00:44:30','2010-01-12 07:27:59'),
('10','expedita','2006-04-22 00:58:01','1978-09-08 11:20:48'),
('11','sunt','1994-10-23 12:19:53','1985-04-12 13:25:47'),
('12','porro','2016-12-17 12:30:10','2000-06-01 08:30:44'),
('13','asperiores','1982-04-28 23:22:20','2004-04-13 11:52:11'),
('14','suscipit','2004-07-14 04:57:12','1983-06-22 03:19:53'),
('15','laboriosam','1996-09-10 14:46:54','1982-01-11 00:51:14'),
('16','vel','2012-01-23 13:13:52','1971-08-10 03:47:28'),
('17','pariatur','1979-04-24 01:13:50','1991-10-08 04:05:37'),
('18','eos','1986-12-17 14:15:59','2005-07-05 17:38:19'),
('19','dolores','1977-10-06 21:23:40','2001-02-22 18:46:46'),
('20','minima','2007-05-11 12:13:52','1985-10-29 22:40:05'),
('21','ipsum','1991-11-28 03:08:54','2013-03-23 04:58:25'),
('22','iure','1975-08-07 21:38:40','1992-07-07 07:48:54'),
('23','dolorem','1991-01-21 02:57:20','2017-06-02 17:21:12'),
('24','aut','2006-08-29 19:03:03','2001-08-26 08:57:20'),
('25','ab','2012-11-09 15:00:24','1975-08-10 15:46:41'),
('26','sint','1983-04-25 04:17:50','1993-09-15 09:59:31'),
('27','odit','1985-02-01 18:09:20','1977-08-24 23:16:13'),
('28','perferendis','1998-02-18 12:36:19','1981-06-06 10:54:00'),
('29','totam','1977-10-20 19:22:01','1995-05-10 00:11:14'),
('30','incidunt','1970-10-27 10:27:55','2010-11-07 11:50:04'),
('31','consectetur','2013-06-24 10:21:06','2018-02-11 19:00:52'),
('32','saepe','1979-07-05 14:37:44','1987-06-13 23:11:30'),
('33','dignissimos','2011-12-05 08:41:56','1988-07-12 14:49:45'),
('34','quo','2007-08-26 16:44:34','2008-11-05 10:41:55'),
('35','cumque','1991-02-15 16:38:16','1984-02-01 03:17:55'),
('36','iusto','1977-01-18 16:02:40','1977-10-21 13:57:35'),
('37','fugit','1977-10-10 03:09:29','1999-06-16 09:50:23'),
('38','ut','2016-12-25 19:15:40','2006-12-08 10:48:16'),
('39','quod','1989-10-08 17:09:12','2012-08-14 19:00:19'),
('40','et','2005-07-16 16:53:55','1999-02-01 06:44:53'),
('41','illo','1989-02-06 07:08:10','1992-05-20 01:12:57'),
('42','ullam','2017-06-17 00:44:40','1993-09-05 06:24:17'),
('43','mollitia','1977-03-19 06:47:29','1997-07-25 13:50:18'),
('44','eligendi','2012-03-20 12:07:10','1994-09-29 04:58:18'),
('45','architecto','1999-03-18 01:11:19','2002-09-05 01:32:26'),
('46','nulla','1978-09-21 18:44:05','1972-10-27 06:41:20'),
('47','a','1989-04-14 22:00:34','1984-03-24 15:06:05'),
('48','quidem','1970-10-01 01:36:08','2017-05-01 20:23:50'),
('49','id','1979-01-29 17:07:34','2004-05-06 23:25:25'),
('50','rerum','2006-03-19 00:17:49','2001-09-03 21:09:52'),
('51','debitis','2019-08-24 02:47:42','2019-08-20 15:00:36'),
('52','ex','1998-10-30 11:43:07','1977-10-14 23:39:04'),
('53','inventore','1980-12-12 23:29:40','1971-12-16 21:02:11'),
('54','omnis','1996-03-20 17:06:31','2013-03-05 07:39:54'),
('55','eum','1999-05-11 07:16:55','2010-02-17 18:36:26'),
('56','quaerat','1971-02-11 16:40:37','1981-09-11 14:02:38'),
('57','officiis','1972-05-02 03:48:17','1986-03-18 04:49:25'),
('58','quibusdam','1983-04-08 13:51:30','2009-12-18 10:26:51'),
('59','numquam','1978-03-18 11:17:15','1987-12-13 04:03:29'),
('60','nobis','1991-10-06 00:51:01','2010-02-07 17:07:19'),
('61','molestias','2017-10-31 00:13:48','2000-04-12 16:36:30'),
('62','excepturi','1995-11-17 02:47:14','2007-02-20 00:47:16'),
('63','laudantium','1993-04-21 19:20:24','1989-11-23 19:46:54'),
('64','quae','1971-09-17 16:44:10','1979-11-03 00:44:33'),
('65','voluptates','1978-10-25 22:15:40','2004-05-08 02:39:44'),
('66','exercitationem','1997-05-10 22:24:20','1993-01-10 14:50:33'),
('67','non','2005-07-20 07:11:31','1995-03-18 04:36:03'),
('68','animi','2011-08-05 06:05:42','2017-01-18 13:01:18'),
('69','consequatur','1978-03-22 12:46:01','1980-12-09 02:09:13'),
('70','accusantium','2002-10-01 01:31:27','2009-04-07 05:54:00'),
('71','optio','1975-01-19 04:34:50','2013-06-22 14:54:56'),
('72','est','2005-05-28 13:45:08','1995-12-06 13:45:32'),
('73','impedit','1979-09-23 01:12:16','2007-11-29 14:43:37'),
('74','repellendus','2002-09-10 01:52:37','2002-08-13 06:09:34'),
('75','nam','1990-09-18 18:53:28','2018-12-14 17:42:29'),
('76','quia','1989-06-16 11:30:42','2001-05-09 04:40:32'),
('77','itaque','1978-09-07 16:09:10','2013-03-05 03:21:30'),
('78','illum','1997-03-04 01:20:12','1976-07-03 13:40:18'),
('79','ipsa','1998-06-12 16:22:42','1974-04-19 19:30:55'),
('80','voluptatum','2003-12-11 07:39:54','1983-11-21 21:44:56'),
('81','corporis','2002-08-14 12:31:17','1970-01-05 19:21:36'),
('82','ad','1990-12-23 12:05:39','1974-01-09 14:14:02'),
('83','nisi','1970-03-04 22:26:04','1978-06-06 13:21:19'),
('84','ratione','1975-12-13 01:49:07','1977-05-14 22:54:18'),
('85','quos','1972-02-01 05:01:40','1973-01-05 17:29:04'),
('86','tempore','2001-02-02 02:36:13','1977-07-26 10:33:56'),
('87','magni','1978-06-13 20:23:17','1975-11-15 18:56:24'),
('88','dolorum','1996-07-26 20:42:43','1989-01-20 08:05:20'),
('89','qui','2004-12-02 20:31:04','2010-09-03 00:20:20'),
('90','facere','1985-03-01 08:38:30','2019-09-07 17:21:31'),
('91','praesentium','1985-01-11 01:17:50','2015-03-20 16:39:44'),
('92','consequuntur','1976-03-07 12:02:41','1994-05-14 19:01:24'),
('93','occaecati','2013-04-09 21:26:40','2008-02-28 00:55:53'),
('94','aspernatur','1975-06-19 11:02:36','2002-02-08 10:40:30'),
('95','aliquid','2002-08-09 16:00:26','2010-06-09 19:28:19'),
('96','deleniti','1973-07-09 23:57:00','2003-01-04 00:11:10'),
('97','vero','1989-05-28 01:55:21','1979-09-23 07:11:02'),
('98','reprehenderit','1978-11-14 05:38:51','2002-07-21 05:17:02'),
('99','explicabo','1985-12-22 11:42:51','1976-01-07 20:32:25'),
('100','voluptate','2018-08-18 09:09:11','2000-11-15 19:20:01'); 


DROP TABLE IF EXISTS `messages`;
CREATE TABLE `messages` (
  `id` int(10) unsigned NOT NULL AUTO_INCREMENT,
  `from_user_id` int(10) unsigned NOT NULL,
  `to_user_id` int(10) unsigned NOT NULL,
  `body` text COLLATE utf8_unicode_ci NOT NULL,
  `important` tinyint(1) DEFAULT NULL,
  `delivered` tinyint(1) DEFAULT NULL,
  `created_at` timestamp NOT NULL DEFAULT current_timestamp() ON UPDATE current_timestamp(),
  `updated_at` timestamp NOT NULL DEFAULT current_timestamp(),
  PRIMARY KEY (`id`),
  KEY `from_user_id` (`from_user_id`),
  KEY `to_user_id` (`to_user_id`),
  CONSTRAINT `messages_ibfk_1` FOREIGN KEY (`from_user_id`) REFERENCES `users` (`id`),
  CONSTRAINT `messages_ibfk_2` FOREIGN KEY (`to_user_id`) REFERENCES `users` (`id`)
) ENGINE=InnoDB AUTO_INCREMENT=101 DEFAULT CHARSET=utf8 COLLATE=utf8_unicode_ci;

INSERT INTO `messages` VALUES ('1','1','1','Ratione ab blanditiis enim similique voluptatum corrupti earum. Ex dolores nesciunt omnis totam. Expedita quisquam consequatur dolore fuga a eos. Non sit amet in fuga inventore.',NULL,NULL,'2016-06-18 03:08:26','1987-07-12 21:53:49'),
('2','2','2','Ullam omnis expedita impedit ut eligendi. Iste beatae illum sed enim repudiandae animi est. Qui maiores assumenda earum.',NULL,NULL,'2003-07-16 04:57:55','1991-06-07 11:42:37'),
('3','3','3','Non labore omnis est voluptatem ducimus iusto modi. Ratione et vitae iusto culpa voluptatibus excepturi ratione. Est sit fuga et fugit ad reprehenderit. Velit eum veniam modi nostrum dolorum qui animi.',NULL,NULL,'2009-01-26 06:07:10','2010-07-01 05:07:59'),
('4','4','4','Non sint culpa sed impedit consequuntur. Qui eligendi qui qui suscipit et reiciendis. Facere enim unde laborum rerum voluptas quaerat. Et nemo voluptatem placeat voluptas sit.',NULL,NULL,'2015-02-16 14:58:25','1973-05-23 15:04:19'),
('5','5','5','Natus maxime dolor mollitia laudantium iusto cupiditate ut. Aut aperiam dolore vero accusamus sunt illo fuga. Et quia esse nihil molestiae ad et. Ipsam repellat vitae quo enim ipsam amet. Cupiditate molestias consequuntur magnam omnis aliquid dolores.',NULL,NULL,'2006-10-14 19:17:08','2012-09-03 18:56:47'),
('6','6','6','Consequatur ducimus ipsum numquam tempore corrupti et. Dolor in quaerat eaque id perferendis voluptas nobis. Soluta excepturi voluptatem officia at est non. Dolorem qui dolor architecto aspernatur inventore voluptatem assumenda.',NULL,NULL,'2017-07-21 09:38:56','2004-10-11 15:28:16'),
('7','7','7','Ullam quia est blanditiis. Sint ipsum quia quos omnis neque. Maxime qui molestiae unde illum recusandae. Repellat vitae aut dicta reprehenderit sequi.',NULL,NULL,'1984-05-10 17:48:47','2008-02-13 19:31:40'),
('8','8','8','Voluptas sequi sit asperiores laboriosam nulla accusantium. Ipsa quae repellat provident animi magnam corporis. Velit repudiandae et nisi ea. Ut repellat ut qui eius.',NULL,NULL,'2016-07-18 20:00:18','1970-01-05 22:50:35'),
('9','9','9','A nam non atque et facere quis. Minus ut in sequi quod et dolores eligendi esse. Aliquid et culpa similique qui.',NULL,NULL,'2013-12-31 14:38:27','2010-11-11 15:32:44'),
('10','10','10','Ipsam amet officiis voluptatem. Ipsam vero reprehenderit non earum molestiae. Quo deserunt commodi quis vero.',NULL,NULL,'2006-07-20 11:26:26','1985-03-11 08:08:02'),
('11','11','11','Et veniam rem maiores perferendis. Et sed sit labore modi. Ut sit quis perferendis nulla.',NULL,NULL,'2002-07-07 13:11:00','1983-12-31 14:30:03'),
('12','12','12','Voluptatem modi modi assumenda officiis et accusamus. Consequuntur corrupti possimus hic soluta qui nihil. Ut veritatis quos et ea facere modi.',NULL,NULL,'1998-12-11 16:06:58','2005-09-09 07:33:25'),
('13','13','13','Assumenda veniam possimus expedita deserunt quis reiciendis eveniet provident. Et ut et quo magnam. Asperiores omnis unde vel consequatur ducimus voluptate. Vero aut doloribus totam molestias doloribus.',NULL,NULL,'2001-05-24 05:38:16','2001-01-26 08:53:28'),
('14','14','14','Atque doloremque eius et magni voluptatem. Velit magnam voluptas vero doloremque labore. At quia laborum sed architecto in.',NULL,NULL,'1971-04-02 00:49:11','1998-11-28 08:04:47'),
('15','15','15','Ut enim officiis deserunt aut. Nesciunt totam dolore voluptates totam. Pariatur consequatur quia sed atque dolorem et quisquam. Accusantium sit dolores voluptatem ut velit qui.',NULL,NULL,'2014-04-24 10:11:15','1991-02-01 05:31:04'),
('16','16','16','Omnis nostrum laudantium et nisi. Velit esse quibusdam exercitationem voluptatem culpa occaecati. Facere eum neque dolorum rerum.',NULL,NULL,'2014-04-10 08:56:40','1991-08-16 14:53:07'),
('17','17','17','Sint natus nesciunt ut magnam autem vel. Sint quasi asperiores molestiae quisquam iusto iusto quasi. Voluptas et delectus sint voluptatum necessitatibus.',NULL,NULL,'1981-07-27 15:19:09','2010-02-02 08:58:10'),
('18','18','18','Aut quia qui et deleniti magnam et et ipsam. Non labore asperiores sed optio at. Animi et ipsam enim ut in.',NULL,NULL,'1987-02-21 15:08:33','1976-12-28 08:58:58'),
('19','19','19','Numquam maiores qui itaque delectus sunt at. Facilis amet voluptatem et repellendus facilis quidem. Impedit perferendis veniam vel adipisci aspernatur cum. Beatae perferendis soluta ipsam.',NULL,NULL,'1982-01-14 15:12:44','2015-11-30 06:01:45'),
('20','20','20','Dolorem voluptatem et quos eveniet repellendus a. In amet repellat suscipit molestiae. Eos quia doloremque nihil voluptatibus voluptas dicta nisi. Sint odio ad qui tempore ut excepturi sed.',NULL,NULL,'1982-04-25 14:47:34','2003-07-08 13:48:32'),
('21','21','21','Omnis enim quis deserunt enim. Aut eius facilis omnis. Nesciunt consequatur excepturi accusantium est tenetur.',NULL,NULL,'1997-02-12 07:09:21','1997-01-07 13:03:59'),
('22','22','22','Omnis omnis voluptates velit eos aut repellendus quibusdam. Quidem maiores dolores quo quo omnis in. Enim ipsam sit perspiciatis laudantium.',NULL,NULL,'1975-03-21 04:45:56','2010-09-27 19:27:22'),
('23','23','23','Reiciendis impedit reprehenderit eum. Voluptatem et magni et et. Modi odit dolorum libero dolores recusandae laudantium dolor.',NULL,NULL,'2004-06-25 18:07:27','2000-05-31 14:18:29'),
('24','24','24','Ipsam dolor quas nesciunt quis occaecati ad qui. At eos sint est aspernatur. Perferendis praesentium id ea dolorum possimus omnis velit dolores. Odio minus doloribus minus consequatur eum.',NULL,NULL,'1973-08-14 21:56:44','2007-11-25 05:41:01'),
('25','25','25','Ducimus qui eum necessitatibus cupiditate rerum in delectus. Harum quidem vero magnam sint deleniti minus delectus. Dicta quo omnis suscipit harum ut repudiandae illo. Consequatur reprehenderit quia reprehenderit repellat et eligendi.',NULL,NULL,'1972-08-23 13:53:38','1988-05-27 08:44:21'),
('26','26','26','Beatae et nulla libero aliquam molestias culpa. Unde dolor ut incidunt sint ut. Eum in quo ratione.',NULL,NULL,'1985-12-07 11:37:17','1986-03-25 19:39:42'),
('27','27','27','Quia dolor quia et earum. Officiis sed at qui. Animi iure ut architecto porro aut laboriosam.',NULL,NULL,'1998-01-30 23:05:40','1997-05-01 10:43:07'),
('28','28','28','Ipsa voluptatibus animi quae voluptatem sit molestiae. Qui voluptas qui ut dolor architecto nulla. Libero et consequatur vel neque. Qui eos et quasi aspernatur.',NULL,NULL,'2014-01-08 03:31:11','1970-12-31 01:34:45'),
('29','29','29','Corrupti ex atque quae. Distinctio vitae recusandae nobis. Ab quis aperiam non provident sint hic.',NULL,NULL,'1993-01-19 13:45:52','2016-12-27 03:22:35'),
('30','30','30','Quam vero ipsum corporis voluptatem aliquid rem. Odit voluptas tempora occaecati reiciendis enim sed earum. Doloremque rem officia deleniti sequi. In dolor aut repudiandae magni a aut.',NULL,NULL,'2019-08-14 11:21:33','1997-09-10 08:02:43'),
('31','31','31','Et omnis amet unde sapiente et quo dolore. Explicabo suscipit quasi molestiae est ex rerum et enim. Et officiis perspiciatis libero quaerat inventore illum voluptatem atque. Dicta deleniti vitae est. Cum sit accusamus rerum dolores.',NULL,NULL,'2013-05-06 05:02:10','2001-09-23 14:41:18'),
('32','32','32','Officiis nemo eos mollitia aspernatur aut odit ut sint. Magni consectetur vero dolor velit non sint dignissimos. Magnam sint aperiam nihil fugit voluptate cum vel. Maxime similique at voluptatem autem.',NULL,NULL,'2016-06-16 02:42:04','2013-02-13 03:01:48'),
('33','33','33','Dolor recusandae deleniti rerum esse. Ab maxime voluptate odit laboriosam incidunt aut dolores nemo. Harum illo dolorem aspernatur at voluptatibus expedita aut. Numquam nihil ab vero in ad ratione ea qui.',NULL,NULL,'1995-04-01 21:58:12','1992-07-21 13:05:55'),
('34','34','34','Et cum placeat numquam natus deleniti laudantium numquam. Praesentium similique sed animi eum. Voluptatibus consequuntur qui dolore ut perferendis rerum quidem atque. Mollitia fugit architecto saepe.',NULL,NULL,'2000-12-31 11:09:37','1976-11-17 23:30:14'),
('35','35','35','Est deserunt deleniti sapiente quia mollitia placeat optio recusandae. Sunt voluptates et quasi consequatur fuga totam consectetur. Perferendis aut ad et et harum ducimus tempore velit. Sed recusandae labore in ab sed numquam esse.',NULL,NULL,'2011-08-22 18:45:35','1981-11-21 23:14:53'),
('36','36','36','Quasi facere quasi nulla. Doloremque dolore impedit excepturi aperiam enim. Blanditiis omnis ea ut. Perferendis praesentium officiis atque sint quia distinctio esse.',NULL,NULL,'1991-10-19 02:08:21','2011-10-21 18:28:19'),
('37','37','37','Autem ratione voluptatibus et. Enim delectus exercitationem quis fugit architecto aut ex. Veritatis temporibus sit iste animi.',NULL,NULL,'1982-06-08 15:43:22','2000-10-24 12:54:03'),
('38','38','38','Architecto dolorem sint qui error quam. Exercitationem aliquid quis ea quisquam delectus velit beatae repellat.',NULL,NULL,'1990-04-30 08:39:18','1987-12-06 13:10:45'),
('39','39','39','Reiciendis minima voluptas recusandae quam animi. Et aut maxime consectetur praesentium. Incidunt optio architecto consequatur ad vitae repellendus. Dolor possimus quas nulla commodi sequi eaque aut.',NULL,NULL,'2007-09-12 08:07:31','1996-10-29 23:16:55'),
('40','40','40','Error distinctio ipsa eos aut voluptate eos modi recusandae. Et modi explicabo quod voluptas. Dicta minima reprehenderit iste et dolorum hic debitis. Molestiae distinctio est amet delectus.',NULL,NULL,'1998-09-06 10:54:23','2006-05-19 18:39:50'),
('41','41','41','Impedit non dolores distinctio modi. Est quia magnam doloribus eum. Consectetur aut eius fuga et minus repellendus. Dolore illo est libero omnis sit eum ipsum vero.',NULL,NULL,'1972-07-05 04:13:35','1996-12-29 02:48:39'),
('42','42','42','Fuga unde illum iusto soluta voluptatem sequi maxime. Ut voluptatem voluptatum atque officiis ex. Quos autem sed non excepturi sint cupiditate repellat. Quia sint et aut.',NULL,NULL,'1987-10-15 01:10:01','1990-08-14 22:48:46'),
('43','43','43','Ratione ut et quo corrupti distinctio itaque cum earum. Enim qui excepturi quam ea. Voluptatem sapiente aut praesentium vero velit eaque. Nemo porro optio ut nostrum perferendis consequatur autem.',NULL,NULL,'1985-05-26 20:42:59','1997-07-09 18:20:35'),
('44','44','44','Sint praesentium et non nobis consequatur ut. Rerum fuga doloribus odio assumenda eius corrupti. Distinctio aliquid sit aut explicabo maxime ab doloribus. Illo quas repudiandae optio autem qui sit.',NULL,NULL,'1983-05-30 23:10:11','2004-04-01 12:09:12'),
('45','45','45','Animi numquam quas beatae est sunt. Ut nesciunt reprehenderit ut quis consequatur. Velit voluptate hic molestiae commodi et. Optio ex consectetur voluptatem quaerat sed.',NULL,NULL,'2002-10-24 11:23:30','2008-10-06 02:54:55'),
('46','46','46','Accusamus unde exercitationem velit totam dolores voluptatem animi. Est dolores excepturi at soluta velit distinctio laudantium. Delectus modi quibusdam aut suscipit nemo.',NULL,NULL,'2011-07-25 16:32:09','2018-12-06 19:32:31'),
('47','47','47','Omnis et ut quis mollitia voluptate. Nobis enim eveniet non quia. Nobis provident nihil sed sit cupiditate aut. Maiores qui et aut sunt eius impedit quasi nisi.',NULL,NULL,'2003-03-02 22:33:03','2014-04-03 17:56:20'),
('48','48','48','Voluptatum quia voluptatibus sequi mollitia nulla consequatur. Qui assumenda explicabo enim eius quas ex. Iure officiis cumque accusamus dolore in nesciunt. Dignissimos sit et sunt quidem incidunt.',NULL,NULL,'2010-08-16 01:59:02','1983-07-16 11:55:20'),
('49','49','49','Nostrum eum maxime ut saepe et esse itaque. Velit et earum rem vel. In excepturi iusto voluptas eius laborum maxime occaecati.',NULL,NULL,'1984-03-09 23:20:24','1980-05-28 23:48:01'),
('50','50','50','Deserunt perferendis culpa aut esse earum rerum natus. Sit nesciunt consequatur est. Illum quis deleniti veniam vel non.',NULL,NULL,'2018-05-12 02:37:14','2015-07-17 06:11:47'),
('51','51','51','Officiis voluptates quaerat ipsam recusandae quos ducimus. Aut velit quod corrupti tenetur consequuntur.',NULL,NULL,'1996-03-19 02:16:52','1971-10-10 06:48:14'),
('52','52','52','Repellat perspiciatis enim aliquam nisi quae. Ratione dicta inventore eos cupiditate voluptatem architecto est natus. Consequatur qui dolores repellat consequuntur quasi ad omnis. Iusto similique consectetur officia magnam rerum beatae sit delectus.',NULL,NULL,'1996-03-23 04:42:52','1988-01-01 06:45:42'),
('53','53','53','Id quia et non repellat repellat omnis ipsum. Voluptas quibusdam laboriosam dolore ipsa ea vero doloremque veritatis. Velit laboriosam consectetur deleniti minus culpa. Est sapiente et aut corrupti totam.',NULL,NULL,'1983-02-18 00:11:14','1981-07-18 14:57:05'),
('54','54','54','Suscipit consequatur et nobis delectus. Perferendis ea nulla et rerum nobis. Cupiditate qui qui corrupti commodi.',NULL,NULL,'2000-04-20 07:51:11','2013-06-16 01:24:42'),
('55','55','55','Officiis fuga ut optio quae. Sit omnis id tenetur suscipit. Facere sint beatae corrupti voluptatibus quis dolores ullam.',NULL,NULL,'2004-05-16 15:54:28','2018-07-27 16:39:48'),
('56','56','56','Nisi officiis rerum itaque et quod deserunt sit. Nulla sed et maxime molestias voluptatum non. Non ea nihil ipsum iste sunt sequi in.',NULL,NULL,'1990-03-17 05:43:21','1981-12-06 07:32:14'),
('57','57','57','Perspiciatis sed impedit eos consectetur ipsum eius. Officia explicabo dolor qui dolore ab. Dolorem inventore exercitationem sint nemo. Sapiente sit aut nisi velit nulla occaecati est.',NULL,NULL,'2003-10-09 06:40:48','1977-06-06 18:02:50'),
('58','58','58','Qui laborum architecto tempore. Omnis saepe et molestias facilis dicta. Maxime eveniet enim qui nobis.',NULL,NULL,'1993-08-10 15:35:13','2003-11-21 12:28:01'),
('59','59','59','Doloribus consequatur sed quos facere. Pariatur beatae nesciunt doloremque iusto dolor. Deleniti repellat molestiae odit quidem. Neque quod repellendus voluptas optio atque earum et. Ullam esse beatae cum soluta optio natus nostrum.',NULL,NULL,'1984-01-06 11:57:25','2011-02-12 19:10:01'),
('60','60','60','Et non quia animi atque placeat eveniet. Sed quis iste dolore consequatur dolor nostrum est ut. Quia inventore dignissimos quia dolorum omnis quibusdam maiores. Eaque qui mollitia ipsa soluta id eos nesciunt.',NULL,NULL,'1986-01-08 05:57:52','2015-01-27 23:27:22'),
('61','61','61','Et adipisci sunt est aut eos. Excepturi praesentium mollitia est vel corporis pariatur voluptas soluta. Temporibus iure officiis eos perspiciatis vel. Doloremque rem aut fugit cupiditate et eos aut.',NULL,NULL,'1972-09-09 16:20:58','1994-09-09 01:41:55'),
('62','62','62','Porro odio sapiente molestias. Quis dolores delectus nihil nulla. Dolorum possimus aperiam in dicta libero. Sed modi incidunt quod ut velit repellendus. Ex pariatur placeat et adipisci et maxime in.',NULL,NULL,'2014-05-26 23:11:23','1975-11-11 14:42:18'),
('63','63','63','Consequatur quo id sit. Natus et quia omnis laborum molestiae rerum nobis. Enim quis dolores facere rerum culpa quam delectus. Sit non omnis accusamus consequuntur sit quidem. Officia nobis nam voluptatem rerum quis.',NULL,NULL,'2013-12-01 10:59:02','2016-11-20 11:41:25'),
('64','64','64','Error quis deleniti qui dolorem non facere modi ducimus. Dolor harum fuga et quo assumenda. Ipsum dolorem velit corrupti illum itaque officiis asperiores. Sed praesentium vero quo. Quia qui ipsam aperiam ipsa aspernatur necessitatibus.',NULL,NULL,'2006-08-30 18:48:31','2003-04-02 10:36:32'),
('65','65','65','Suscipit deleniti nostrum minima eum odit qui. Accusantium facilis cupiditate id. Sed quidem vero et. Suscipit sequi harum consequuntur porro quos asperiores rerum.',NULL,NULL,'2000-10-07 03:57:14','1989-09-24 09:39:25'),
('66','66','66','Eum aperiam atque et repudiandae voluptatibus rerum. Laborum iusto fugit illum omnis modi voluptatibus. Sint blanditiis rerum aspernatur quos qui. Quae et facilis quia consequatur.',NULL,NULL,'1982-04-10 04:32:23','2008-05-11 03:35:12'),
('67','67','67','Voluptas aut soluta dolores sit voluptatem atque molestiae sapiente. Optio magnam maxime asperiores. Eligendi rerum eius occaecati in veritatis tempora harum. Qui rerum rerum ab eligendi in sequi.',NULL,NULL,'1987-04-28 15:59:57','2001-06-26 06:24:14'),
('68','68','68','Possimus temporibus itaque enim harum culpa doloribus. Impedit velit iste quam error unde molestiae cumque nesciunt. Sit veniam dolor ab in maiores. Quia tempore quaerat dicta illum sint. Quaerat amet ab dignissimos voluptas.',NULL,NULL,'2001-05-28 08:36:08','1980-11-29 17:48:23'),
('69','69','69','Unde explicabo atque alias quae odit dolorum rerum qui. Sequi et beatae et aperiam quaerat libero voluptatem.',NULL,NULL,'2019-08-18 15:21:14','2015-05-18 14:42:27'),
('70','70','70','Numquam tenetur cupiditate autem rem modi natus. Quod reprehenderit et est non fugiat qui alias. Aut molestias ab totam commodi est. Est aut ipsum laudantium quasi ipsum.',NULL,NULL,'2009-06-11 00:25:14','2000-02-16 19:20:21'),
('71','71','71','Odit animi voluptas ad maxime molestiae aut et. Vel sed perspiciatis error nisi reprehenderit. Quia sit similique et sequi. Adipisci consequatur ut vitae commodi.',NULL,NULL,'1995-07-16 01:24:58','1986-09-26 01:07:11'),
('72','72','72','Assumenda delectus minima est quas non nesciunt voluptatibus. Ad mollitia eaque non ut hic. Dolorem reiciendis recusandae et voluptas. Dolores cumque ut quae ut porro voluptatum.',NULL,NULL,'1988-06-01 23:26:58','1977-05-07 04:08:10'),
('73','73','73','Quasi sunt odio voluptate iusto beatae fugit veniam. Numquam laudantium veniam in aut suscipit quos. Rem quis sequi laboriosam quia perspiciatis non aspernatur voluptatem.',NULL,NULL,'1999-10-08 09:32:25','1999-03-10 09:36:39'),
('74','74','74','Rerum veniam ducimus quod tenetur est earum. Ipsa consequatur a ut dolores praesentium eligendi. Cum tempora deserunt quos voluptas et neque.',NULL,NULL,'2002-08-05 14:48:27','1986-10-23 05:02:01'),
('75','75','75','A tenetur et eveniet cumque praesentium impedit repudiandae iste. Magnam ut distinctio esse ut. Minus fugiat sint deleniti voluptas. Ut qui ducimus sint sapiente vero et.',NULL,NULL,'2018-10-29 04:58:34','1984-06-30 09:15:43'),
('76','76','76','Molestiae veniam esse nemo ratione. Eaque est iure consequatur autem ullam saepe praesentium quisquam. Aliquam nam ea voluptatem quo.',NULL,NULL,'2004-01-20 06:11:12','2018-02-06 08:55:34'),
('77','77','77','Officia quod voluptas qui atque. Autem accusantium quo soluta incidunt quaerat iste. Recusandae sed in ipsum nulla fugiat.',NULL,NULL,'1978-06-16 01:24:17','1988-06-18 00:34:18'),
('78','78','78','Esse voluptatum quo sint aliquid. Assumenda ullam quos sit est ullam est est porro. Enim repellat minima nobis vitae.',NULL,NULL,'1998-10-25 02:56:46','1989-05-08 01:12:36'),
('79','79','79','Qui aut aut expedita. Quidem quia ut nulla aspernatur. Eligendi deserunt eius qui eos pariatur consequatur. Quis nulla iure eius eum rem.',NULL,NULL,'1970-06-24 10:46:04','1996-07-10 12:29:28'),
('80','80','80','Et nihil et iusto necessitatibus doloribus. Est et vel sit non impedit. Aut nemo ex cumque magnam. Earum autem ipsam tempora laudantium dolores.',NULL,NULL,'1988-06-06 05:42:00','2017-01-07 18:29:16'),
('81','81','81','Rerum earum dolor eius harum. Nobis ut placeat dolorem itaque non sequi sequi rerum. Cupiditate quod aut omnis commodi perspiciatis vitae.',NULL,NULL,'2017-09-19 10:04:38','2005-11-22 13:41:07'),
('82','82','82','Quis recusandae est veniam et maiores. Dignissimos dignissimos architecto sit totam aut inventore. Sapiente ratione consequatur omnis quaerat dolor occaecati. Rerum aut sint rerum ut.',NULL,NULL,'1999-05-04 23:15:18','2015-11-22 02:20:34'),
('83','83','83','Et magni magnam aut amet consequatur est sit. Suscipit rem dolorum non expedita quia quos omnis. Eveniet amet sunt ab qui.',NULL,NULL,'1981-02-18 21:20:14','1985-04-08 14:33:46'),
('84','84','84','Et est aliquam consequatur sunt odio possimus. Vel dolorum dolor beatae sequi minus voluptatem quas. Dolorum ducimus quis in ratione id voluptatem mollitia. Excepturi amet eligendi laudantium odit vero veritatis quas.',NULL,NULL,'2011-01-01 13:46:19','1993-09-26 15:55:47'),
('85','85','85','Iure quia et cumque dolorem aperiam sapiente. Numquam quisquam voluptas ea aliquam. Omnis eaque ratione ut blanditiis ex. Et sunt veniam ut officia autem a.',NULL,NULL,'1984-05-13 18:18:44','2011-08-26 15:01:05'),
('86','86','86','Atque perspiciatis est ut omnis doloremque omnis dolore blanditiis. Commodi tenetur voluptate id quibusdam enim. Sapiente a omnis exercitationem quia molestiae et.',NULL,NULL,'1979-03-27 12:58:07','1982-05-20 23:51:21'),
('87','87','87','Molestias ab ex voluptatum accusantium necessitatibus voluptatem. Sed reprehenderit minus possimus. Non exercitationem eligendi aut dolorum non. Et eius adipisci eum aliquam fugiat rerum voluptatem.',NULL,NULL,'1983-05-17 20:03:17','2011-07-26 00:06:17'),
('88','88','88','Quos eos omnis omnis molestiae modi totam. Soluta a qui nihil pariatur iusto vitae. Voluptas consequatur reiciendis maxime rerum perferendis quos. Molestias exercitationem et molestiae consequatur sed voluptatem libero in. Eos totam qui accusamus nostrum vel.',NULL,NULL,'2019-02-28 07:48:38','1998-11-13 04:55:23'),
('89','89','89','Sint qui eos excepturi cupiditate eum molestiae culpa. Vel sunt reprehenderit vero aliquid reiciendis commodi. Ut sit et aut ex vitae vel non atque.',NULL,NULL,'1997-05-12 19:15:30','1978-02-15 12:36:13'),
('90','90','90','Nobis reprehenderit dolore nam ab harum magni. Sed repellat velit dignissimos.',NULL,NULL,'1988-07-05 01:38:49','1978-12-11 17:12:51'),
('91','91','91','Laudantium aut non corrupti ipsum corrupti maiores dolor voluptatem. Fugit fuga dolor quis animi sed voluptatem. Sint sed eos fuga eum saepe ad necessitatibus.',NULL,NULL,'2016-02-23 13:21:21','1972-06-02 05:17:41'),
('92','92','92','Enim laborum vitae ducimus placeat. Et hic nulla iure fugiat enim neque fugit aut. Est perferendis adipisci cupiditate esse et.',NULL,NULL,'1974-02-23 07:39:52','1986-07-09 19:56:07'),
('93','93','93','Et recusandae quo et earum labore adipisci. Pariatur provident aliquam et eos hic. Reprehenderit repudiandae perspiciatis iure ut magnam. Sed consequuntur omnis dolor aut quae ad architecto.',NULL,NULL,'1998-08-03 08:36:34','1973-02-12 12:16:18'),
('94','94','94','Accusamus ad maxime optio. Rerum accusamus rerum omnis animi. Molestias laudantium voluptas dolore non vitae accusantium. Veritatis et et ut sed ullam.',NULL,NULL,'1994-05-17 17:42:23','2007-04-21 23:45:40'),
('95','95','95','Dolores magnam necessitatibus id quia nesciunt nostrum. Aspernatur quasi aut aut aspernatur ut corrupti. Consectetur voluptatum minima perspiciatis. Temporibus quibusdam tenetur quos est.',NULL,NULL,'1987-11-21 18:06:04','2012-06-01 22:09:25'),
('96','96','96','Expedita explicabo aspernatur porro voluptas accusantium architecto. Alias autem aperiam ut blanditiis repellendus. Debitis sit et qui sequi aut saepe.',NULL,NULL,'1989-11-04 02:17:33','2015-10-02 18:48:12'),
('97','97','97','Ratione et ut aut debitis eum. Velit voluptas et eos amet dolore necessitatibus explicabo rerum. Incidunt quod rerum ipsa ducimus iste magni dolor aut.',NULL,NULL,'2010-09-01 09:02:23','2012-06-26 09:34:39'),
('98','98','98','Ad non molestias saepe libero est dolores accusamus. Eius ab suscipit praesentium incidunt officia. Ea et maiores reiciendis officia corporis consectetur et. Earum id odio harum voluptatem neque earum consectetur.',NULL,NULL,'1974-03-10 09:46:44','1985-09-13 00:50:39'),
('99','99','99','Laboriosam ut sed veniam qui. Illo autem possimus repellat praesentium optio quis qui. Optio nulla molestiae molestiae neque sed. Omnis dolor aut dolore sunt ut qui suscipit.',NULL,NULL,'2000-08-20 15:03:24','2003-08-26 01:38:07'),
('100','100','100','Recusandae non ut officiis dolores dolorem placeat sunt amet. Eligendi facere architecto modi consequatur quisquam nemo. Aut quo id quis qui.',NULL,NULL,'2007-02-21 09:01:28','1991-12-30 17:58:00'); 


DROP TABLE IF EXISTS `object_type`;
CREATE TABLE `object_type` (
  `id` int(10) unsigned NOT NULL AUTO_INCREMENT,
  `name` varchar(256) COLLATE utf8_unicode_ci NOT NULL,
  `created_at` timestamp NOT NULL DEFAULT current_timestamp() ON UPDATE current_timestamp(),
  `updated_at` timestamp NOT NULL DEFAULT current_timestamp(),
  PRIMARY KEY (`id`)
) ENGINE=InnoDB AUTO_INCREMENT=101 DEFAULT CHARSET=utf8 COLLATE=utf8_unicode_ci;

INSERT INTO `object_type` VALUES ('1','quasi','2017-09-09 09:32:58','2017-01-17 20:11:18'),
('2','occaecati','1988-12-09 17:13:35','1979-11-11 15:29:33'),
('3','quae','1986-06-01 19:53:24','2018-11-29 11:06:40'),
('4','eos','1978-10-16 19:32:01','1978-02-25 22:07:44'),
('5','nihil','1990-05-03 01:08:46','1976-03-13 02:18:42'),
('6','quae','2005-06-13 03:33:25','1998-08-15 03:02:15'),
('7','eos','2012-08-17 10:25:52','1983-11-11 12:52:44'),
('8','non','1970-02-25 21:54:53','1982-01-15 02:51:49'),
('9','qui','2005-06-18 09:52:07','1987-11-22 21:33:10'),
('10','quidem','2015-01-05 14:23:02','1982-10-18 05:59:23'),
('11','consequuntur','1972-07-14 16:47:23','1983-12-17 10:48:06'),
('12','voluptas','2005-09-06 14:44:45','1980-04-08 02:33:45'),
('13','esse','1981-07-20 21:28:49','1984-02-22 07:39:49'),
('14','illo','1973-09-10 22:17:13','2012-01-11 08:55:04'),
('15','qui','2006-09-26 22:14:56','2002-03-15 20:58:41'),
('16','eveniet','1990-01-08 21:13:03','2013-09-23 07:21:00'),
('17','sunt','1986-02-22 14:34:56','1971-02-14 20:33:11'),
('18','excepturi','2007-04-08 12:37:54','2010-10-02 19:12:35'),
('19','et','1995-04-07 02:27:20','2013-04-26 10:35:57'),
('20','magnam','2012-10-25 19:10:05','1993-02-25 01:01:59'),
('21','est','1971-10-25 21:22:25','2015-10-13 07:21:24'),
('22','nostrum','1988-10-18 20:10:11','1986-07-12 01:49:35'),
('23','consequatur','1974-12-01 19:42:39','1982-05-09 14:14:28'),
('24','ducimus','1979-06-30 19:59:24','1994-10-08 13:32:25'),
('25','et','2014-04-03 07:27:09','1984-12-10 22:07:41'),
('26','in','1980-06-25 20:01:25','2016-11-12 03:28:11'),
('27','fugit','1971-03-27 22:01:34','1977-07-16 07:30:11'),
('28','similique','1973-12-19 15:58:43','1970-05-22 18:29:54'),
('29','natus','2003-06-11 03:21:45','2007-04-06 00:29:41'),
('30','reiciendis','2000-07-15 15:59:07','1997-10-20 01:23:50'),
('31','ea','1983-01-02 19:13:25','2004-02-20 03:21:41'),
('32','dolorem','1990-06-15 12:44:47','1989-05-10 05:53:40'),
('33','ipsum','1971-12-18 18:50:40','1996-09-19 07:10:29'),
('34','dolor','1980-04-27 11:59:22','1975-12-13 14:25:55'),
('35','et','1984-11-30 16:20:53','1986-12-02 21:19:59'),
('36','tenetur','1999-08-05 21:34:47','2007-07-18 20:29:38'),
('37','voluptatibus','1998-07-08 02:01:24','1979-03-14 16:18:06'),
('38','suscipit','2008-04-10 04:09:33','1974-10-03 16:06:03'),
('39','ut','2001-10-25 05:46:29','1990-03-31 05:14:44'),
('40','facere','1995-09-03 10:12:51','2011-01-23 13:06:56'),
('41','alias','1985-06-09 01:58:15','2014-10-26 08:18:05'),
('42','blanditiis','2018-09-15 03:09:07','1989-03-29 03:22:51'),
('43','occaecati','2010-10-31 23:10:18','2002-06-18 20:44:01'),
('44','beatae','1976-07-27 14:16:43','1976-02-03 12:45:37'),
('45','quia','2018-01-22 08:01:10','2013-10-06 11:26:35'),
('46','placeat','1994-07-18 16:52:39','2015-12-20 19:13:41'),
('47','aperiam','2019-08-18 07:31:07','2014-01-18 02:59:21'),
('48','consectetur','1970-11-08 15:04:35','1997-12-14 21:44:17'),
('49','sequi','1992-05-31 06:44:06','2001-02-24 05:24:26'),
('50','dicta','1985-04-03 18:40:02','2000-06-26 23:06:49'),
('51','sint','2010-11-19 09:40:29','2016-01-12 10:58:24'),
('52','quae','1970-08-17 11:28:00','1975-01-08 18:58:42'),
('53','sapiente','2000-11-03 18:13:48','2015-07-23 14:39:03'),
('54','est','1996-04-10 08:37:18','1973-11-02 01:33:56'),
('55','excepturi','1997-07-19 10:48:32','1987-04-07 06:41:11'),
('56','voluptas','2003-01-05 18:13:30','1978-03-11 04:10:18'),
('57','dolorem','1980-12-13 14:37:16','2018-03-26 09:50:31'),
('58','ducimus','2001-10-11 20:31:03','1999-07-19 08:20:13'),
('59','ratione','1977-03-15 08:13:57','1997-10-25 06:16:11'),
('60','architecto','1973-07-13 23:17:14','1974-07-26 09:03:11'),
('61','impedit','1997-11-01 11:25:13','2004-04-01 22:50:23'),
('62','in','1971-03-24 07:27:39','2010-05-03 16:15:41'),
('63','voluptas','2010-05-17 23:21:46','1985-10-14 15:55:00'),
('64','consequatur','2018-10-12 13:39:15','2011-06-01 17:04:50'),
('65','consectetur','1973-03-09 17:26:34','1991-07-23 14:08:04'),
('66','et','2018-03-19 05:18:08','1984-04-10 21:56:02'),
('67','accusantium','2001-12-03 10:21:28','1974-09-24 03:52:50'),
('68','nemo','1987-09-29 13:12:59','2009-07-14 13:07:28'),
('69','qui','2013-11-24 06:11:43','1988-01-26 07:08:32'),
('70','corrupti','1989-01-26 23:14:39','1984-05-29 03:50:26'),
('71','et','2014-02-14 19:10:34','2008-11-12 01:47:36'),
('72','et','1985-01-08 06:01:37','2000-06-03 13:36:50'),
('73','ratione','2019-08-15 04:50:10','1975-09-26 00:51:27'),
('74','magni','1974-06-18 04:32:03','2013-02-07 23:56:11'),
('75','laudantium','2005-06-07 18:39:49','1974-04-21 01:45:47'),
('76','ut','1973-07-27 19:40:33','1971-11-21 17:33:00'),
('77','et','1992-08-03 12:38:29','2008-01-25 15:52:25'),
('78','et','1985-06-15 07:43:18','1988-04-03 12:31:17'),
('79','consequatur','2003-09-19 05:51:38','1989-05-06 06:46:13'),
('80','corporis','1985-05-17 08:12:14','2004-01-04 00:17:35'),
('81','dolorem','1986-10-27 16:13:07','1973-05-03 13:45:16'),
('82','consectetur','1998-04-08 07:03:48','1981-08-21 11:03:52'),
('83','aut','2002-06-24 17:00:00','1970-11-26 12:13:36'),
('84','voluptas','2002-07-08 22:23:27','1991-12-18 16:14:57'),
('85','deleniti','1973-04-23 15:54:19','1999-04-22 06:38:48'),
('86','ullam','1998-06-02 09:18:10','2017-03-25 21:19:53'),
('87','modi','1997-10-21 12:28:13','1991-03-12 22:00:01'),
('88','occaecati','1972-10-19 08:04:41','1991-09-04 18:44:17'),
('89','dicta','1982-02-17 10:29:38','1970-06-05 16:23:26'),
('90','omnis','2001-05-21 09:07:39','1985-12-31 10:05:16'),
('91','animi','1979-06-04 03:05:10','1992-05-23 06:51:28'),
('92','ea','2012-07-20 13:28:19','1979-04-24 13:47:57'),
('93','et','1975-02-12 08:26:17','2016-05-03 02:43:46'),
('94','rerum','1994-10-15 20:21:58','1987-02-02 01:11:52'),
('95','beatae','2013-12-14 03:51:47','1973-04-28 18:24:09'),
('96','quae','2006-03-09 21:53:34','1980-09-14 15:13:59'),
('97','et','1977-06-07 05:11:37','2000-08-16 20:33:37'),
('98','commodi','2009-02-10 10:27:16','2012-02-09 03:41:02'),
('99','quis','1990-04-18 01:30:25','1981-10-12 00:50:39'),
('100','velit','1988-05-10 01:11:03','1987-03-07 20:09:23'); 


DROP TABLE IF EXISTS `profiles`;
CREATE TABLE `profiles` (
  `user_id` int(10) unsigned NOT NULL,
  `first_name` varchar(100) COLLATE utf8_unicode_ci NOT NULL,
  `last_name` varchar(100) COLLATE utf8_unicode_ci NOT NULL,
  `sex` char(1) COLLATE utf8_unicode_ci NOT NULL,
  `birthday` date DEFAULT NULL,
  `hometown` varchar(100) COLLATE utf8_unicode_ci DEFAULT NULL,
  `photo_id` int(10) unsigned NOT NULL,
  `created_at` timestamp NOT NULL DEFAULT current_timestamp() ON UPDATE current_timestamp(),
  `updated_at` timestamp NOT NULL DEFAULT current_timestamp(),
  PRIMARY KEY (`user_id`),
  KEY `photo_id` (`photo_id`),
  CONSTRAINT `profiles_ibfk_1` FOREIGN KEY (`user_id`) REFERENCES `users` (`id`),
  CONSTRAINT `profiles_ibfk_2` FOREIGN KEY (`photo_id`) REFERENCES `media` (`id`)
) ENGINE=InnoDB DEFAULT CHARSET=utf8 COLLATE=utf8_unicode_ci;

INSERT INTO `profiles` VALUES ('1','Abagail','Little','M','1996-11-17','South Adalbertochester','1','2003-11-25 04:28:04','2017-05-06 04:53:52'),
('2','Marlen','Olson','D','1996-08-01','North Dandre','2','2017-11-30 17:49:26','1983-12-08 20:15:05'),
('3','Naomie','Robel','M','2012-11-02','Tomasaburgh','3','2011-01-06 03:30:30','1985-02-23 20:18:55'),
('4','Deja','Dooley','D','1981-06-14','Gulgowskifort','4','2008-01-31 16:51:54','1984-03-05 04:25:30'),
('5','Dimitri','Mosciski','M','2005-04-20','Jenningsborough','5','2003-05-12 05:56:44','2013-03-03 22:46:09'),
('6','Eldridge','Klein','D','1976-11-30','West Gwendolynview','6','1972-11-08 21:11:11','1984-07-11 11:11:13'),
('7','Mallory','Hickle','P','2008-07-03','Port Magali','7','1995-10-19 09:21:40','1999-08-20 04:16:18'),
('8','Melisa','Mosciski','M','1994-11-24','Odietown','8','1983-09-05 17:05:51','2018-02-11 05:07:41'),
('9','Lloyd','Wolff','M','2011-08-10','Bednarland','9','1985-10-04 03:20:40','1985-02-26 03:04:32'),
('10','Jordy','Raynor','M','2001-02-09','Kshlerinburgh','10','2006-03-30 17:19:50','2003-09-16 15:35:24'),
('11','Everardo','Kreiger','M','2011-03-19','North Astrid','11','1981-08-14 15:50:44','1972-09-08 13:08:53'),
('12','Laverne','Reinger','M','2012-05-24','Hyattchester','12','1984-01-30 11:22:26','2011-08-09 17:14:24'),
('13','Nora','Nikolaus','M','1999-11-06','Jimmyberg','13','1972-12-13 21:22:22','1980-06-17 20:34:45'),
('14','Deondre','Gleichner','D','2009-05-20','New Rasheedberg','14','1971-11-21 11:26:57','1993-08-19 04:24:50'),
('15','Candelario','VonRueden','M','1981-09-07','Marvinport','15','2002-07-07 23:48:51','1972-01-18 19:55:08'),
('16','Cruz','Greenholt','P','1996-11-24','North Derrickview','16','1982-11-06 10:20:04','1980-02-11 09:48:05'),
('17','Oliver','Kassulke','P','1973-01-18','Pouroschester','17','2000-06-17 10:30:12','2018-02-24 23:32:12'),
('18','Dylan','Hilll','P','1978-05-12','Dareton','18','2019-08-25 09:53:54','1972-09-27 23:04:38'),
('19','Herminio','Greenfelder','P','1986-06-30','East Shany','19','1983-09-08 06:40:33','1980-12-22 02:41:14'),
('20','Dwight','Balistreri','M','1996-08-07','Rennerside','20','2009-06-27 09:04:02','2000-11-19 13:35:42'),
('21','Duncan','Hickle','M','1975-04-27','New Kathlynview','21','1978-03-08 21:00:50','2015-05-02 13:54:40'),
('22','Kasey','Schinner','M','1982-10-19','Beattystad','22','2004-11-14 05:27:22','1979-06-27 22:00:13'),
('23','Marcelle','Willms','D','1982-02-06','Nolanmouth','23','1995-12-05 23:01:08','2014-01-21 05:11:11'),
('24','Avery','Considine','D','1993-07-29','South Garlandchester','24','1983-10-14 09:42:41','2000-09-14 02:07:13'),
('25','Ola','Bednar','M','1977-06-04','Schillerside','25','2009-09-11 20:55:36','2019-08-27 10:33:23'),
('26','Lurline','Swaniawski','M','2006-11-23','Glennaville','26','2001-03-08 23:23:48','2005-07-06 01:01:27'),
('27','Kip','Feil','M','1999-09-16','New Addison','27','1987-01-06 10:44:20','1997-06-27 08:58:15'),
('28','Kailyn','Shanahan','P','1979-02-12','Titoborough','28','2005-03-20 08:58:06','2016-10-03 12:54:01'),
('29','Art','Dibbert','P','2000-09-13','New Vernice','29','1975-05-26 18:21:22','2017-03-09 03:11:13'),
('30','Jamey','Barton','M','2019-03-29','Wehnershire','30','2004-10-07 21:22:04','2007-07-16 22:08:41'),
('31','Julius','Nader','M','1997-10-08','East Frida','31','2013-04-26 15:19:42','1978-12-28 00:27:54'),
('32','Lora','Renner','D','1982-08-26','Port Brauliomouth','32','2014-07-09 18:20:57','1982-03-24 09:17:05'),
('33','Elody','Steuber','M','1999-05-13','Marquardtburgh','33','2010-02-07 03:53:35','1979-12-14 00:00:51'),
('34','Nathen','Kuhic','M','2003-02-23','Hayesshire','34','1986-09-17 19:36:24','1997-01-22 12:18:20'),
('35','Jamil','Hilll','P','2013-04-09','Ivahland','35','1991-06-30 11:03:09','1995-08-31 20:15:42'),
('36','Kasandra','Bartoletti','M','1988-05-15','West Jarvis','36','2013-01-07 11:59:06','2000-05-17 17:27:57'),
('37','Vida','Crona','M','2005-10-24','Estrellamouth','37','1985-07-08 12:30:03','1988-04-25 19:30:09'),
('38','Eliza','McGlynn','D','2015-06-24','McDermottchester','38','2006-01-16 14:46:37','1991-08-16 03:23:18'),
('39','Shane','Welch','M','1986-09-11','Merlinmouth','39','1971-07-28 08:28:29','2007-09-15 22:23:59'),
('40','Annabell','Kuhlman','D','1988-01-06','Lake Keaganfort','40','2013-09-07 19:07:04','1970-07-22 15:32:22'),
('41','Rosemarie','Hintz','M','1970-11-07','Belleside','41','1977-01-03 07:06:02','1982-09-12 21:32:48'),
('42','Joy','Koch','D','1981-11-26','South Gerry','42','2007-06-06 07:38:29','1982-03-11 05:51:37'),
('43','Ashleigh','Stamm','M','1981-05-02','East Laurianneberg','43','1997-05-28 05:30:32','1978-05-10 14:28:05'),
('44','Raegan','Ondricka','P','1970-11-25','West Marianna','44','1998-09-27 19:06:59','1994-06-19 19:07:05'),
('45','Hunter','Steuber','M','2003-05-22','Oceanehaven','45','1973-04-10 16:16:31','2000-07-16 03:54:44'),
('46','Wiley','Leannon','M','1999-09-23','New Edgar','46','2016-12-15 18:37:59','2004-01-10 12:27:40'),
('47','Jazmin','Veum','M','1979-06-19','New Rodrick','47','1985-09-21 18:55:29','2007-07-21 06:32:34'),
('48','Camron','Batz','D','1986-08-02','Hillsmouth','48','1973-11-11 15:55:48','1987-01-27 15:18:02'),
('49','Alayna','Purdy','D','1999-10-20','North Joychester','49','2011-07-11 00:26:58','2014-11-27 09:40:57'),
('50','Godfrey','Nader','D','1979-09-02','Krisborough','50','1983-04-25 18:19:36','2006-05-10 13:46:59'),
('51','Madonna','Stehr','D','1996-04-13','West Enos','51','1997-03-07 02:59:30','1994-03-07 21:09:13'),
('52','Abelardo','Grant','D','1977-10-31','North Nevamouth','52','1988-09-23 08:54:11','1976-10-25 02:36:16'),
('53','Samanta','Maggio','P','2009-10-18','West Ruth','53','2008-01-28 12:43:41','1986-03-03 16:45:44'),
('54','Price','Jenkins','M','1988-08-06','West Devon','54','1970-03-03 17:31:57','2008-09-19 04:06:52'),
('55','Ludie','Ondricka','D','2000-10-24','East Odiemouth','55','1991-06-29 22:27:57','1985-06-17 23:58:06'),
('56','Kaylee','Miller','M','2018-06-06','Raufort','56','1989-09-12 16:29:25','2018-12-12 17:01:00'),
('57','Idell','Koepp','M','2014-08-12','West Caratown','57','1994-09-14 17:41:22','1986-12-10 00:38:57'),
('58','Malinda','Erdman','M','1974-03-31','Gleasonchester','58','2016-08-31 17:59:28','1992-08-29 14:39:18'),
('59','Peyton','Kerluke','M','2003-07-27','Amirville','59','2003-01-19 00:24:38','1997-10-03 00:55:57'),
('60','Cornell','Zboncak','D','1988-10-24','Morissettemouth','60','1986-11-04 01:07:11','1999-10-21 07:23:58'),
('61','Merle','Koss','M','2001-11-20','Luisaland','61','1970-11-09 04:12:07','1985-02-23 03:04:40'),
('62','Natalie','Lindgren','P','1997-02-09','North Selenamouth','62','1986-07-07 20:52:58','2012-02-15 04:19:19'),
('63','Turner','Ruecker','P','2018-12-26','South Shayne','63','2016-02-02 09:25:45','1986-09-21 07:26:42'),
('64','Kobe','Zulauf','P','1988-04-01','Hintzview','64','1980-07-28 05:06:14','2006-05-15 11:34:44'),
('65','Arthur','Graham','M','2008-10-19','Ocieside','65','2005-03-13 04:31:34','2017-10-24 18:41:52'),
('66','Yesenia','Witting','D','1971-05-08','Nicolaland','66','1973-12-23 15:21:33','1975-09-06 15:37:00'),
('67','Erin','Harvey','M','1994-08-10','Jazlynside','67','2013-09-07 13:30:03','2006-05-01 13:50:37'),
('68','Sonya','Cormier','D','1994-01-19','Vivienmouth','68','1998-11-10 12:03:55','2008-01-30 17:14:07'),
('69','Clemens','Denesik','M','1985-09-12','East Emelia','69','1982-08-09 18:32:53','1977-01-16 18:05:46'),
('70','Aleen','Stanton','M','2012-09-10','Lake Rebecca','70','2006-07-23 22:03:58','1987-07-21 19:18:55'),
('71','Estevan','Smitham','M','1975-09-06','McDermottmouth','71','2007-04-05 12:51:20','1985-06-15 09:11:41'),
('72','Whitney','Padberg','D','1989-09-18','Ewellbury','72','2008-01-11 04:48:32','2008-09-18 22:28:44'),
('73','Emmett','Connelly','P','1991-05-06','Wisozkton','73','1995-01-27 15:23:51','1989-01-24 02:54:53'),
('74','Alessandra','DuBuque','D','1992-06-24','Cartermouth','74','1971-03-19 04:03:55','1987-03-10 11:45:23'),
('75','Madeline','Crist','P','2012-08-03','Altenwerthton','75','1993-11-08 13:59:01','1989-06-21 20:43:51'),
('76','Harold','Kovacek','P','2015-03-06','South Colemanmouth','76','1979-03-15 07:54:51','2012-07-15 03:55:37'),
('77','Daniela','Beatty','P','1978-12-18','East Lisa','77','1984-09-23 16:54:40','2011-12-13 03:27:36'),
('78','Genoveva','Medhurst','D','1995-05-02','Conorchester','78','1984-09-07 05:47:50','1971-08-27 15:52:17'),
('79','Leilani','Purdy','M','2010-11-08','North Esmeraldaborough','79','2003-05-15 04:36:33','2006-04-10 20:53:36'),
('80','Winona','Schimmel','P','2004-10-31','Dachmouth','80','1993-05-31 03:28:23','1971-01-24 14:30:39'),
('81','Ron','Russel','M','2015-03-04','East Micaelaview','81','1992-10-20 15:34:49','1976-06-02 00:12:02'),
('82','Randall','McDermott','M','1972-06-16','South Montefurt','82','1984-09-01 03:06:28','2007-11-08 07:04:04'),
('83','Neha','Howe','D','2005-08-26','South Johnsonland','83','1994-11-12 12:48:15','1994-07-20 15:43:27'),
('84','Blair','Paucek','D','2005-04-19','Reingerport','84','1974-01-14 02:52:37','1997-10-24 15:35:15'),
('85','Ally','Sporer','M','1998-04-19','Port Omaberg','85','1971-11-06 04:54:49','1984-07-31 18:16:15'),
('86','Jayne','Carroll','D','1974-04-03','Simberg','86','1993-02-20 06:48:22','1980-04-01 20:45:37'),
('87','Liza','Bartell','D','2000-06-18','Lake Gretchen','87','2011-08-28 07:12:46','2016-08-01 16:14:54'),
('88','Ray','Stehr','P','1993-06-16','Port Stacyville','88','1994-08-25 09:37:52','2003-12-23 10:44:25'),
('89','Florence','Kuphal','P','1988-12-10','Lake Joesphview','89','2010-03-30 22:54:43','1994-09-26 14:07:35'),
('90','Freddie','Bednar','P','1993-07-11','Astridland','90','1999-11-26 20:05:41','1993-01-25 07:07:45'),
('91','Lavern','Windler','M','2013-05-15','Maciefort','91','1986-05-15 08:10:59','1983-06-07 21:58:59'),
('92','Mona','Gutmann','D','2001-03-23','Raynorside','92','1993-06-07 12:18:37','1975-10-24 19:08:27'),
('93','Damaris','Howe','M','1992-02-21','Lake Bernicebury','93','1990-07-03 07:02:10','2010-10-11 02:15:13'),
('94','Oceane','Berge','M','2000-05-26','Greenholtstad','94','1981-04-19 12:17:18','1980-06-08 20:13:04'),
('95','Cleveland','Cruickshank','M','2000-11-04','Janastad','95','1992-02-23 14:55:32','2000-09-24 09:24:25'),
('96','Shany','Cruickshank','P','2008-10-02','Isobelmouth','96','2004-09-25 13:04:05','1980-03-01 15:49:49'),
('97','Kaela','Kling','M','2015-05-31','Jermainton','97','1981-03-21 00:45:20','1988-05-17 07:57:21'),
('98','Shawna','Lehner','P','1978-10-18','North Savannaside','98','2011-07-25 06:38:17','1985-10-29 22:48:27'),
('99','Salma','Lindgren','D','2004-07-07','Boganberg','99','2017-07-11 18:25:03','1996-07-01 03:01:39'),
('100','Reyna','Langworth','P','1997-05-28','New Makennaberg','100','2006-04-14 02:17:37','1977-05-07 15:24:23'); 


DROP TABLE IF EXISTS `roles`;
CREATE TABLE `roles` (
  `id` int(10) unsigned NOT NULL AUTO_INCREMENT,
  `name` varchar(256) COLLATE utf8_unicode_ci NOT NULL,
  `created_at` timestamp NOT NULL DEFAULT current_timestamp() ON UPDATE current_timestamp(),
  `updated_at` timestamp NOT NULL DEFAULT current_timestamp(),
  PRIMARY KEY (`id`)
) ENGINE=InnoDB AUTO_INCREMENT=101 DEFAULT CHARSET=utf8 COLLATE=utf8_unicode_ci;

INSERT INTO `roles` VALUES ('1','qui','1998-03-22 19:41:27','1978-10-01 19:28:32'),
('2','quo','1971-09-28 18:29:52','1992-03-13 10:02:50'),
('3','omnis','2016-02-15 13:50:01','1976-03-16 23:44:00'),
('4','aut','1984-11-14 02:06:18','2001-09-01 23:12:23'),
('5','adipisci','2006-09-21 18:20:35','2013-03-05 23:24:38'),
('6','impedit','2010-09-24 16:40:09','1999-05-28 20:47:42'),
('7','id','2007-06-29 08:42:38','2017-11-15 14:33:26'),
('8','dicta','2015-08-28 09:02:42','2004-06-12 11:18:26'),
('9','recusandae','1975-01-17 09:14:26','2009-06-14 03:06:18'),
('10','eum','2012-02-28 01:07:26','1979-05-30 01:46:57'),
('11','earum','2001-12-21 10:02:09','2015-01-24 01:33:08'),
('12','cum','1987-02-23 16:00:32','1989-05-17 10:32:35'),
('13','voluptas','1977-05-01 17:25:42','1972-05-27 02:22:10'),
('14','autem','2007-10-24 00:11:07','1972-08-03 13:39:40'),
('15','ad','1996-02-29 23:59:47','2012-12-11 08:32:51'),
('16','voluptatem','2015-05-30 22:59:25','1991-03-23 03:55:30'),
('17','voluptatem','1988-12-30 18:25:18','1976-10-20 16:33:22'),
('18','totam','2006-11-23 09:21:49','2015-10-20 12:02:47'),
('19','maiores','1984-08-31 17:03:04','2014-12-30 21:42:06'),
('20','ex','2016-03-24 11:54:55','1982-05-05 01:52:10'),
('21','eligendi','1980-06-01 22:42:16','1973-08-20 10:10:18'),
('22','ut','1999-01-19 23:32:04','1971-12-07 22:24:49'),
('23','et','1975-05-11 19:17:50','2014-09-17 18:59:04'),
('24','voluptatem','2012-11-04 13:49:49','1974-12-13 05:32:37'),
('25','quisquam','1984-07-27 06:14:41','2018-02-06 14:31:46'),
('26','distinctio','2011-05-06 05:34:53','1988-03-30 00:30:10'),
('27','suscipit','2018-11-19 21:16:31','1976-10-08 08:46:09'),
('28','aliquid','1986-06-09 07:18:20','2001-06-27 09:55:45'),
('29','vitae','2005-03-21 18:54:41','2001-02-19 04:19:53'),
('30','repudiandae','1984-12-12 04:52:10','1976-10-12 03:39:04'),
('31','exercitationem','1980-05-31 13:53:33','2008-12-07 01:52:34'),
('32','nisi','1982-04-13 10:25:26','1980-09-09 05:14:48'),
('33','ut','2004-07-11 08:37:52','1992-07-01 07:20:56'),
('34','culpa','1977-06-10 04:46:56','2008-06-29 23:15:29'),
('35','vitae','2014-10-17 02:02:41','2015-05-26 17:26:46'),
('36','aut','2008-08-10 09:35:02','1975-06-10 06:25:11'),
('37','et','1985-04-30 16:01:50','1971-01-26 14:35:23'),
('38','et','1995-01-12 18:06:04','1978-09-27 09:18:57'),
('39','dolorem','2004-01-03 01:18:21','1985-12-10 08:19:37'),
('40','illum','1983-01-16 18:46:26','2015-03-20 06:55:13'),
('41','sed','2000-06-28 06:12:47','1983-01-13 03:33:09'),
('42','numquam','2015-04-06 10:19:05','2004-05-31 14:28:01'),
('43','itaque','2017-11-11 07:36:28','2007-12-18 14:39:18'),
('44','omnis','2018-04-15 22:29:55','1991-12-27 22:27:29'),
('45','maiores','1987-11-30 17:39:34','1975-04-01 01:41:03'),
('46','odit','2015-12-04 00:27:42','2009-02-04 11:58:14'),
('47','accusantium','2010-02-02 06:21:40','1977-07-01 22:43:08'),
('48','ea','2014-09-03 10:37:36','2006-03-30 16:13:58'),
('49','corporis','1991-06-23 12:23:10','1989-03-11 03:04:13'),
('50','ea','1990-10-21 14:13:21','1994-11-08 07:13:25'),
('51','ab','1978-02-14 02:43:04','1972-04-12 10:39:32'),
('52','molestiae','1973-01-19 04:15:07','1970-03-17 08:07:16'),
('53','aliquam','2013-08-24 21:01:45','1996-12-15 11:02:25'),
('54','velit','2014-01-08 08:18:25','1994-06-25 21:55:09'),
('55','et','1994-07-21 18:50:25','2010-05-07 16:53:34'),
('56','quis','2002-02-10 19:23:59','2011-08-21 09:49:44'),
('57','repudiandae','2002-06-11 23:36:32','1974-08-24 10:45:56'),
('58','doloremque','2000-05-15 04:56:29','1997-05-07 22:26:48'),
('59','et','1996-09-10 00:00:09','1977-02-28 11:06:44'),
('60','voluptatum','2001-12-15 03:52:41','2019-03-31 04:26:14'),
('61','ad','2002-12-22 17:48:58','2018-02-23 09:40:47'),
('62','cum','2015-10-18 13:49:01','2007-02-27 13:16:21'),
('63','non','2004-05-16 20:18:50','1983-11-10 06:23:08'),
('64','fugiat','2019-06-20 20:44:19','1977-09-12 22:23:41'),
('65','tempore','2012-09-10 00:00:25','2017-07-26 15:38:25'),
('66','ab','2015-03-30 04:37:14','1976-09-26 16:49:52'),
('67','voluptas','1973-01-13 13:04:45','1971-12-25 12:44:41'),
('68','voluptates','2013-10-06 00:30:20','1979-08-14 22:02:15'),
('69','sit','2006-08-01 19:49:55','2006-12-16 18:16:12'),
('70','maiores','1991-07-31 07:10:37','1996-07-15 17:41:11'),
('71','aut','1973-08-02 06:30:50','2002-04-30 05:32:50'),
('72','eos','1981-07-01 15:49:09','1998-11-21 22:05:49'),
('73','cumque','2013-04-13 04:00:04','1979-03-15 22:40:42'),
('74','in','1974-04-18 06:43:00','1974-09-29 17:20:54'),
('75','et','1977-05-05 10:02:13','2012-07-19 21:21:38'),
('76','eos','2014-07-22 11:19:09','1982-12-25 04:15:32'),
('77','molestias','2000-08-06 22:09:01','1988-06-17 17:38:10'),
('78','facere','1996-10-04 01:43:27','2004-07-31 01:33:09'),
('79','quod','2005-10-05 01:30:44','2005-01-01 14:05:16'),
('80','sed','1986-01-04 19:47:40','2002-08-07 00:49:29'),
('81','corporis','1996-09-11 06:24:42','1977-10-27 11:53:36'),
('82','ea','1982-05-14 21:05:26','2002-05-25 02:42:20'),
('83','aperiam','1981-07-06 23:18:05','2018-07-31 21:39:56'),
('84','aut','2008-09-10 15:21:23','2002-02-26 03:14:08'),
('85','reprehenderit','1983-04-11 02:42:20','2003-03-22 23:36:27'),
('86','repellendus','1995-02-10 00:01:39','1996-02-28 08:12:52'),
('87','quisquam','2017-10-24 15:24:50','2011-04-22 23:19:48'),
('88','quae','2004-02-25 17:19:43','1980-04-01 22:24:26'),
('89','voluptatem','1985-11-29 10:37:12','1972-02-11 05:01:49'),
('90','blanditiis','1992-05-05 01:55:48','1999-10-05 07:44:03'),
('91','consequuntur','1975-02-24 01:42:20','2009-01-28 07:55:36'),
('92','eveniet','1978-12-18 00:47:39','1995-05-06 04:05:23'),
('93','minus','2000-01-26 12:36:07','1973-02-03 04:57:33'),
('94','iure','1987-10-25 14:06:42','1998-05-13 09:41:39'),
('95','sequi','1976-12-28 10:03:47','1994-08-13 12:47:28'),
('96','placeat','1972-08-09 20:43:16','1978-02-21 11:41:21'),
('97','excepturi','1988-09-20 23:13:13','2010-10-29 15:51:45'),
('98','id','2001-08-30 20:18:54','1972-12-12 01:11:57'),
('99','sapiente','1975-10-17 12:37:46','2006-12-09 22:33:21'),
('100','dolor','2007-03-17 03:53:19','2002-01-19 15:52:33'); 


DROP TABLE IF EXISTS `user_roles`;
CREATE TABLE `user_roles` (
  `user_id` int(10) unsigned NOT NULL,
  `role_id` int(10) unsigned NOT NULL,
  PRIMARY KEY (`user_id`,`role_id`),
  KEY `role_id` (`role_id`),
  CONSTRAINT `user_roles_ibfk_1` FOREIGN KEY (`user_id`) REFERENCES `users` (`id`),
  CONSTRAINT `user_roles_ibfk_2` FOREIGN KEY (`role_id`) REFERENCES `roles` (`id`)
) ENGINE=InnoDB DEFAULT CHARSET=utf8 COLLATE=utf8_unicode_ci;

INSERT INTO `user_roles` VALUES ('1','1'),
('2','2'),
('3','3'),
('4','4'),
('5','5'),
('6','6'),
('7','7'),
('8','8'),
('9','9'),
('10','10'),
('11','11'),
('12','12'),
('13','13'),
('14','14'),
('15','15'),
('16','16'),
('17','17'),
('18','18'),
('19','19'),
('20','20'),
('21','21'),
('22','22'),
('23','23'),
('24','24'),
('25','25'),
('26','26'),
('27','27'),
('28','28'),
('29','29'),
('30','30'),
('31','31'),
('32','32'),
('33','33'),
('34','34'),
('35','35'),
('36','36'),
('37','37'),
('38','38'),
('39','39'),
('40','40'),
('41','41'),
('42','42'),
('43','43'),
('44','44'),
('45','45'),
('46','46'),
('47','47'),
('48','48'),
('49','49'),
('50','50'),
('51','51'),
('52','52'),
('53','53'),
('54','54'),
('55','55'),
('56','56'),
('57','57'),
('58','58'),
('59','59'),
('60','60'),
('61','61'),
('62','62'),
('63','63'),
('64','64'),
('65','65'),
('66','66'),
('67','67'),
('68','68'),
('69','69'),
('70','70'),
('71','71'),
('72','72'),
('73','73'),
('74','74'),
('75','75'),
('76','76'),
('77','77'),
('78','78'),
('79','79'),
('80','80'),
('81','81'),
('82','82'),
('83','83'),
('84','84'),
('85','85'),
('86','86'),
('87','87'),
('88','88'),
('89','89'),
('90','90'),
('91','91'),
('92','92'),
('93','93'),
('94','94'),
('95','95'),
('96','96'),
('97','97'),
('98','98'),
('99','99'),
('100','100'); 


DROP TABLE IF EXISTS `users`;
CREATE TABLE `users` (
  `id` int(10) unsigned NOT NULL AUTO_INCREMENT,
  `name` varchar(256) COLLATE utf8_unicode_ci NOT NULL,
  `email` varchar(256) COLLATE utf8_unicode_ci NOT NULL,
  `email_confirmed` bit(1) NOT NULL,
  `phone` varchar(64) COLLATE utf8_unicode_ci NOT NULL,
  `phone_confirmed` bit(1) NOT NULL,
  `password_hash` varchar(1024) COLLATE utf8_unicode_ci DEFAULT NULL,
  `blocked` bit(1) NOT NULL,
  `created_at` timestamp NOT NULL DEFAULT current_timestamp() ON UPDATE current_timestamp(),
  `updated_at` timestamp NOT NULL DEFAULT current_timestamp(),
  PRIMARY KEY (`id`)
) ENGINE=InnoDB AUTO_INCREMENT=101 DEFAULT CHARSET=utf8 COLLATE=utf8_unicode_ci;

INSERT INTO `users` VALUES ('1','gaylord.darrion','geovanny.gaylord@example.com','1','+30(5)3202100932','0','f9e20680e58746a1f959bcc95d501ac6347c308e','1','2019-08-11 22:18:16','1987-09-25 18:10:40'),
('2','carolyn94','jacobs.bill@example.com','0','(493)284-7081x5855','0','15e1fc6310bf18a9ce96f4ce1cb32e42feca1111','0','1990-08-08 03:54:34','2000-12-03 04:05:31'),
('3','rkihn','rosina.o\'hara@example.net','0','1-074-109-2670','1','1bf6f593147a7d0fcd679a34bc2478afccdb28be','1','2005-01-06 04:35:42','1982-08-14 02:15:51'),
('4','beth47','ro\'conner@example.com','0','1-299-512-8910x528','0','833b37eb01e739f2dfb314a0bbc890d7cb60b475','0','2010-11-19 18:09:25','1993-06-14 02:33:26'),
('5','gzemlak','jessie48@example.org','0','(198)720-3901','0','fc37680d578dddfcebe292f2a6297a198b46cca2','1','2014-11-11 10:33:02','1971-08-01 16:28:19'),
('6','bhowell','fbartell@example.com','1','933-131-5290','0','2552d173976fbbaea308b23bd4571be4a2f9a125','1','2003-04-01 01:56:29','2000-10-21 23:44:18'),
('7','darien.muller','mbartoletti@example.com','1','+42(4)8528535202','0','4ec677d76e1a222a1d5fbfffa76cc4944e58368e','0','2018-02-08 02:08:43','1981-12-18 13:16:15'),
('8','stephon.quigley','ulang@example.net','1','921-614-8557x24206','0','99dc587f896427deb25ce2983ac427ef90f8e7fe','1','2009-08-07 03:01:36','1987-02-25 16:32:40'),
('9','amitchell','stroman.may@example.org','1','(551)385-6334x2651','1','28d70c6509b27a4c5dd517743a9e4640fdedb91e','1','1995-05-21 09:38:43','2016-03-14 05:34:04'),
('10','vita05','bkrajcik@example.org','1','069-492-2493x870','0','59eb760d20c4e776094836f93eb4fcc38b1dfcd8','0','1986-08-04 23:29:14','2014-06-04 06:20:12'),
('11','hbarrows','vbeier@example.com','0','752.024.5557','1','60a462f6011cc362fe9233cd00d8d465738444b5','1','1978-04-18 00:35:23','1973-08-15 00:10:06'),
('12','carter.gregoria','ricardo.kris@example.org','0','892-653-3700','1','017375b1ee80312f7088b95be759659f6c6312c4','0','1971-06-02 00:10:50','2013-12-23 06:15:25'),
('13','mathilde24','smarquardt@example.net','1','(329)445-9798x33577','0','6f6cea0b97eaf12126d27f873d3cfdad854203b8','1','2000-04-24 19:24:55','2018-12-22 23:10:12'),
('14','mweissnat','stokes.tara@example.net','0','564.191.9322','0','f13621910cb2cc3210498981a60816cbaab555d6','1','1994-12-19 16:41:46','1973-09-25 12:57:56'),
('15','howard75','nhermann@example.com','1','1-774-429-1992','0','955bbc0809796830b2e1c63b8f1b6acf1f1809f0','0','1992-03-14 02:31:22','1998-01-24 17:30:26'),
('16','buford89','perry.grady@example.com','0','(837)676-5197x98989','0','0452d52c471a148de86487bec0d2e4af7daadaba','0','1988-09-23 10:09:18','1982-03-27 03:08:12'),
('17','keebler.jedidiah','jayne98@example.com','1','1-522-876-5759','1','44a0844a708c71164f145a6eeb89ff382b800214','0','1986-10-20 15:37:46','1985-02-17 15:43:55'),
('18','raven18','auer.casey@example.com','1','589.514.8447x258','1','7f89fc22598432fd0600d8bcdb717d143c5bfabf','1','1970-01-24 13:45:44','1981-10-07 14:13:07'),
('19','hdubuque','vada61@example.com','1','616-418-8840','0','d4c6bbac410ad5e7094b4804e53fdb0db63bb8dd','0','2002-01-29 05:25:26','2019-05-08 11:43:27'),
('20','lemke.roosevelt','padberg.claudine@example.net','0','1-034-846-2814','0','8d50a1a9b43785159c6b6d1aa1b9c89fdbec50c1','1','2004-11-19 12:39:13','1975-07-16 02:18:48'),
('21','brakus.noelia','devon79@example.net','1','08252825059','1','4d4eede24cd6de635e94c57dd81e1fc7ed68290d','1','1985-08-17 12:16:34','2010-11-17 07:10:30'),
('22','misael.kuhlman','jeremy.johnson@example.com','0','977.937.4400x7748','0','5a4c19eddb81d3e4c324468b4c006f7137fb8c24','0','2011-03-05 22:25:45','2012-12-14 11:30:35'),
('23','zwaters','xhermann@example.com','0','1-160-330-9525x127','0','9d94167172bb383018fb9d5f90d3b3af00279c4d','0','2016-11-23 08:56:12','1994-08-28 06:01:06'),
('24','rowena33','maymie.schmidt@example.org','0','+64(0)2068940909','0','83d2a432b2424fb66214b8474a4602027ca751da','1','1985-06-22 00:08:19','2007-06-29 23:11:54'),
('25','reichert.kaley','autumn11@example.org','0','281.083.3422','1','eb83d61c5b327a31a8f4cd255d32570577b167a2','0','1980-05-22 15:40:39','2017-04-28 01:39:07'),
('26','hilpert.gussie','ulises.moore@example.net','1','923-247-0829x5002','0','7cc3d720b978a77261db5cbe8377de89ca2a3d75','1','2001-07-16 20:23:57','2004-03-01 06:38:58'),
('27','helena98','neil37@example.org','1','+20(1)1645489553','1','d184bdc8751279af5d2aaf363659dd27662de5e5','0','1976-01-18 15:31:43','1991-04-18 21:55:29'),
('28','julien47','will89@example.com','0','(270)877-2136x5984','0','faa4544d1f8879ae94ef2ad07f0c8d1ce0e4db8f','0','2003-03-15 10:25:35','1983-01-08 23:48:34'),
('29','bell.pfeffer','hoppe.haylie@example.org','0','1-941-144-2285x35081','1','e52baf2770254baa0052e2b925dabd6f37a6ac16','0','1979-01-17 20:43:57','2007-09-19 12:45:04'),
('30','wo\'reilly','oda.mayer@example.net','0','+36(6)8787404448','0','bb4f061363de520b66c91295992e9b4841180618','0','1971-02-12 12:36:04','2013-03-03 05:08:38'),
('31','ullrich.merritt','bettie25@example.org','1','132-404-7238x118','1','8472b2290e39141a006ca3491259d8d7f2fc72da','1','1977-10-21 09:43:20','1981-05-30 18:16:12'),
('32','laverna.auer','gstark@example.com','1','01230480109','0','07edd918acf849b1e10b574fcd547d27c0eff4e9','0','2001-01-03 08:12:20','2010-10-16 17:15:05'),
('33','grimes.estevan','antonio68@example.com','0','368.319.3572x03162','0','92131a7fab23a948d99eae846ff1e365e14573b6','1','1984-10-02 01:01:51','1975-12-01 06:02:45'),
('34','arnaldo.runolfsdottir','jsanford@example.net','1','733-644-7769x3647','0','6a3744d5a547a163683ba4145b156f210820dddc','1','2002-05-16 21:10:04','2016-03-21 08:29:18'),
('35','evie.bradtke','wjacobs@example.com','1','+62(4)8773130356','0','e3f878a4662afa55cfe8b9211a358a2a71ee5212','1','1977-02-23 15:12:20','2003-01-15 21:25:10'),
('36','leanne.rempel','dietrich.taryn@example.com','1','(041)105-9395x130','0','2b0cae802b9217db8c0376ce5a9bc7a3fbedc9c7','1','2010-09-11 17:48:58','1975-01-18 20:20:54'),
('37','vicky.jakubowski','rowe.athena@example.net','0','+18(8)5236787371','0','3618527fc4eec86ac1a37cfe3a1d1efcf0f21ccb','1','1990-08-05 10:49:03','2003-06-05 00:26:34'),
('38','barrett98','barbara31@example.net','0','370.129.8190','1','bbadae5fd0114a33ee25636bd77dcebabc50d61a','0','1986-10-08 01:23:06','2018-10-03 17:05:27'),
('39','pkovacek','kuphal.francesco@example.net','0','1-824-600-6210x464','1','8f699b7d448ce20983b84080bf83e74f3b47f202','1','1984-01-03 02:29:29','2005-03-06 13:59:47'),
('40','theresia57','zmurray@example.com','0','+92(0)9355034702','0','3767f48a0bb85fae6ce28e71cd4bf9f33078f428','1','2008-09-18 02:04:43','2018-02-07 02:23:16'),
('41','christiansen.tyreek','carolanne61@example.org','1','1-031-100-1583x835','0','91f68dd64c787144c9bf92d6ab2cb4517cbddccb','0','2005-01-05 11:10:31','1981-12-23 13:46:40'),
('42','grady.gabriella','nmarks@example.org','1','1-467-136-2908x004','0','04d165d190e7ad93662a6cc258e05d28db967e33','0','1991-12-15 12:19:36','2012-11-09 14:11:21'),
('43','fhirthe','giovanni.west@example.com','1','06269722776','0','a4a113345abbd1def121e8d89441daa7e8e7966a','0','1990-08-30 14:39:38','1970-05-06 06:21:15'),
('44','jess.oberbrunner','kailey59@example.net','1','1-330-703-8674x3490','0','10bf1ca277638b67b435451c15a34bded500f347','0','1994-07-07 05:15:48','1971-05-30 09:32:02'),
('45','ethel34','ismael.ruecker@example.org','1','888.604.4778','1','7da2fa0af16f5d4d0c16546fdbf53b151f86cf4d','0','1999-03-29 18:44:11','1989-01-18 16:45:58'),
('46','wuckert.lenna','uhickle@example.org','1','833-867-2605','1','443a6b144417d0b5433217d53cf417b9fc2f2083','1','1981-07-09 18:19:02','1979-09-17 14:23:58'),
('47','blick.elwin','noemie.sawayn@example.net','1','(167)337-9308x500','0','7ef7ab288dae57d2c6f79ff33a92e9e40db28d7d','0','2005-06-01 12:21:22','1999-12-24 23:08:32'),
('48','rkirlin','xkertzmann@example.org','0','1-222-479-0636x289','1','449e703fd301f1273cc15ce030a0cc1b6b045cc4','1','1981-05-09 03:33:29','1998-11-04 02:07:25'),
('49','kevon86','alfred.crist@example.net','1','744.300.5489','0','e213f0cfc1d2a6316d88cc1c52ffada029b8eb28','0','1996-03-23 01:38:10','1973-06-17 07:18:19'),
('50','svolkman','pschinner@example.net','1','(602)444-7012x97120','0','d5fe288ce48074c6b88efeb683b75622be2b5d9d','1','1973-03-06 13:50:13','2000-05-07 17:08:55'),
('51','marks.dee','eernser@example.net','0','(128)759-2879x098','1','6d748e3c31c7232840449dce89e76cb6199a0ec1','1','2010-08-04 02:03:58','2010-07-30 17:42:26'),
('52','tzemlak','everette74@example.org','0','1-031-458-8605x2728','0','54f0dc398163c98713be35d06d1825bcc79c93df','0','1995-10-07 04:17:56','1976-08-02 12:48:33'),
('53','lindsey.abshire','sheila.pouros@example.org','0','(300)612-3674x67611','0','fe3470280600af674394d5a4ae778ee52ed30f12','0','1991-04-10 03:59:57','2013-03-08 07:14:42'),
('54','vonrueden.ellsworth','hledner@example.net','1','(932)707-1415','1','b31013a2f467b4f496c7cff8e10735455dff1ed8','1','2015-03-31 10:58:59','2013-10-09 01:38:04'),
('55','maximilian25','wsmitham@example.com','0','+15(5)9216987263','0','d2c6963f875092b4167c26aa5519e56f5d59a9b7','0','1979-01-21 13:42:47','1974-09-23 21:56:56'),
('56','boyer.cyril','xkris@example.com','1','(330)773-4848x69920','0','b7bdb7518bf407b7113f03b74a289a9bd38c3cfe','0','1971-06-19 17:46:38','1996-07-02 03:09:16'),
('57','liliane04','oswift@example.com','0','09283051481','1','81f63245561863b9aecac70da592cb0d7d9086a5','0','2007-06-01 13:27:09','2015-03-27 22:28:21'),
('58','yrunolfsson','ybogisich@example.org','0','1-483-457-2630x642','1','d4676a4e145bde7012804c47570f1244cc0a69bd','0','2008-11-22 07:28:49','2016-08-19 23:19:24'),
('59','emmanuelle92','rickey50@example.org','0','107.297.9041x531','1','d8a4c2c15a2709573b79f52286091b5ae6bc612e','1','1989-04-14 00:05:53','2013-10-20 07:50:55'),
('60','ukoepp','seth64@example.com','0','675.397.2731x35315','1','a16eb7efe677431c00fa3bc1761fc2c9304be84d','1','1984-06-11 18:59:02','2018-03-16 05:56:30'),
('61','vhomenick','lisette96@example.org','0','1-334-084-8897','0','e1344f4509d402c90635ad66acdf04234c7be786','0','2014-04-24 14:39:18','1982-12-01 15:17:01'),
('62','kkohler','melissa15@example.net','0','+60(8)4133455598','0','40e272003f624ad6042a3098523dd98dc15f1850','0','2007-04-23 08:22:24','2006-01-07 16:25:21'),
('63','sherman70','dusty.kreiger@example.net','0','+85(8)3187977043','1','a9378bb6c691e3d6bd420ab9d0c24db414f53a98','0','2019-08-11 21:47:35','1999-11-17 05:16:13'),
('64','tressa.yost','mclaughlin.van@example.com','1','1-061-239-0088','0','77ac6f7ecaa619e0385eca2d9cceef33c982f534','0','2002-09-05 16:16:50','2011-07-24 08:13:02'),
('65','rosemarie59','kaycee.hoeger@example.org','0','303-962-7491x5882','1','253bf57b76eb4e83ff9bc400078aba4b6883f043','1','1991-02-22 19:54:58','2009-05-29 03:30:12'),
('66','botsford.hildegard','ashtyn42@example.org','0','1-685-176-1320x396','0','037c2d5caecfc9385c5844fd251db420562a9c1f','0','1977-11-19 02:07:23','2017-09-17 22:59:51'),
('67','fpagac','jovany.herman@example.net','1','966.004.2703','1','a1f738d132b907f40da49890cd1456683bb82304','1','1984-08-02 09:41:33','1973-02-12 12:37:09'),
('68','nswift','ykonopelski@example.org','0','521-754-7839x63409','1','2334b1492f54c2c7968c7aa168b60f5018a042af','0','1981-03-11 02:31:04','1991-11-30 04:45:22'),
('69','chase.romaguera','romaguera.jovan@example.net','0','(878)282-9732x17759','0','aaae1999b5e5d6404cd1ad8935e733b3cec80cde','0','1970-09-30 08:53:14','1971-08-12 16:37:18'),
('70','lesch.thaddeus','veum.cloyd@example.org','0','040-959-8782x15070','0','7b6119470d7974acd1a9f2eeeb3efc70c0f548f2','0','1995-10-13 00:05:44','1994-11-26 12:58:23'),
('71','charity.ziemann','kihn.tanya@example.com','0','542.416.4393x8658','0','77d1bb1a70c2a70cbed355384898d0f9ea1786d4','0','1998-04-26 20:36:00','2013-08-10 14:07:39'),
('72','emiller','golden31@example.com','0','(734)475-8896','0','5defad6fe1f106516a05ab9aa37e221425affeb2','1','1972-03-22 23:04:47','2011-10-14 16:09:29'),
('73','cschulist','qlittle@example.org','0','690.606.9333x24291','0','103d6f60fc3ea28d691f1370bf4d03904ac33453','0','1979-10-31 16:11:28','1977-04-21 09:13:42'),
('74','hassie.hegmann','kschneider@example.net','1','1-683-116-6767','0','9567bd4910467844ebf8facb59f905ef92e7f197','1','1971-02-28 05:32:02','2005-06-02 17:02:00'),
('75','rosina06','farrell.waino@example.net','0','1-246-097-3941x948','0','92b3f32e0f9a2263df2598973f2c95a8f7a4b038','0','2006-01-27 18:26:52','2017-09-17 03:39:01'),
('76','glover.jaquelin','lue05@example.com','0','(817)712-8410x350','0','c561767024da899a62cad3e187a65defc12a8060','0','1979-09-26 13:29:10','2018-05-03 02:38:48'),
('77','johnson.emard','elizabeth.sawayn@example.net','0','05121798574','1','9346bc867be30b800e992ede2de258362883a143','1','1970-09-30 12:40:16','2006-11-01 20:13:22'),
('78','ashley.mccullough','qmurazik@example.net','0','09968145482','0','81702db26305e64141ab63902a3052cebc3f63fb','1','1980-01-20 23:02:33','1989-08-02 15:51:14'),
('79','davis.jack','runte.coy@example.net','1','(047)926-7100x47218','0','76f596bd3e9fef45705640ffd30bc00468852351','1','2017-09-07 09:31:35','2014-08-31 21:24:20'),
('80','friesen.hal','brown.elisha@example.com','1','253-777-9624x9899','0','218929c276dd27b7ad5b526e91a4885c0ac7dae6','1','1982-05-07 12:54:13','2015-11-24 12:20:01'),
('81','jgutkowski','douglas.balistreri@example.net','0','1-114-917-4891x995','0','d12f832ca0ed181f0404c45336e6fb5b1aa95f47','1','2017-07-26 05:42:54','1984-01-13 03:09:50'),
('82','hmills','virginie.klocko@example.com','1','312-579-9583','1','7ae88bb094860d40a9ff91f9a87923fc61562cb1','1','2002-07-31 22:28:28','1976-06-01 20:30:44'),
('83','earnest.mitchell','frami.kaitlin@example.com','0','1-956-587-7130x74786','1','1b6544b0c845bd73ea25062bd703e77a9005ec24','0','2012-12-11 07:03:40','2000-02-17 04:22:24'),
('84','wuckert.tressie','deron.douglas@example.com','0','691-504-5400x26633','0','1a89902d2704135df178332336fe91274c9ea6d2','0','1970-10-27 02:46:43','1975-12-07 13:53:15'),
('85','gideon96','sammie49@example.net','0','1-293-688-7574x21453','1','52d88129d7b422173f140e3635bb82ae5ed30b5b','1','1974-07-29 00:34:35','1979-02-17 14:17:48'),
('86','brooke50','christopher31@example.org','0','1-988-631-9593x45970','1','32af62890271e69506be46049faad7c9b65e9ec3','0','2011-03-13 14:38:07','1975-10-31 16:47:24'),
('87','ncarter','edyth.corwin@example.com','1','(503)185-8604x5247','0','846600dccd4940ed3c468d23235aa4cbe86b83f2','1','2015-04-30 20:09:16','2008-03-16 07:02:45'),
('88','emilia38','gerardo.lubowitz@example.org','1','299.199.7892x7162','1','a1af22b2d6ea85281ff34bc021e3d95cf1f71d53','0','1978-10-19 11:34:52','1990-10-07 22:11:50'),
('89','ghilll','oboyer@example.net','1','509.326.0532x684','0','f4823aeb45f91e4e2e6179e0d37281db949b1c1f','0','1990-08-26 01:39:04','2005-11-16 09:50:23'),
('90','arlie.dickens','ezequiel.turner@example.net','1','06499730347','0','3ef8e78d156dc444ced7c3ea6825793c1d1281eb','0','2012-09-14 02:18:41','1975-02-15 02:52:48'),
('91','pgerhold','casandra80@example.org','1','(170)250-7785x53650','1','27e65b3d981ce2e6e2ce6bb0d349e645c0475ccf','1','2018-01-10 06:47:45','1985-02-17 05:55:10'),
('92','vhamill','collier.eliseo@example.com','1','619-417-1142','1','4764c7bc8390bfa9ed86e26521d02147c115deec','1','2011-07-30 21:35:25','1996-04-02 08:20:12'),
('93','dawson.pollich','mariana.haag@example.com','1','426-906-9870','1','01c4f9363497c464967a89077037cbb016c6dd53','1','2007-12-05 01:52:17','1973-07-28 13:33:27'),
('94','qyundt','hanna.rogahn@example.net','0','977.567.7322','1','7d0f52c2a58fdf743c7d6141af3d786c8f554243','0','2017-03-06 10:25:04','1990-04-11 05:07:13'),
('95','johnpaul.sipes','altenwerth.eliezer@example.org','1','234.792.1224x3836','0','98a40ec6a1940bb6d78fd7e6136500e1155f7204','1','2014-09-01 21:14:07','1988-04-05 09:55:13'),
('96','orval.torp','glenda86@example.org','0','(763)641-0394','1','2d07450da821c7485a36721f6120591efece4a83','0','2009-10-10 20:58:32','1985-03-10 11:12:48'),
('97','yadira.koepp','creichel@example.org','0','544.771.6317x1732','1','962f69f92afe96798d8260f3dad460ca878aa45b','1','2017-03-01 14:08:55','1986-03-10 13:22:11'),
('98','lnolan','alan60@example.org','0','624-192-5245','0','e8261647ca25ff49c6701ef0b0dfcd803b1ec978','0','1992-03-19 04:18:17','1975-06-03 00:24:06'),
('99','graham.javonte','bgrant@example.org','1','1-643-716-3224','1','f01416903b629f5ccaba86acd2633651eafa920a','0','1993-11-27 11:37:24','1975-04-13 15:52:34'),
('100','jordon.swift','adell.ferry@example.com','1','910-428-1879x608','1','88a9321cc7d7d3b1e615a10a697091ac0193efb2','1','2019-07-06 02:51:45','1982-10-12 23:01:31'); 




/*!40101 SET SQL_MODE=@OLD_SQL_MODE */;
/*!40014 SET FOREIGN_KEY_CHECKS=@OLD_FOREIGN_KEY_CHECKS */;
/*!40014 SET UNIQUE_CHECKS=@OLD_UNIQUE_CHECKS */;
/*!40101 SET CHARACTER_SET_CLIENT=@OLD_CHARACTER_SET_CLIENT */;
/*!40101 SET CHARACTER_SET_RESULTS=@OLD_CHARACTER_SET_RESULTS */;
/*!40101 SET COLLATION_CONNECTION=@OLD_COLLATION_CONNECTION */;
/*!40111 SET SQL_NOTES=@OLD_SQL_NOTES */;

